path,area,is_hotpath_source
.gitignore,other,no
Makefile,top_level_build_or_harness,no
algorithm_variants/pvw_sab_direct_lane_extract.md,algorithm_variants,no
algorithm_variants/pvw_sab_full_pipeline.md,algorithm_variants,no
algorithm_variants/pvw_sab_h13_mat_body_design.md,algorithm_variants,no
algorithm_variants/pvw_sab_h14_secondary_cmux_materialization.md,algorithm_variants,no
algorithm_variants/pvw_sab_r4_unrolled_avx512.md,algorithm_variants,no
algorithm_variants/pvw_sab_r_gt4_lane_scaling.md,algorithm_variants,no
algorithm_variants/pvw_sab_rgt4_fused_mat_kernel.md,algorithm_variants,no
algorithm_variants/pvw_sab_rspecialized_avx512.md,algorithm_variants,no
algorithm_variants/pvw_sab_sparse_selector_shortcut.md,algorithm_variants,no
docs/baseline_build.md,docs,no
docs/conditional_backlog_audit.md,docs,no
docs/cost_model.md,docs,no
docs/external_evidence_intake_log.md,docs,no
docs/final_goal_completion_audit.md,docs,no
docs/final_goal_recheck_log.md,docs,no
docs/goal_sab_max_acceleration.md,docs,no
docs/loop_engineering.md,docs,no
docs/mat_external_product_breakdown.md,docs,no
docs/mat_to_bootstrap_goal_audit.md,docs,no
docs/profile_baseline.md,docs,no
docs/protocol_map.md,docs,no
docs/remaining_blocker_dashboard.md,docs,no
docs/roadmap_686_pvw_sab.md,docs,no
docs/roadmap_stage19_plus.md,docs,no
docs/roadmap_to_completion_after_stage58.md,docs,no
docs/sab_pvw_state_design.md,docs,no
docs/stage10_engineering_report.md,docs,no
docs/stage11_pvw_sab_loop_engineering.md,docs,no
docs/stage12_avx512_gate_and_v2_kernel_log.md,docs,no
docs/stage12_next_goal.md,docs,no
docs/stage13_postproc_profile_log.md,docs,no
docs/stage14_algorithm_to_paper_goal.md,docs,no
docs/stage14_body_profile_log.md,docs,no
docs/stage15_avx512_mat_expectation_log.md,docs,no
docs/stage16_full_sab_audit_log.md,docs,no
docs/stage16_plus_execution_plan.md,docs,no
docs/stage17_perf_attribution_log.md,docs,no
docs/stage18_cmux_profile_and_fusion_log.md,docs,no
docs/stage19_sparse_schedule_audit_log.md,docs,no
docs/stage20_active_buffer_log.md,docs,no
docs/stage21_suba_output_log.md,docs,no
docs/stage22_mat_avx512_limit_audit_log.md,docs,no
docs/stage23_schedule_fused_cmux_log.md,docs,no
docs/stage24_postproc_tail_log.md,docs,no
docs/stage25_correctness_noise_resource_log.md,docs,no
docs/stage26_parameter_branch_log.md,docs,no
docs/stage26_parameter_perf_noise_log.md,docs,no
docs/stage27_citation_gate_log.md,docs,no
docs/stage27_completion_readiness_audit.md,docs,no
docs/stage27_final_engineering_report.md,docs,no
docs/stage27_final_evidence_package.md,docs,no
docs/stage27_final_full_sab_performance_log.md,docs,no
docs/stage27_full_related_work_gate_log.md,docs,no
docs/stage27_novelty_paper_package_log.md,docs,no
docs/stage27_related_work_access_probe_log.md,docs,no
docs/stage27_related_work_refresh_log.md,docs,no
docs/stage28_native_perf_counter_gate_log.md,docs,no
docs/stage2_measurements.md,docs,no
docs/stage32_citation_refresh_log.md,docs,no
docs/stage33_current_smoke_log.md,docs,no
docs/stage34_current_smoke_recheck_log.md,docs,no
docs/stage35_completion_blocker_matrix.md,docs,no
docs/stage36_added_params_expansion_log.md,docs,no
docs/stage36_high_stat_expansion_log.md,docs,no
docs/stage36_target_noise_expansion_log.md,docs,no
docs/stage37_native_perf_counter_log.md,docs,no
docs/stage38_fulltext_review_log.md,docs,no
docs/stage39_variant_triage_log.md,docs,no
docs/stage3_pvw_kernel_plan.md,docs,no
docs/stage3_pvw_kernel_status.md,docs,no
docs/stage40_final_freeze_report.md,docs,no
docs/stage40_postfreeze_verify_log.md,docs,no
docs/stage41_external_unlock_packet.md,docs,no
docs/stage42_closure_verify_log.md,docs,no
docs/stage42_evidence_closure_audit.md,docs,no
docs/stage43_postclosure_current_smoke_log.md,docs,no
docs/stage44_external_unlock_reprobe_log.md,docs,no
docs/stage45_active_state_refactor_log.md,docs,no
docs/stage46_wsl_active_state_target_smoke_log.md,docs,no
docs/stage47_wsl_full_sab_smoke_log.md,docs,no
docs/stage48_wsl_noise_smoke_log.md,docs,no
docs/stage49_wsl_repeated_full_sab_log.md,docs,no
docs/stage4_pvw_cmux_ncmux_log.md,docs,no
docs/stage50_performance_evidence_matrix.md,docs,no
docs/stage51_goal_completion_frontier.md,docs,no
docs/stage52_external_unlock_readiness.md,docs,no
docs/stage53_final_recheck_integration_log.md,docs,no
docs/stage54_default_final_recheck_log.md,docs,no
docs/stage55_external_paper_probe_log.md,docs,no
docs/stage56_final_recheck_stage55_log.md,docs,no
docs/stage57_scope_label_audit.md,docs,no
docs/stage58_final_recheck_stage57_log.md,docs,no
docs/stage59_completion_route_readiness.md,docs,no
docs/stage5_pvw_bootstrap_wo_extract_log.md,docs,no
docs/stage5_pvw_extract_log.md,docs,no
docs/stage5_pvw_full_bootstrap_log.md,docs,no
docs/stage5_pvw_packing_hwks_log.md,docs,no
docs/stage5_pvw_rgsw_monomial_log.md,docs,no
docs/stage5_pvw_sparse_mul_log.md,docs,no
docs/stage60_final_recheck_stage59_log.md,docs,no
docs/stage61_native_perf_unlock_probe_log.md,docs,no
docs/stage62_fulltext_unlock_probe_log.md,docs,no
docs/stage64_post_variant_refresh_log.md,docs,no
docs/stage65_r4_unrolled_avx512_log.md,docs,no
docs/stage66_post_variant_final_recheck_log.md,docs,no
docs/stage67_final_recheck_stage66_log.md,docs,no
docs/stage68_frontier_closure_consistency_log.md,docs,no
docs/stage69_local_variant_feasibility_log.md,docs,no
docs/stage6_pvw_noise_log.md,docs,no
docs/stage70_external_unlock_preflight_log.md,docs,no
docs/stage71_final_recheck_stage70_log.md,docs,no
docs/stage72_external_source_refresh_log.md,docs,no
docs/stage73_final_recheck_stage72_log.md,docs,no
docs/stage74_r_scaling_boundary_log.md,docs,no
docs/stage75_rgt4_profile_boundary_log.md,docs,no
docs/stage76_rgt4_kernel_feasibility_log.md,docs,no
docs/stage77_rgt4_fused_mat_kernel_log.md,docs,no
docs/stage78_rgt4_fused_repeated_gates_log.md,docs,no
docs/stage79_rgt4_fused_high_stat_log.md,docs,no
docs/stage7_pvw_full_bench_log.md,docs,no
docs/stage80_promotion_policy_audit_log.md,docs,no
docs/stage81_next_variant_triage_log.md,docs,no
docs/stage82_post_h11_profile_log.md,docs,no
docs/stage83_mat_body_design_check_log.md,docs,no
docs/stage84_h13_r6_tile_sweep_preflight_log.md,docs,no
docs/stage86_secondary_cmux_materialization_log.md,docs,no
docs/stage87_h14_backend_from_dft_add_preflight_log.md,docs,no
docs/stage88_h14_backend_repeated_gates_log.md,docs,no
docs/stage89_h14_promotion_policy_integration_log.md,docs,no
docs/stage8_ablation_plan.md,docs,no
docs/stage8_clear_elision_log.md,docs,no
docs/stage8_gain_separation.md,docs,no
docs/stage90_external_claim_unlock_log.md,docs,no
docs/stage91_final_sab_optimization_package.md,docs,no
docs/stage92_external_unlock_execution_packet.md,docs,no
docs/stage93_external_lane_attempt_log.md,docs,no
docs/stage94_local_frontier_audit_log.md,docs,no
docs/stage95_public_source_reprobe_log.md,docs,no
docs/stage9_novelty_scan.md,docs,no
docs/stage9_stage_noise_probe.md,docs,no
docs/stage9_statistical_evidence.md,docs,no
experiments/external_evidence_intake_plan.md,experiments,no
experiments/final_goal_recheck_plan.md,experiments,no
experiments/stage11_experiment_validation_plan.md,experiments,no
experiments/stage12_experiment_validation_plan.md,experiments,no
experiments/stage13_postproc_validation_plan.md,experiments,no
experiments/stage14_body_profile_validation_plan.md,experiments,no
experiments/stage15_avx512_mat_validation_plan.md,experiments,no
experiments/stage16_full_sab_audit_plan.md,experiments,no
experiments/stage17_perf_attribution_plan.md,experiments,no
experiments/stage18_cmux_profile_plan.md,experiments,no
experiments/stage18_fused_from_dft_add_plan.md,experiments,no
experiments/stage19_sparse_schedule_audit_plan.md,experiments,no
experiments/stage20_active_buffer_validation_plan.md,experiments,no
experiments/stage21_suba_output_validation_plan.md,experiments,no
experiments/stage22_mat_avx512_limit_audit_plan.md,experiments,no
experiments/stage23_schedule_fused_cmux_plan.md,experiments,no
experiments/stage24_postproc_tail_plan.md,experiments,no
experiments/stage25_correctness_noise_resource_plan.md,experiments,no
experiments/stage26_parameter_branch_plan.md,experiments,no
experiments/stage26_parameter_perf_noise_plan.md,experiments,no
experiments/stage27_novelty_paper_package_plan.md,experiments,no
experiments/stage28_native_perf_counter_gate_plan.md,experiments,no
experiments/stage32_citation_refresh_plan.md,experiments,no
experiments/stage33_current_smoke_plan.md,experiments,no
experiments/stage34_current_smoke_recheck_plan.md,experiments,no
experiments/stage35_completion_blockers_plan.md,experiments,no
experiments/stage36_high_stat_expansion_plan.md,experiments,no
experiments/stage37_native_perf_counter_plan.md,experiments,no
experiments/stage38_fulltext_review_plan.md,experiments,no
experiments/stage39_optional_variant_triage_plan.md,experiments,no
experiments/stage40_final_freeze_plan.md,experiments,no
experiments/stage40_postfreeze_verify_plan.md,experiments,no
experiments/stage41_external_unlock_plan.md,experiments,no
experiments/stage42_closure_verify_plan.md,experiments,no
experiments/stage42_evidence_closure_audit_plan.md,experiments,no
experiments/stage43_postclosure_current_smoke_plan.md,experiments,no
experiments/stage44_external_unlock_reprobe_plan.md,experiments,no
experiments/stage65_r4_unrolled_avx512_plan.md,experiments,no
experiments/stage66_post_variant_final_recheck_plan.md,experiments,no
experiments/stage67_final_recheck_stage66_plan.md,experiments,no
experiments/stage68_frontier_closure_consistency_plan.md,experiments,no
experiments/stage69_local_variant_feasibility_plan.md,experiments,no
experiments/stage70_external_unlock_preflight_plan.md,experiments,no
experiments/stage71_final_recheck_stage70_plan.md,experiments,no
experiments/stage72_external_source_refresh_plan.md,experiments,no
experiments/stage73_final_recheck_stage72_plan.md,experiments,no
experiments/stage74_r_scaling_boundary_plan.md,experiments,no
experiments/stage75_rgt4_profile_boundary_plan.md,experiments,no
experiments/stage76_rgt4_kernel_feasibility_plan.md,experiments,no
experiments/stage77_rgt4_fused_mat_kernel_plan.md,experiments,no
experiments/stage78_rgt4_fused_repeated_gates_plan.md,experiments,no
experiments/stage79_rgt4_fused_high_stat_plan.md,experiments,no
experiments/stage80_promotion_policy_audit_plan.md,experiments,no
experiments/stage81_next_variant_triage_plan.md,experiments,no
experiments/stage82_post_h11_profile_plan.md,experiments,no
experiments/stage83_mat_body_design_check_plan.md,experiments,no
experiments/stage84_h13_r6_tile_sweep_preflight_plan.md,experiments,no
experiments/stage86_secondary_cmux_materialization_plan.md,experiments,no
experiments/stage87_h14_backend_from_dft_add_preflight_plan.md,experiments,no
experiments/stage88_h14_backend_repeated_gates_plan.md,experiments,no
experiments/stage89_h14_promotion_policy_integration_plan.md,experiments,no
experiments/stage90_external_claim_unlock_plan.md,experiments,no
experiments/stage91_final_package_plan.md,experiments,no
experiments/stage92_external_unlock_execution_plan.md,experiments,no
experiments/stage93_external_lane_attempt_plan.md,experiments,no
experiments/stage94_local_frontier_audit_plan.md,experiments,no
experiments/stage95_public_source_reprobe_plan.md,experiments,no
hypotheses/hypothesis_register.yaml,hypotheses,no
include/benchmark_util.h,source_or_backend,yes
include/sab.h,source_or_backend,yes
include/sab_b.h,source_or_backend,yes
include/sab_profile.h,source_or_backend,yes
include/sab_pvw.h,pvw_mat_sab_source,yes
main.c,top_level_build_or_harness,yes
repro/artifact_manifest.md,repro,no
repro/baseline_registry.yaml,repro,no
repro/conditional_backlog_audit.csv,repro,no
repro/environment.md,repro,no
repro/external_evidence_intake/summary.csv,repro,no
repro/final_goal_completion_audit.csv,repro,no
repro/final_goal_recheck/conditional_backlog_audit.log,repro,no
repro/final_goal_recheck/external_evidence_intake.log,repro,no
repro/final_goal_recheck/final_goal_audit.log,repro,no
repro/final_goal_recheck/remaining_blocker_dashboard.log,repro,no
repro/final_goal_recheck/stage27_citation_probe.log,repro,no
repro/final_goal_recheck/stage27_final_package.log,repro,no
repro/final_goal_recheck/stage27_related_work_access_probe.log,repro,no
repro/final_goal_recheck/stage28_perf_gate.log,repro,no
repro/final_goal_recheck/stage33_current_smoke.log,repro,no
repro/final_goal_recheck/stage40_postfreeze_verify.log,repro,no
repro/final_goal_recheck/stage42_evidence_closure.log,repro,no
repro/final_goal_recheck/stage70_external_unlock_preflight.log,repro,no
repro/final_goal_recheck/summary.csv,repro,no
repro/final_goal_recheck_postfreeze/stage40_postfreeze_verify.log,repro,no
repro/final_goal_recheck_postfreeze/summary.csv,repro,no
repro/final_goal_recheck_stage42_closure/stage42_evidence_closure.log,repro,no
repro/final_goal_recheck_stage42_closure/summary.csv,repro,no
repro/final_goal_recheck_stage44_reprobe/final_goal_audit.log,repro,no
repro/final_goal_recheck_stage44_reprobe/stage42_evidence_closure.log,repro,no
repro/final_goal_recheck_stage44_reprobe/stage44_external_reprobe.log,repro,no
repro/final_goal_recheck_stage44_reprobe/summary.csv,repro,no
repro/remaining_blocker_dashboard.csv,repro,no
repro/reproduction_checklist.md,repro,no
repro/run_log.csv,repro,no
repro/stage10_claim_evidence_matrix.csv,repro,no
repro/stage11_avx512_rspecialized_kernel/main.log,repro,no
repro/stage11_avx512_rspecialized_r2_reps2_runs3/run_0.log,repro,no
repro/stage11_avx512_rspecialized_r2_reps2_runs3/run_1.log,repro,no
repro/stage11_avx512_rspecialized_r2_reps2_runs3/run_2.log,repro,no
repro/stage11_avx512_rspecialized_r2_reps2_runs3/summary.csv,repro,no
repro/stage11_avx512_rspecialized_r4_reps2_runs3/run_0.log,repro,no
repro/stage11_avx512_rspecialized_r4_reps2_runs3/run_1.log,repro,no
repro/stage11_avx512_rspecialized_r4_reps2_runs3/summary.csv,repro,no
repro/stage11_avx512_rspecialized_summary.csv,repro,no
repro/stage11_avx512_smallr_explicit_kernel_fail/main.log,repro,no
repro/stage11_avx512_smallr_replay_r2_reps1_runs1/run_0.log,repro,no
repro/stage11_avx512_smallr_replay_r2_reps1_runs1/summary.csv,repro,no
repro/stage11_avx512_smallr_replay_r4_reps1_runs1/run_0.log,repro,no
repro/stage11_avx512_smallr_replay_r4_reps1_runs1/summary.csv,repro,no
repro/stage11_avx512_smallr_replay_target_r2/main.log,repro,no
repro/stage12_avx512_default_kernel_check/main.log,repro,no
repro/stage12_avx512_default_kernel_fixed/main.log,repro,no
repro/stage12_avx512_default_kernel_progress/main.log,repro,no
repro/stage12_avx512_default_sparse_progress/main.log,repro,no
repro/stage12_avx512_default_target_full/main.log,repro,no
repro/stage12_avx512_smallr_kernel_fixed/main.log,repro,no
repro/stage12_avx512_smallr_v2_bench_r2_reps1_runs1/run_0.log,repro,no
repro/stage12_avx512_smallr_v2_bench_r2_reps1_runs1/summary.csv,repro,no
repro/stage12_avx512_smallr_v2_bench_r4_reps1_runs1/run_0.log,repro,no
repro/stage12_avx512_smallr_v2_bench_r4_reps1_runs1/summary.csv,repro,no
repro/stage12_avx512_smallr_v2_kernel/main.log,repro,no
repro/stage12_avx512_smallr_v2_target_full/main.log,repro,no
repro/stage12_avx512_v2_summary.csv,repro,no
repro/stage12_spqlios_kernel_regression/main.log,repro,no
repro/stage13_direct_extract_bench_r2_reps1_runs1/run_0.log,repro,no
repro/stage13_direct_extract_bench_r2_reps1_runs1/summary.csv,repro,no
repro/stage13_direct_extract_bench_r4_reps1_runs1/run_0.log,repro,no
repro/stage13_direct_extract_bench_r4_reps1_runs1/summary.csv,repro,no
repro/stage13_kernel_spqlios_direct_extract.log,repro,no
repro/stage13_kernel_spqlios_direct_extract_fixed.log,repro,no
repro/stage13_postproc_profile_r2_reps1_runs1/bench_summary.csv,repro,no
repro/stage13_postproc_profile_r2_reps1_runs1/postproc_profile.csv,repro,no
repro/stage13_postproc_profile_r2_reps1_runs1/run_0.log,repro,no
repro/stage13_postproc_profile_r4_reps1_runs1/bench_summary.csv,repro,no
repro/stage13_postproc_profile_r4_reps1_runs1/postproc_profile.csv,repro,no
repro/stage13_postproc_profile_r4_reps1_runs1/run_0.log,repro,no
repro/stage13_postproc_summary.csv,repro,no
repro/stage13_target_full_spqlios_direct_extract.log,repro,no
repro/stage14_body_profile_r2_reps1_runs1/bench_summary.csv,repro,no
repro/stage14_body_profile_r2_reps1_runs1/body_profile.csv,repro,no
repro/stage14_body_profile_r2_reps1_runs1/run_0.log,repro,no
repro/stage14_body_profile_r4_reps1_runs1/bench_summary.csv,repro,no
repro/stage14_body_profile_r4_reps1_runs1/body_profile.csv,repro,no
repro/stage14_body_profile_r4_reps1_runs1/run_0.log,repro,no
repro/stage14_body_profile_summary.csv,repro,no
repro/stage14_spqlios_kernel_regression.log,repro,no
repro/stage15_avx512_mat_baseline_kernel.log,repro,no
repro/stage15_avx512_mat_full_sab_r2_reps1_runs1/run_0.log,repro,no
repro/stage15_avx512_mat_full_sab_r2_reps1_runs1/summary.csv,repro,no
repro/stage15_avx512_mat_full_sab_r4_reps1_runs1/run_0.log,repro,no
repro/stage15_avx512_mat_full_sab_r4_reps1_runs1/summary.csv,repro,no
repro/stage15_avx512_mat_gate_runs3/ep_breakdown.csv,repro,no
repro/stage15_avx512_mat_gate_runs3/mat_full_vs_scalar.csv,repro,no
repro/stage15_avx512_mat_gate_runs3/mat_vs_scalar.csv,repro,no
repro/stage15_avx512_mat_gate_runs3/run_0.log,repro,no
repro/stage15_avx512_mat_gate_runs3/run_1.log,repro,no
repro/stage15_avx512_mat_gate_runs3/run_2.log,repro,no
repro/stage15_avx512_mat_instruction_snippet.txt,repro,no
repro/stage15_avx512_mat_summary.csv,repro,no
repro/stage15_avx512_mat_target_full.log,repro,no
repro/stage15_avx512_mat_v3_kernel.log,repro,no
repro/stage15_avx512_mat_v3_kernel_runs3/run_0.log,repro,no
repro/stage15_avx512_mat_v3_kernel_runs3/run_1.log,repro,no
repro/stage15_avx512_mat_v3_kernel_runs3/run_2.log,repro,no
repro/stage16_avx512_full_sab_audit_runs3_reps1/r2/run_0.log,repro,no
repro/stage16_avx512_full_sab_audit_runs3_reps1/r2/run_1.log,repro,no
repro/stage16_avx512_full_sab_audit_runs3_reps1/r2/run_2.log,repro,no
repro/stage16_avx512_full_sab_audit_runs3_reps1/r2/summary.csv,repro,no
repro/stage16_avx512_full_sab_audit_runs3_reps1/r4/run_0.log,repro,no
repro/stage16_avx512_full_sab_audit_runs3_reps1/r4/run_1.log,repro,no
repro/stage16_avx512_full_sab_audit_runs3_reps1/r4/run_2.log,repro,no
repro/stage16_avx512_full_sab_audit_runs3_reps1/r4/summary.csv,repro,no
repro/stage16_avx512_full_sab_audit_runs3_reps1/summary.csv,repro,no
repro/stage17_perf_attribution_r2/r2/mattrgsw_instruction_snippet.txt,repro,no
repro/stage17_perf_attribution_r2/r2/perf.log,repro,no
repro/stage17_perf_attribution_r2/r2/run.log,repro,no
repro/stage17_perf_attribution_r2/r2/time.log,repro,no
repro/stage17_perf_attribution_r2/summary.csv,repro,no
repro/stage17_perf_attribution_r4/r4/mattrgsw_instruction_snippet.txt,repro,no
repro/stage17_perf_attribution_r4/r4/perf.log,repro,no
repro/stage17_perf_attribution_r4/r4/run.log,repro,no
repro/stage17_perf_attribution_r4/r4/time.log,repro,no
repro/stage17_perf_attribution_r4/summary.csv,repro,no
repro/stage18_cmux_profile_avx512_r2_runs1/r2/run_0.log,repro,no
repro/stage18_cmux_profile_avx512_r2_runs1/summary.csv,repro,no
repro/stage18_cmux_profile_avx512_r4_runs1/r4/run_0.log,repro,no
repro/stage18_cmux_profile_avx512_r4_runs1/summary.csv,repro,no
repro/stage18_default_avx512_target_full_regression.log,repro,no
repro/stage18_fused_from_dft_add_kernel.log,repro,no
repro/stage18_fused_from_dft_add_r2_reps1_runs1/run_0.log,repro,no
repro/stage18_fused_from_dft_add_r2_reps1_runs1/summary.csv,repro,no
repro/stage18_fused_from_dft_add_r4_reps1_runs1/run_0.log,repro,no
repro/stage18_fused_from_dft_add_r4_reps1_runs1/summary.csv,repro,no
repro/stage18_fused_from_dft_add_r4_runs3_reps1/r4/run_0.log,repro,no
repro/stage18_fused_from_dft_add_r4_runs3_reps1/r4/run_1.log,repro,no
repro/stage18_fused_from_dft_add_r4_runs3_reps1/r4/run_2.log,repro,no
repro/stage18_fused_from_dft_add_r4_runs3_reps1/r4/summary.csv,repro,no
repro/stage18_fused_from_dft_add_r4_runs3_reps1/summary.csv,repro,no
repro/stage18_fused_from_dft_add_target_full.log,repro,no
repro/stage19_sparse_schedule_avx512_runs1/bit_counts.csv,repro,no
repro/stage19_sparse_schedule_avx512_runs1/r2/run_0.log,repro,no
repro/stage19_sparse_schedule_avx512_runs1/r4/run_0.log,repro,no
repro/stage19_sparse_schedule_avx512_runs1/summary.csv,repro,no
repro/stage20_active_buffer_bench_r2_reps1_runs3/run_0.log,repro,no
repro/stage20_active_buffer_bench_r2_reps1_runs3/run_1.log,repro,no
repro/stage20_active_buffer_bench_r2_reps1_runs3/run_2.log,repro,no
repro/stage20_active_buffer_bench_r2_reps1_runs3/summary.csv,repro,no
repro/stage20_active_buffer_bench_r4_reps1_runs3/run_0.log,repro,no
repro/stage20_active_buffer_bench_r4_reps1_runs3/run_1.log,repro,no
repro/stage20_active_buffer_bench_r4_reps1_runs3/run_2.log,repro,no
repro/stage20_active_buffer_bench_r4_reps1_runs3/summary.csv,repro,no
repro/stage20_active_buffer_profile_avx512_runs1/r2/run_0.log,repro,no
repro/stage20_active_buffer_profile_avx512_runs1/r4/run_0.log,repro,no
repro/stage20_active_buffer_profile_avx512_runs1/summary.csv,repro,no
repro/stage20_active_buffer_summary.csv,repro,no
repro/stage20_active_buffer_target_full.log,repro,no
repro/stage20_default_target_regression.log,repro,no
repro/stage21_default_target_regression.log,repro,no
repro/stage21_suba_output_bench_r2_reps1_runs1_seq/run_0.log,repro,no
repro/stage21_suba_output_bench_r2_reps1_runs1_seq/summary.csv,repro,no
repro/stage21_suba_output_bench_r4_reps1_runs1_seq/run_0.log,repro,no
repro/stage21_suba_output_bench_r4_reps1_runs1_seq/summary.csv,repro,no
repro/stage21_suba_output_profile_avx512_runs1/r2/run_0.log,repro,no
repro/stage21_suba_output_profile_avx512_runs1/r4/run_0.log,repro,no
repro/stage21_suba_output_profile_avx512_runs1/summary.csv,repro,no
repro/stage21_suba_output_summary.csv,repro,no
repro/stage21_suba_output_target_full.log,repro,no
repro/stage22_mat_avx512_full_r4_runs3/ep_breakdown.csv,repro,no
repro/stage22_mat_avx512_full_r4_runs3/full_sab_smoke.csv,repro,no
repro/stage22_mat_avx512_full_r4_runs3/generic/full_r4/run_0.log,repro,no
repro/stage22_mat_avx512_full_r4_runs3/generic/full_r4/run_1.log,repro,no
repro/stage22_mat_avx512_full_r4_runs3/generic/full_r4/run_2.log,repro,no
repro/stage22_mat_avx512_full_r4_runs3/generic/kernel_run_0.log,repro,no
repro/stage22_mat_avx512_full_r4_runs3/generic/objdump_mattrgsw_polynomial.txt,repro,no
repro/stage22_mat_avx512_full_r4_runs3/instruction_counts.csv,repro,no
repro/stage22_mat_avx512_full_r4_runs3/kernel_microbench.csv,repro,no
repro/stage22_mat_avx512_full_r4_runs3/specialized/full_r4/run_0.log,repro,no
repro/stage22_mat_avx512_full_r4_runs3/specialized/full_r4/run_1.log,repro,no
repro/stage22_mat_avx512_full_r4_runs3/specialized/full_r4/run_2.log,repro,no
repro/stage22_mat_avx512_full_r4_runs3/specialized/kernel_run_0.log,repro,no
repro/stage22_mat_avx512_full_r4_runs3/specialized/objdump_mattrgsw_polynomial.txt,repro,no
repro/stage22_mat_avx512_limit_audit_runs1_full1/ep_breakdown.csv,repro,no
repro/stage22_mat_avx512_limit_audit_runs1_full1/full_sab_smoke.csv,repro,no
repro/stage22_mat_avx512_limit_audit_runs1_full1/generic/full_r2/run_0.log,repro,no
repro/stage22_mat_avx512_limit_audit_runs1_full1/generic/full_r4/run_0.log,repro,no
repro/stage22_mat_avx512_limit_audit_runs1_full1/generic/kernel_run_0.log,repro,no
repro/stage22_mat_avx512_limit_audit_runs1_full1/generic/objdump_mattrgsw_polynomial.txt,repro,no
repro/stage22_mat_avx512_limit_audit_runs1_full1/instruction_counts.csv,repro,no
repro/stage22_mat_avx512_limit_audit_runs1_full1/kernel_microbench.csv,repro,no
repro/stage22_mat_avx512_limit_audit_runs1_full1/specialized/full_r2/run_0.log,repro,no
repro/stage22_mat_avx512_limit_audit_runs1_full1/specialized/full_r4/run_0.log,repro,no
repro/stage22_mat_avx512_limit_audit_runs1_full1/specialized/kernel_run_0.log,repro,no
repro/stage22_mat_avx512_limit_audit_runs1_full1/specialized/objdump_mattrgsw_polynomial.txt,repro,no
repro/stage22_mat_avx512_summary.csv,repro,no
repro/stage23_default_target_regression.log,repro,no
repro/stage23_schedule_fused_bench_r2_reps1_runs3/summary.csv,repro,no
repro/stage23_schedule_fused_bench_r2_reps1_runs3_seq/run_0.log,repro,no
repro/stage23_schedule_fused_bench_r2_reps1_runs3_seq/run_1.log,repro,no
repro/stage23_schedule_fused_bench_r2_reps1_runs3_seq/run_2.log,repro,no
repro/stage23_schedule_fused_bench_r2_reps1_runs3_seq/summary.csv,repro,no
repro/stage23_schedule_fused_bench_r4_reps1_runs3/summary.csv,repro,no
repro/stage23_schedule_fused_bench_r4_reps1_runs3_seq/run_0.log,repro,no
repro/stage23_schedule_fused_bench_r4_reps1_runs3_seq/run_1.log,repro,no
repro/stage23_schedule_fused_bench_r4_reps1_runs3_seq/run_2.log,repro,no
repro/stage23_schedule_fused_bench_r4_reps1_runs3_seq/summary.csv,repro,no
repro/stage23_schedule_fused_profile_avx512_runs1/r2/run_0.log,repro,no
repro/stage23_schedule_fused_profile_avx512_runs1/r4/run_0.log,repro,no
repro/stage23_schedule_fused_profile_avx512_runs1/summary.csv,repro,no
repro/stage23_schedule_fused_summary.csv,repro,no
repro/stage23_schedule_fused_target_full.log,repro,no
repro/stage24_postproc_tail_avx512_runs1/postproc_samples.csv,repro,no
repro/stage24_postproc_tail_avx512_runs1/r2/run_0.log,repro,no
repro/stage24_postproc_tail_avx512_runs1/r4/run_0.log,repro,no
repro/stage24_postproc_tail_avx512_runs1/summary.csv,repro,no
repro/stage25_final_noise_avx512_r2_r4_seeds50/aggregate.csv,repro,no
repro/stage25_final_noise_avx512_r2_r4_seeds50/r2/seed_6862025.log,repro,no
repro/stage25_final_noise_avx512_r2_r4_seeds50/r2/seed_6862026.log,repro,no
repro/stage25_final_noise_avx512_r2_r4_seeds50/r2/seed_6862027.log,repro,no
repro/stage25_final_noise_avx512_r2_r4_seeds50/r2/seed_6862028.log,repro,no
repro/stage25_final_noise_avx512_r2_r4_seeds50/r2/seed_6862029.log,repro,no
repro/stage25_final_noise_avx512_r2_r4_seeds50/r2/seed_6862030.log,repro,no
repro/stage25_final_noise_avx512_r2_r4_seeds50/r2/seed_6862031.log,repro,no
repro/stage25_final_noise_avx512_r2_r4_seeds50/r2/seed_6862032.log,repro,no
repro/stage25_final_noise_avx512_r2_r4_seeds50/r2/seed_6862033.log,repro,no
repro/stage25_final_noise_avx512_r2_r4_seeds50/r2/seed_6862034.log,repro,no
repro/stage25_final_noise_avx512_r2_r4_seeds50/r2/seed_6862035.log,repro,no
repro/stage25_final_noise_avx512_r2_r4_seeds50/r2/seed_6862036.log,repro,no
repro/stage25_final_noise_avx512_r2_r4_seeds50/r2/seed_6862037.log,repro,no
repro/stage25_final_noise_avx512_r2_r4_seeds50/r2/seed_6862038.log,repro,no
repro/stage25_final_noise_avx512_r2_r4_seeds50/r2/seed_6862039.log,repro,no
repro/stage25_final_noise_avx512_r2_r4_seeds50/r2/seed_6862040.log,repro,no
repro/stage25_final_noise_avx512_r2_r4_seeds50/r2/seed_6862041.log,repro,no
repro/stage25_final_noise_avx512_r2_r4_seeds50/r2/seed_6862042.log,repro,no
repro/stage25_final_noise_avx512_r2_r4_seeds50/r2/seed_6862043.log,repro,no
repro/stage25_final_noise_avx512_r2_r4_seeds50/r2/seed_6862044.log,repro,no
repro/stage25_final_noise_avx512_r2_r4_seeds50/r2/seed_6862045.log,repro,no
repro/stage25_final_noise_avx512_r2_r4_seeds50/r2/seed_6862046.log,repro,no
repro/stage25_final_noise_avx512_r2_r4_seeds50/r2/seed_6862047.log,repro,no
repro/stage25_final_noise_avx512_r2_r4_seeds50/r2/seed_6862048.log,repro,no
repro/stage25_final_noise_avx512_r2_r4_seeds50/r2/seed_6862049.log,repro,no
repro/stage25_final_noise_avx512_r2_r4_seeds50/r2/seed_6862050.log,repro,no
repro/stage25_final_noise_avx512_r2_r4_seeds50/r2/seed_6862051.log,repro,no
repro/stage25_final_noise_avx512_r2_r4_seeds50/r2/seed_6862052.log,repro,no
repro/stage25_final_noise_avx512_r2_r4_seeds50/r2/seed_6862053.log,repro,no
repro/stage25_final_noise_avx512_r2_r4_seeds50/r2/seed_6862054.log,repro,no
repro/stage25_final_noise_avx512_r2_r4_seeds50/r2/seed_6862055.log,repro,no
repro/stage25_final_noise_avx512_r2_r4_seeds50/r2/seed_6862056.log,repro,no
repro/stage25_final_noise_avx512_r2_r4_seeds50/r2/seed_6862057.log,repro,no
repro/stage25_final_noise_avx512_r2_r4_seeds50/r2/seed_6862058.log,repro,no
repro/stage25_final_noise_avx512_r2_r4_seeds50/r2/seed_6862059.log,repro,no
repro/stage25_final_noise_avx512_r2_r4_seeds50/r2/seed_6862060.log,repro,no
repro/stage25_final_noise_avx512_r2_r4_seeds50/r2/seed_6862061.log,repro,no
repro/stage25_final_noise_avx512_r2_r4_seeds50/r2/seed_6862062.log,repro,no
repro/stage25_final_noise_avx512_r2_r4_seeds50/r2/seed_6862063.log,repro,no
repro/stage25_final_noise_avx512_r2_r4_seeds50/r2/seed_6862064.log,repro,no
repro/stage25_final_noise_avx512_r2_r4_seeds50/r2/seed_6862065.log,repro,no
repro/stage25_final_noise_avx512_r2_r4_seeds50/r2/seed_6862066.log,repro,no
repro/stage25_final_noise_avx512_r2_r4_seeds50/r2/seed_6862067.log,repro,no
repro/stage25_final_noise_avx512_r2_r4_seeds50/r2/seed_6862068.log,repro,no
repro/stage25_final_noise_avx512_r2_r4_seeds50/r2/seed_6862069.log,repro,no
repro/stage25_final_noise_avx512_r2_r4_seeds50/r2/seed_6862070.log,repro,no
repro/stage25_final_noise_avx512_r2_r4_seeds50/r2/seed_6862071.log,repro,no
repro/stage25_final_noise_avx512_r2_r4_seeds50/r2/seed_6862072.log,repro,no
repro/stage25_final_noise_avx512_r2_r4_seeds50/r2/seed_6862073.log,repro,no
repro/stage25_final_noise_avx512_r2_r4_seeds50/r2/seed_6862074.log,repro,no
repro/stage25_final_noise_avx512_r2_r4_seeds50/r4/seed_6862025.log,repro,no
repro/stage25_final_noise_avx512_r2_r4_seeds50/r4/seed_6862026.log,repro,no
repro/stage25_final_noise_avx512_r2_r4_seeds50/r4/seed_6862027.log,repro,no
repro/stage25_final_noise_avx512_r2_r4_seeds50/r4/seed_6862028.log,repro,no
repro/stage25_final_noise_avx512_r2_r4_seeds50/r4/seed_6862029.log,repro,no
repro/stage25_final_noise_avx512_r2_r4_seeds50/r4/seed_6862030.log,repro,no
repro/stage25_final_noise_avx512_r2_r4_seeds50/r4/seed_6862031.log,repro,no
repro/stage25_final_noise_avx512_r2_r4_seeds50/r4/seed_6862032.log,repro,no
repro/stage25_final_noise_avx512_r2_r4_seeds50/r4/seed_6862033.log,repro,no
repro/stage25_final_noise_avx512_r2_r4_seeds50/r4/seed_6862034.log,repro,no
repro/stage25_final_noise_avx512_r2_r4_seeds50/r4/seed_6862035.log,repro,no
repro/stage25_final_noise_avx512_r2_r4_seeds50/r4/seed_6862036.log,repro,no
repro/stage25_final_noise_avx512_r2_r4_seeds50/r4/seed_6862037.log,repro,no
repro/stage25_final_noise_avx512_r2_r4_seeds50/r4/seed_6862038.log,repro,no
repro/stage25_final_noise_avx512_r2_r4_seeds50/r4/seed_6862039.log,repro,no
repro/stage25_final_noise_avx512_r2_r4_seeds50/r4/seed_6862040.log,repro,no
repro/stage25_final_noise_avx512_r2_r4_seeds50/r4/seed_6862041.log,repro,no
repro/stage25_final_noise_avx512_r2_r4_seeds50/r4/seed_6862042.log,repro,no
repro/stage25_final_noise_avx512_r2_r4_seeds50/r4/seed_6862043.log,repro,no
repro/stage25_final_noise_avx512_r2_r4_seeds50/r4/seed_6862044.log,repro,no
repro/stage25_final_noise_avx512_r2_r4_seeds50/r4/seed_6862045.log,repro,no
repro/stage25_final_noise_avx512_r2_r4_seeds50/r4/seed_6862046.log,repro,no
repro/stage25_final_noise_avx512_r2_r4_seeds50/r4/seed_6862047.log,repro,no
repro/stage25_final_noise_avx512_r2_r4_seeds50/r4/seed_6862048.log,repro,no
repro/stage25_final_noise_avx512_r2_r4_seeds50/r4/seed_6862049.log,repro,no
repro/stage25_final_noise_avx512_r2_r4_seeds50/r4/seed_6862050.log,repro,no
repro/stage25_final_noise_avx512_r2_r4_seeds50/r4/seed_6862051.log,repro,no
repro/stage25_final_noise_avx512_r2_r4_seeds50/r4/seed_6862052.log,repro,no
repro/stage25_final_noise_avx512_r2_r4_seeds50/r4/seed_6862053.log,repro,no
repro/stage25_final_noise_avx512_r2_r4_seeds50/r4/seed_6862054.log,repro,no
repro/stage25_final_noise_avx512_r2_r4_seeds50/r4/seed_6862055.log,repro,no
repro/stage25_final_noise_avx512_r2_r4_seeds50/r4/seed_6862056.log,repro,no
repro/stage25_final_noise_avx512_r2_r4_seeds50/r4/seed_6862057.log,repro,no
repro/stage25_final_noise_avx512_r2_r4_seeds50/r4/seed_6862058.log,repro,no
repro/stage25_final_noise_avx512_r2_r4_seeds50/r4/seed_6862059.log,repro,no
repro/stage25_final_noise_avx512_r2_r4_seeds50/r4/seed_6862060.log,repro,no
repro/stage25_final_noise_avx512_r2_r4_seeds50/r4/seed_6862061.log,repro,no
repro/stage25_final_noise_avx512_r2_r4_seeds50/r4/seed_6862062.log,repro,no
repro/stage25_final_noise_avx512_r2_r4_seeds50/r4/seed_6862063.log,repro,no
repro/stage25_final_noise_avx512_r2_r4_seeds50/r4/seed_6862064.log,repro,no
repro/stage25_final_noise_avx512_r2_r4_seeds50/r4/seed_6862065.log,repro,no
repro/stage25_final_noise_avx512_r2_r4_seeds50/r4/seed_6862066.log,repro,no
repro/stage25_final_noise_avx512_r2_r4_seeds50/r4/seed_6862067.log,repro,no
repro/stage25_final_noise_avx512_r2_r4_seeds50/r4/seed_6862068.log,repro,no
repro/stage25_final_noise_avx512_r2_r4_seeds50/r4/seed_6862069.log,repro,no
repro/stage25_final_noise_avx512_r2_r4_seeds50/r4/seed_6862070.log,repro,no
repro/stage25_final_noise_avx512_r2_r4_seeds50/r4/seed_6862071.log,repro,no
repro/stage25_final_noise_avx512_r2_r4_seeds50/r4/seed_6862072.log,repro,no
repro/stage25_final_noise_avx512_r2_r4_seeds50/r4/seed_6862073.log,repro,no
repro/stage25_final_noise_avx512_r2_r4_seeds50/r4/seed_6862074.log,repro,no
repro/stage25_final_noise_avx512_r2_r4_seeds50/summary.csv,repro,no
repro/stage25_final_noise_avx512_seeds1/aggregate.csv,repro,no
repro/stage25_final_noise_avx512_seeds1/r1/seed_6862025.log,repro,no
repro/stage25_final_noise_avx512_seeds1/r2/seed_6862025.log,repro,no
repro/stage25_final_noise_avx512_seeds1/r4/seed_6862025.log,repro,no
repro/stage25_final_noise_avx512_seeds1/summary.csv,repro,no
repro/stage25_resource_avx512/r1/pvw.log,repro,no
repro/stage25_resource_avx512/r1/pvw.time.log,repro,no
repro/stage25_resource_avx512/r1/scalar.log,repro,no
repro/stage25_resource_avx512/r1/scalar.time.log,repro,no
repro/stage25_resource_avx512/r2/pvw.log,repro,no
repro/stage25_resource_avx512/r2/pvw.time.log,repro,no
repro/stage25_resource_avx512/r2/scalar.log,repro,no
repro/stage25_resource_avx512/r2/scalar.time.log,repro,no
repro/stage25_resource_avx512/r4/pvw.log,repro,no
repro/stage25_resource_avx512/r4/pvw.time.log,repro,no
repro/stage25_resource_avx512/r4/scalar.log,repro,no
repro/stage25_resource_avx512/r4/scalar.time.log,repro,no
repro/stage25_resource_avx512/summary.csv,repro,no
repro/stage25_stage_noise_avx512_trials1/r1/seed_6862025.log,repro,no
repro/stage25_stage_noise_avx512_trials1/r2/seed_6862025.log,repro,no
repro/stage25_stage_noise_avx512_trials1/r4/seed_6862025.log,repro,no
repro/stage25_stage_noise_avx512_trials1/summary.csv,repro,no
repro/stage26_parameter_branch_smoke_avx512/binary_SET_2_3_2048/build.log,repro,no
repro/stage26_parameter_branch_smoke_avx512/binary_SET_2_3_2048/run.log,repro,no
repro/stage26_parameter_branch_smoke_avx512/binary_SET_2_3_4096/build.log,repro,no
repro/stage26_parameter_branch_smoke_avx512/binary_SET_2_3_4096/run.log,repro,no
repro/stage26_parameter_branch_smoke_avx512/binary_SET_4_5_2048/build.log,repro,no
repro/stage26_parameter_branch_smoke_avx512/binary_SET_4_5_2048/run.log,repro,no
repro/stage26_parameter_branch_smoke_avx512/branch_summary.csv,repro,no
repro/stage26_parameter_branch_smoke_avx512/parameter_summary.csv,repro,no
repro/stage26_parameter_branch_smoke_avx512/unsupported_TERNARY_SET_2_3_2048/pvw_build.log,repro,no
repro/stage26_parameter_branch_smoke_avx512/unsupported_TERNARY_SET_2_3_2048/scalar_build.log,repro,no
repro/stage26_parameter_perf_noise_avx512_added_binary_r2_r4_runs5_seeds5/noise_SET_2_3_4096_r2_seeds5/aggregate.csv,repro,no
repro/stage26_parameter_perf_noise_avx512_added_binary_r2_r4_runs5_seeds5/noise_SET_2_3_4096_r2_seeds5/summary.csv,repro,no
repro/stage26_parameter_perf_noise_avx512_added_binary_r2_r4_runs5_seeds5/noise_SET_2_3_4096_r4_seeds5/aggregate.csv,repro,no
repro/stage26_parameter_perf_noise_avx512_added_binary_r2_r4_runs5_seeds5/noise_SET_2_3_4096_r4_seeds5/summary.csv,repro,no
repro/stage26_parameter_perf_noise_avx512_added_binary_r2_r4_runs5_seeds5/noise_SET_4_5_2048_r2_seeds5/aggregate.csv,repro,no
repro/stage26_parameter_perf_noise_avx512_added_binary_r2_r4_runs5_seeds5/noise_SET_4_5_2048_r2_seeds5/summary.csv,repro,no
repro/stage26_parameter_perf_noise_avx512_added_binary_r2_r4_runs5_seeds5/noise_SET_4_5_2048_r4_seeds5/aggregate.csv,repro,no
repro/stage26_parameter_perf_noise_avx512_added_binary_r2_r4_runs5_seeds5/noise_SET_4_5_2048_r4_seeds5/summary.csv,repro,no
repro/stage26_parameter_perf_noise_avx512_added_binary_r2_r4_runs5_seeds5/noise_summary.csv,repro,no
repro/stage26_parameter_perf_noise_avx512_added_binary_r2_r4_runs5_seeds5/perf_SET_2_3_4096_r2_runs5/summary.csv,repro,no
repro/stage26_parameter_perf_noise_avx512_added_binary_r2_r4_runs5_seeds5/perf_SET_2_3_4096_r4_runs5/summary.csv,repro,no
repro/stage26_parameter_perf_noise_avx512_added_binary_r2_r4_runs5_seeds5/perf_SET_4_5_2048_r2_runs5/summary.csv,repro,no
repro/stage26_parameter_perf_noise_avx512_added_binary_r2_r4_runs5_seeds5/perf_SET_4_5_2048_r4_runs5/summary.csv,repro,no
repro/stage26_parameter_perf_noise_avx512_added_binary_r2_r4_runs5_seeds5/performance_stats.csv,repro,no
repro/stage26_parameter_perf_noise_avx512_added_binary_r2_r4_runs5_seeds5/performance_summary.csv,repro,no
repro/stage26_parameter_perf_noise_avx512_added_r2_runs3_seeds3/noise_SET_2_3_4096_r2_seeds3/aggregate.csv,repro,no
repro/stage26_parameter_perf_noise_avx512_added_r2_runs3_seeds3/noise_SET_2_3_4096_r2_seeds3/summary.csv,repro,no
repro/stage26_parameter_perf_noise_avx512_added_r2_runs3_seeds3/noise_SET_4_5_2048_r2_seeds3/aggregate.csv,repro,no
repro/stage26_parameter_perf_noise_avx512_added_r2_runs3_seeds3/noise_SET_4_5_2048_r2_seeds3/summary.csv,repro,no
repro/stage26_parameter_perf_noise_avx512_added_r2_runs3_seeds3/noise_summary.csv,repro,no
repro/stage26_parameter_perf_noise_avx512_added_r2_runs3_seeds3/perf_SET_2_3_4096_r2_runs3/summary.csv,repro,no
repro/stage26_parameter_perf_noise_avx512_added_r2_runs3_seeds3/perf_SET_4_5_2048_r2_runs3/summary.csv,repro,no
repro/stage26_parameter_perf_noise_avx512_added_r2_runs3_seeds3/performance_summary.csv,repro,no
repro/stage26_parameter_perf_noise_avx512_added_r2_smoke/noise_SET_2_3_4096_r2_seeds1/aggregate.csv,repro,no
repro/stage26_parameter_perf_noise_avx512_added_r2_smoke/noise_SET_2_3_4096_r2_seeds1/summary.csv,repro,no
repro/stage26_parameter_perf_noise_avx512_added_r2_smoke/noise_SET_4_5_2048_r2_seeds1/aggregate.csv,repro,no
repro/stage26_parameter_perf_noise_avx512_added_r2_smoke/noise_SET_4_5_2048_r2_seeds1/summary.csv,repro,no
repro/stage26_parameter_perf_noise_avx512_added_r2_smoke/noise_summary.csv,repro,no
repro/stage26_parameter_perf_noise_avx512_added_r2_smoke/perf_SET_2_3_4096_r2_runs1/summary.csv,repro,no
repro/stage26_parameter_perf_noise_avx512_added_r2_smoke/perf_SET_4_5_2048_r2_runs1/summary.csv,repro,no
repro/stage26_parameter_perf_noise_avx512_added_r2_smoke/performance_summary.csv,repro,no
repro/stage26_parameter_perf_noise_avx512_set_2_3_4096_r4_runs3_seeds3/noise_SET_2_3_4096_r4_seeds3/aggregate.csv,repro,no
repro/stage26_parameter_perf_noise_avx512_set_2_3_4096_r4_runs3_seeds3/noise_SET_2_3_4096_r4_seeds3/summary.csv,repro,no
repro/stage26_parameter_perf_noise_avx512_set_2_3_4096_r4_runs3_seeds3/noise_summary.csv,repro,no
repro/stage26_parameter_perf_noise_avx512_set_2_3_4096_r4_runs3_seeds3/perf_SET_2_3_4096_r4_runs3/summary.csv,repro,no
repro/stage26_parameter_perf_noise_avx512_set_2_3_4096_r4_runs3_seeds3/performance_summary.csv,repro,no
repro/stage26_parameter_perf_noise_avx512_set_2_3_4096_r4_smoke/noise_SET_2_3_4096_r4_seeds1/aggregate.csv,repro,no
repro/stage26_parameter_perf_noise_avx512_set_2_3_4096_r4_smoke/noise_SET_2_3_4096_r4_seeds1/summary.csv,repro,no
repro/stage26_parameter_perf_noise_avx512_set_2_3_4096_r4_smoke/noise_summary.csv,repro,no
repro/stage26_parameter_perf_noise_avx512_set_2_3_4096_r4_smoke/perf_SET_2_3_4096_r4_runs1/summary.csv,repro,no
repro/stage26_parameter_perf_noise_avx512_set_2_3_4096_r4_smoke/performance_summary.csv,repro,no
repro/stage26_parameter_perf_noise_avx512_set_4_5_2048_r4_runs3_seeds3/noise_SET_4_5_2048_r4_seeds3/aggregate.csv,repro,no
repro/stage26_parameter_perf_noise_avx512_set_4_5_2048_r4_runs3_seeds3/noise_SET_4_5_2048_r4_seeds3/summary.csv,repro,no
repro/stage26_parameter_perf_noise_avx512_set_4_5_2048_r4_runs3_seeds3/noise_summary.csv,repro,no
repro/stage26_parameter_perf_noise_avx512_set_4_5_2048_r4_runs3_seeds3/perf_SET_4_5_2048_r4_runs3/summary.csv,repro,no
repro/stage26_parameter_perf_noise_avx512_set_4_5_2048_r4_runs3_seeds3/performance_summary.csv,repro,no
repro/stage26_parameter_perf_noise_avx512_set_4_5_2048_r4_smoke/noise_SET_4_5_2048_r4_seeds1/aggregate.csv,repro,no
repro/stage26_parameter_perf_noise_avx512_set_4_5_2048_r4_smoke/noise_SET_4_5_2048_r4_seeds1/summary.csv,repro,no
repro/stage26_parameter_perf_noise_avx512_set_4_5_2048_r4_smoke/noise_summary.csv,repro,no
repro/stage26_parameter_perf_noise_avx512_set_4_5_2048_r4_smoke/perf_SET_4_5_2048_r4_runs1/summary.csv,repro,no
repro/stage26_parameter_perf_noise_avx512_set_4_5_2048_r4_smoke/performance_summary.csv,repro,no
repro/stage27_citation_access_probe/access_probe.csv,repro,no
repro/stage27_citation_access_probe/summary.csv,repro,no
repro/stage27_claim_support_matrix.csv,repro,no
repro/stage27_completion_readiness_audit.csv,repro,no
repro/stage27_final_evidence_package/citation_gate.csv,repro,no
repro/stage27_final_evidence_package/claim_scope.csv,repro,no
repro/stage27_final_evidence_package/completion_readiness.csv,repro,no
repro/stage27_final_evidence_package/manifest.csv,repro,no
repro/stage27_final_evidence_package/noise_scope.csv,repro,no
repro/stage27_final_evidence_package/performance_scope.csv,repro,no
repro/stage27_final_evidence_package/resource_scope.csv,repro,no
repro/stage27_final_full_sab_active_r2_runs3/summary.csv,repro,no
repro/stage27_final_full_sab_active_r4_runs3/summary.csv,repro,no
repro/stage27_final_full_sab_summary.csv,repro,no
repro/stage27_literature_matrix.csv,repro,no
repro/stage27_related_work_access_probe/access_probe.csv,repro,no
repro/stage27_related_work_access_probe/summary.csv,repro,no
repro/stage27_related_work_access_refresh.csv,repro,no
repro/stage27_source_access_matrix.csv,repro,no
repro/stage28_native_perf_counter_gate/environment.log,repro,no
repro/stage28_native_perf_counter_gate/perf_smoke.log,repro,no
repro/stage28_native_perf_counter_gate/summary.csv,repro,no
repro/stage33_current_smoke/pvw_target_SET_2_3_2048/build.log,repro,no
repro/stage33_current_smoke/pvw_target_SET_2_3_2048/run.log,repro,no
repro/stage33_current_smoke/scalar_binary_SET_2_3_2048/build.log,repro,no
repro/stage33_current_smoke/scalar_binary_SET_2_3_2048/run.log,repro,no
repro/stage33_current_smoke/scalar_ternary_SET_2_3_2048/build.log,repro,no
repro/stage33_current_smoke/summary.csv,repro,no
repro/stage35_completion_blockers.csv,repro,no
repro/stage36_added_params_runs10_seeds20/noise_SET_2_3_4096_r2_seeds20/aggregate.csv,repro,no
repro/stage36_added_params_runs10_seeds20/noise_SET_2_3_4096_r2_seeds20/summary.csv,repro,no
repro/stage36_added_params_runs10_seeds20/noise_SET_2_3_4096_r4_seeds20/aggregate.csv,repro,no
repro/stage36_added_params_runs10_seeds20/noise_SET_2_3_4096_r4_seeds20/summary.csv,repro,no
repro/stage36_added_params_runs10_seeds20/noise_SET_4_5_2048_r2_seeds20/aggregate.csv,repro,no
repro/stage36_added_params_runs10_seeds20/noise_SET_4_5_2048_r2_seeds20/summary.csv,repro,no
repro/stage36_added_params_runs10_seeds20/noise_SET_4_5_2048_r4_seeds20/aggregate.csv,repro,no
repro/stage36_added_params_runs10_seeds20/noise_SET_4_5_2048_r4_seeds20/summary.csv,repro,no
repro/stage36_added_params_runs10_seeds20/noise_summary.csv,repro,no
repro/stage36_added_params_runs10_seeds20/perf_SET_2_3_4096_r2_runs10/summary.csv,repro,no
repro/stage36_added_params_runs10_seeds20/perf_SET_2_3_4096_r4_runs10/summary.csv,repro,no
repro/stage36_added_params_runs10_seeds20/perf_SET_2_3_4096_r4_runs9_topup/summary.csv,repro,no
repro/stage36_added_params_runs10_seeds20/perf_SET_4_5_2048_r2_runs10/summary.csv,repro,no
repro/stage36_added_params_runs10_seeds20/perf_SET_4_5_2048_r4_runs10/summary.csv,repro,no
repro/stage36_added_params_runs10_seeds20/performance_samples.csv,repro,no
repro/stage36_added_params_runs10_seeds20/performance_stats.csv,repro,no
repro/stage36_added_params_runs10_seeds20/performance_summary.csv,repro,no
repro/stage36_added_params_runs10_seeds20/performance_supplemental.csv,repro,no
repro/stage36_high_stat_plan.csv,repro,no
repro/stage36_resource_run_0/r1/pvw.log,repro,no
repro/stage36_resource_run_0/r1/pvw.time.log,repro,no
repro/stage36_resource_run_0/r1/scalar.log,repro,no
repro/stage36_resource_run_0/r1/scalar.time.log,repro,no
repro/stage36_resource_run_0/r2/pvw.log,repro,no
repro/stage36_resource_run_0/r2/pvw.time.log,repro,no
repro/stage36_resource_run_0/r2/scalar.log,repro,no
repro/stage36_resource_run_0/r2/scalar.time.log,repro,no
repro/stage36_resource_run_0/r4/pvw.log,repro,no
repro/stage36_resource_run_0/r4/pvw.time.log,repro,no
repro/stage36_resource_run_0/r4/scalar.log,repro,no
repro/stage36_resource_run_0/r4/scalar.time.log,repro,no
repro/stage36_resource_run_0/summary.csv,repro,no
repro/stage36_resource_run_1/r1/pvw.log,repro,no
repro/stage36_resource_run_1/r1/pvw.time.log,repro,no
repro/stage36_resource_run_1/r1/scalar.log,repro,no
repro/stage36_resource_run_1/r1/scalar.time.log,repro,no
repro/stage36_resource_run_1/r2/pvw.log,repro,no
repro/stage36_resource_run_1/r2/pvw.time.log,repro,no
repro/stage36_resource_run_1/r2/scalar.log,repro,no
repro/stage36_resource_run_1/r2/scalar.time.log,repro,no
repro/stage36_resource_run_1/r4/pvw.log,repro,no
repro/stage36_resource_run_1/r4/pvw.time.log,repro,no
repro/stage36_resource_run_1/r4/scalar.log,repro,no
repro/stage36_resource_run_1/r4/scalar.time.log,repro,no
repro/stage36_resource_run_1/summary.csv,repro,no
repro/stage36_resource_run_2/r1/pvw.log,repro,no
repro/stage36_resource_run_2/r1/pvw.time.log,repro,no
repro/stage36_resource_run_2/r1/scalar.log,repro,no
repro/stage36_resource_run_2/r1/scalar.time.log,repro,no
repro/stage36_resource_run_2/r2/pvw.log,repro,no
repro/stage36_resource_run_2/r2/pvw.time.log,repro,no
repro/stage36_resource_run_2/r2/scalar.log,repro,no
repro/stage36_resource_run_2/r2/scalar.time.log,repro,no
repro/stage36_resource_run_2/r4/pvw.log,repro,no
repro/stage36_resource_run_2/r4/pvw.time.log,repro,no
repro/stage36_resource_run_2/r4/scalar.log,repro,no
repro/stage36_resource_run_2/r4/scalar.time.log,repro,no
repro/stage36_resource_run_2/summary.csv,repro,no
repro/stage36_resource_samples.csv,repro,no
repro/stage36_resource_summary.csv,repro,no
repro/stage36_stage_noise_seeds10/aggregate.csv,repro,no
repro/stage36_stage_noise_seeds10/r2/seed_6864025.log,repro,no
repro/stage36_stage_noise_seeds10/r2/seed_6864026.log,repro,no
repro/stage36_stage_noise_seeds10/r2/seed_6864027.log,repro,no
repro/stage36_stage_noise_seeds10/r2/seed_6864028.log,repro,no
repro/stage36_stage_noise_seeds10/r2/seed_6864029.log,repro,no
repro/stage36_stage_noise_seeds10/r2/seed_6864030.log,repro,no
repro/stage36_stage_noise_seeds10/r2/seed_6864031.log,repro,no
repro/stage36_stage_noise_seeds10/r2/seed_6864032.log,repro,no
repro/stage36_stage_noise_seeds10/r2/seed_6864033.log,repro,no
repro/stage36_stage_noise_seeds10/r2/seed_6864034.log,repro,no
repro/stage36_stage_noise_seeds10/r4/seed_6864025.log,repro,no
repro/stage36_stage_noise_seeds10/r4/seed_6864026.log,repro,no
repro/stage36_stage_noise_seeds10/r4/seed_6864027.log,repro,no
repro/stage36_stage_noise_seeds10/r4/seed_6864028.log,repro,no
repro/stage36_stage_noise_seeds10/r4/seed_6864029.log,repro,no
repro/stage36_stage_noise_seeds10/r4/seed_6864030.log,repro,no
repro/stage36_stage_noise_seeds10/r4/seed_6864031.log,repro,no
repro/stage36_stage_noise_seeds10/r4/seed_6864032.log,repro,no
repro/stage36_stage_noise_seeds10/r4/seed_6864033.log,repro,no
repro/stage36_stage_noise_seeds10/r4/seed_6864034.log,repro,no
repro/stage36_stage_noise_seeds10/summary.csv,repro,no
repro/stage36_target_noise_seeds50/aggregate.csv,repro,no
repro/stage36_target_noise_seeds50/r2/seed_6862025.log,repro,no
repro/stage36_target_noise_seeds50/r2/seed_6862026.log,repro,no
repro/stage36_target_noise_seeds50/r2/seed_6862027.log,repro,no
repro/stage36_target_noise_seeds50/r2/seed_6862028.log,repro,no
repro/stage36_target_noise_seeds50/r2/seed_6862029.log,repro,no
repro/stage36_target_noise_seeds50/r2/seed_6862030.log,repro,no
repro/stage36_target_noise_seeds50/r2/seed_6862031.log,repro,no
repro/stage36_target_noise_seeds50/r2/seed_6862032.log,repro,no
repro/stage36_target_noise_seeds50/r2/seed_6862033.log,repro,no
repro/stage36_target_noise_seeds50/r2/seed_6862034.log,repro,no
repro/stage36_target_noise_seeds50/r2/seed_6862035.log,repro,no
repro/stage36_target_noise_seeds50/r2/seed_6862036.log,repro,no
repro/stage36_target_noise_seeds50/r2/seed_6862037.log,repro,no
repro/stage36_target_noise_seeds50/r2/seed_6862038.log,repro,no
repro/stage36_target_noise_seeds50/r2/seed_6862039.log,repro,no
repro/stage36_target_noise_seeds50/r2/seed_6862040.log,repro,no
repro/stage36_target_noise_seeds50/r2/seed_6862041.log,repro,no
repro/stage36_target_noise_seeds50/r2/seed_6862042.log,repro,no
repro/stage36_target_noise_seeds50/r2/seed_6862043.log,repro,no
repro/stage36_target_noise_seeds50/r2/seed_6862044.log,repro,no
repro/stage36_target_noise_seeds50/r2/seed_6862045.log,repro,no
repro/stage36_target_noise_seeds50/r2/seed_6862046.log,repro,no
repro/stage36_target_noise_seeds50/r2/seed_6862047.log,repro,no
repro/stage36_target_noise_seeds50/r2/seed_6862048.log,repro,no
repro/stage36_target_noise_seeds50/r2/seed_6862049.log,repro,no
repro/stage36_target_noise_seeds50/r2/seed_6862050.log,repro,no
repro/stage36_target_noise_seeds50/r2/seed_6862051.log,repro,no
repro/stage36_target_noise_seeds50/r2/seed_6862052.log,repro,no
repro/stage36_target_noise_seeds50/r2/seed_6862053.log,repro,no
repro/stage36_target_noise_seeds50/r2/seed_6862054.log,repro,no
repro/stage36_target_noise_seeds50/r2/seed_6862055.log,repro,no
repro/stage36_target_noise_seeds50/r2/seed_6862056.log,repro,no
repro/stage36_target_noise_seeds50/r2/seed_6862057.log,repro,no
repro/stage36_target_noise_seeds50/r2/seed_6862058.log,repro,no
repro/stage36_target_noise_seeds50/r2/seed_6862059.log,repro,no
repro/stage36_target_noise_seeds50/r2/seed_6862060.log,repro,no
repro/stage36_target_noise_seeds50/r2/seed_6862061.log,repro,no
repro/stage36_target_noise_seeds50/r2/seed_6862062.log,repro,no
repro/stage36_target_noise_seeds50/r2/seed_6862063.log,repro,no
repro/stage36_target_noise_seeds50/r2/seed_6862064.log,repro,no
repro/stage36_target_noise_seeds50/r2/seed_6862065.log,repro,no
repro/stage36_target_noise_seeds50/r2/seed_6862066.log,repro,no
repro/stage36_target_noise_seeds50/r2/seed_6862067.log,repro,no
repro/stage36_target_noise_seeds50/r2/seed_6862068.log,repro,no
repro/stage36_target_noise_seeds50/r2/seed_6862069.log,repro,no
repro/stage36_target_noise_seeds50/r2/seed_6862070.log,repro,no
repro/stage36_target_noise_seeds50/r2/seed_6862071.log,repro,no
repro/stage36_target_noise_seeds50/r2/seed_6862072.log,repro,no
repro/stage36_target_noise_seeds50/r2/seed_6862073.log,repro,no
repro/stage36_target_noise_seeds50/r2/seed_6862074.log,repro,no
repro/stage36_target_noise_seeds50/r4/seed_6862025.log,repro,no
repro/stage36_target_noise_seeds50/r4/seed_6862026.log,repro,no
repro/stage36_target_noise_seeds50/r4/seed_6862027.log,repro,no
repro/stage36_target_noise_seeds50/r4/seed_6862028.log,repro,no
repro/stage36_target_noise_seeds50/r4/seed_6862029.log,repro,no
repro/stage36_target_noise_seeds50/r4/seed_6862030.log,repro,no
repro/stage36_target_noise_seeds50/r4/seed_6862031.log,repro,no
repro/stage36_target_noise_seeds50/r4/seed_6862032.log,repro,no
repro/stage36_target_noise_seeds50/r4/seed_6862033.log,repro,no
repro/stage36_target_noise_seeds50/r4/seed_6862034.log,repro,no
repro/stage36_target_noise_seeds50/r4/seed_6862035.log,repro,no
repro/stage36_target_noise_seeds50/r4/seed_6862036.log,repro,no
repro/stage36_target_noise_seeds50/r4/seed_6862037.log,repro,no
repro/stage36_target_noise_seeds50/r4/seed_6862038.log,repro,no
repro/stage36_target_noise_seeds50/r4/seed_6862039.log,repro,no
repro/stage36_target_noise_seeds50/r4/seed_6862040.log,repro,no
repro/stage36_target_noise_seeds50/r4/seed_6862041.log,repro,no
repro/stage36_target_noise_seeds50/r4/seed_6862042.log,repro,no
repro/stage36_target_noise_seeds50/r4/seed_6862043.log,repro,no
repro/stage36_target_noise_seeds50/r4/seed_6862044.log,repro,no
repro/stage36_target_noise_seeds50/r4/seed_6862045.log,repro,no
repro/stage36_target_noise_seeds50/r4/seed_6862046.log,repro,no
repro/stage36_target_noise_seeds50/r4/seed_6862047.log,repro,no
repro/stage36_target_noise_seeds50/r4/seed_6862048.log,repro,no
repro/stage36_target_noise_seeds50/r4/seed_6862049.log,repro,no
repro/stage36_target_noise_seeds50/r4/seed_6862050.log,repro,no
repro/stage36_target_noise_seeds50/r4/seed_6862051.log,repro,no
repro/stage36_target_noise_seeds50/r4/seed_6862052.log,repro,no
repro/stage36_target_noise_seeds50/r4/seed_6862053.log,repro,no
repro/stage36_target_noise_seeds50/r4/seed_6862054.log,repro,no
repro/stage36_target_noise_seeds50/r4/seed_6862055.log,repro,no
repro/stage36_target_noise_seeds50/r4/seed_6862056.log,repro,no
repro/stage36_target_noise_seeds50/r4/seed_6862057.log,repro,no
repro/stage36_target_noise_seeds50/r4/seed_6862058.log,repro,no
repro/stage36_target_noise_seeds50/r4/seed_6862059.log,repro,no
repro/stage36_target_noise_seeds50/r4/seed_6862060.log,repro,no
repro/stage36_target_noise_seeds50/r4/seed_6862061.log,repro,no
repro/stage36_target_noise_seeds50/r4/seed_6862062.log,repro,no
repro/stage36_target_noise_seeds50/r4/seed_6862063.log,repro,no
repro/stage36_target_noise_seeds50/r4/seed_6862064.log,repro,no
repro/stage36_target_noise_seeds50/r4/seed_6862065.log,repro,no
repro/stage36_target_noise_seeds50/r4/seed_6862066.log,repro,no
repro/stage36_target_noise_seeds50/r4/seed_6862067.log,repro,no
repro/stage36_target_noise_seeds50/r4/seed_6862068.log,repro,no
repro/stage36_target_noise_seeds50/r4/seed_6862069.log,repro,no
repro/stage36_target_noise_seeds50/r4/seed_6862070.log,repro,no
repro/stage36_target_noise_seeds50/r4/seed_6862071.log,repro,no
repro/stage36_target_noise_seeds50/r4/seed_6862072.log,repro,no
repro/stage36_target_noise_seeds50/r4/seed_6862073.log,repro,no
repro/stage36_target_noise_seeds50/r4/seed_6862074.log,repro,no
repro/stage36_target_noise_seeds50/summary.csv,repro,no
repro/stage36_target_perf_exclusions.csv,repro,no
repro/stage36_target_perf_r2_runs10/run_0.log,repro,no
repro/stage36_target_perf_r2_runs10/run_1.log,repro,no
repro/stage36_target_perf_r2_runs10/run_2.log,repro,no
repro/stage36_target_perf_r2_runs10/run_3.log,repro,no
repro/stage36_target_perf_r2_runs10/run_4.log,repro,no
repro/stage36_target_perf_r2_runs10/run_5.log,repro,no
repro/stage36_target_perf_r2_runs10/run_6.log,repro,no
repro/stage36_target_perf_r2_runs10/run_7.log,repro,no
repro/stage36_target_perf_r2_runs10/run_8.log,repro,no
repro/stage36_target_perf_r2_runs10/run_9.log,repro,no
repro/stage36_target_perf_r2_runs10/summary.csv,repro,no
repro/stage36_target_perf_r4_runs10/run_0.log,repro,no
repro/stage36_target_perf_r4_runs10/run_1.log,repro,no
repro/stage36_target_perf_r4_runs10/run_2.log,repro,no
repro/stage36_target_perf_r4_runs10/run_3.log,repro,no
repro/stage36_target_perf_r4_runs10/run_4.log,repro,no
repro/stage36_target_perf_r4_runs10/run_5.log,repro,no
repro/stage36_target_perf_r4_runs10/run_6.log,repro,no
repro/stage36_target_perf_r4_runs10/run_7.log,repro,no
repro/stage36_target_perf_r4_runs10/run_8.log,repro,no
repro/stage36_target_perf_r4_runs10/run_9.log,repro,no
repro/stage36_target_perf_r4_runs10/summary.csv,repro,no
repro/stage36_target_perf_r4_runs2_topup/run_0.log,repro,no
repro/stage36_target_perf_r4_runs2_topup/run_1.log,repro,no
repro/stage36_target_perf_r4_runs2_topup/summary.csv,repro,no
repro/stage36_target_perf_samples.csv,repro,no
repro/stage36_target_perf_summary.csv,repro,no
repro/stage36_target_perf_supplemental.csv,repro,no
repro/stage37_native_perf_counter_audit/external_evidence_intake.log,repro,no
repro/stage37_native_perf_counter_audit/final_goal_audit.log,repro,no
repro/stage37_native_perf_counter_audit/stage28_gate.log,repro,no
repro/stage37_native_perf_counter_audit/stage28_gate/environment.log,repro,no
repro/stage37_native_perf_counter_audit/stage28_gate/perf_smoke.log,repro,no
repro/stage37_native_perf_counter_audit/stage28_gate/summary.csv,repro,no
repro/stage37_native_perf_counter_audit/stage35_blockers.log,repro,no
repro/stage37_native_perf_counter_audit/stage37_log_builder.log,repro,no
repro/stage37_native_perf_counter_audit/summary.csv,repro,no
repro/stage38_fulltext_review_gate/external_evidence_intake.log,repro,no
repro/stage38_fulltext_review_gate/final_goal_audit.log,repro,no
repro/stage38_fulltext_review_gate/fulltext_gate.log,repro,no
repro/stage38_fulltext_review_gate/review_checklist.csv,repro,no
repro/stage38_fulltext_review_gate/stage35_blockers.log,repro,no
repro/stage38_fulltext_review_gate/stage38_log_builder.log,repro,no
repro/stage38_fulltext_review_gate/summary.csv,repro,no
repro/stage39_variant_triage.csv,repro,no
repro/stage40_final_freeze_manifest.csv,repro,no
repro/stage40_final_freeze_summary.csv,repro,no
repro/stage40_postfreeze_verify/summary.csv,repro,no
repro/stage41_external_unlock_packet.csv,repro,no
repro/stage42_closure_verify/summary.csv,repro,no
repro/stage42_evidence_closure_audit.csv,repro,no
repro/stage42_evidence_closure_manifest.csv,repro,no
repro/stage43_current_smoke_after_stage42/pvw_target_SET_2_3_2048/build.log,repro,no
repro/stage43_current_smoke_after_stage42/pvw_target_SET_2_3_2048/run.log,repro,no
repro/stage43_current_smoke_after_stage42/scalar_binary_SET_2_3_2048/build.log,repro,no
repro/stage43_current_smoke_after_stage42/scalar_binary_SET_2_3_2048/run.log,repro,no
repro/stage43_current_smoke_after_stage42/scalar_ternary_SET_2_3_2048/build.log,repro,no
repro/stage43_current_smoke_after_stage42/summary.csv,repro,no
repro/stage44_external_unlock_reprobe/citation_probe.log,repro,no
repro/stage44_external_unlock_reprobe/citation_probe/access_probe.csv,repro,no
repro/stage44_external_unlock_reprobe/citation_probe/summary.csv,repro,no
repro/stage44_external_unlock_reprobe/external_evidence_intake.log,repro,no
repro/stage44_external_unlock_reprobe/native_perf_gate.log,repro,no
repro/stage44_external_unlock_reprobe/native_perf_gate/environment.log,repro,no
repro/stage44_external_unlock_reprobe/native_perf_gate/perf_smoke.log,repro,no
repro/stage44_external_unlock_reprobe/native_perf_gate/summary.csv,repro,no
repro/stage44_external_unlock_reprobe/stage44_log_builder.log,repro,no
repro/stage44_external_unlock_reprobe/summary.csv,repro,no
repro/stage45_active_state_refactor/ffnt_kernel_build.log,repro,no
repro/stage45_active_state_refactor/ffnt_kernel_run.log,repro,no
repro/stage45_active_state_refactor/spqlios_avx512_windows_build.log,repro,no
repro/stage45_active_state_refactor/summary.csv,repro,no
repro/stage46_wsl_active_state_target_smoke/build.log,repro,no
repro/stage46_wsl_active_state_target_smoke/run.log,repro,no
repro/stage46_wsl_active_state_target_smoke/summary.csv,repro,no
repro/stage47_wsl_active_state_full_sab_smoke/r2/run_0.log,repro,no
repro/stage47_wsl_active_state_full_sab_smoke/r2/summary.csv,repro,no
repro/stage47_wsl_active_state_full_sab_smoke/r4/run_0.log,repro,no
repro/stage47_wsl_active_state_full_sab_smoke/r4/summary.csv,repro,no
repro/stage47_wsl_active_state_full_sab_smoke/summary.csv,repro,no
repro/stage48_wsl_active_state_noise_smoke/aggregate.csv,repro,no
repro/stage48_wsl_active_state_noise_smoke/r2/seed_6862025.log,repro,no
repro/stage48_wsl_active_state_noise_smoke/r4/seed_6862025.log,repro,no
repro/stage48_wsl_active_state_noise_smoke/summary.csv,repro,no
repro/stage49_wsl_repeated_full_sab/r2/driver.log,repro,no
repro/stage49_wsl_repeated_full_sab/r2/run_0.log,repro,no
repro/stage49_wsl_repeated_full_sab/r2/run_1.log,repro,no
repro/stage49_wsl_repeated_full_sab/r2/run_2.log,repro,no
repro/stage49_wsl_repeated_full_sab/r2/summary.csv,repro,no
repro/stage49_wsl_repeated_full_sab/r4/driver.log,repro,no
repro/stage49_wsl_repeated_full_sab/r4/run_0.log,repro,no
repro/stage49_wsl_repeated_full_sab/r4/run_1.log,repro,no
repro/stage49_wsl_repeated_full_sab/r4/run_2.log,repro,no
repro/stage49_wsl_repeated_full_sab/r4/summary.csv,repro,no
repro/stage49_wsl_repeated_full_sab/summary.csv,repro,no
repro/stage50_performance_evidence_matrix.csv,repro,no
repro/stage51_goal_completion_frontier.csv,repro,no
repro/stage52_external_unlock_readiness.csv,repro,no
repro/stage53_final_recheck_stage50_52/final_goal_audit.log,repro,no
repro/stage53_final_recheck_stage50_52/remaining_blocker_dashboard.log,repro,no
repro/stage53_final_recheck_stage50_52/stage42_evidence_closure.log,repro,no
repro/stage53_final_recheck_stage50_52/stage50_performance_matrix.log,repro,no
repro/stage53_final_recheck_stage50_52/stage51_goal_frontier.log,repro,no
repro/stage53_final_recheck_stage50_52/stage52_external_unlock_readiness.log,repro,no
repro/stage53_final_recheck_stage50_52/summary.csv,repro,no
repro/stage54_default_final_recheck/conditional_backlog_audit.log,repro,no
repro/stage54_default_final_recheck/external_evidence_intake.log,repro,no
repro/stage54_default_final_recheck/final_goal_audit.log,repro,no
repro/stage54_default_final_recheck/remaining_blocker_dashboard.log,repro,no
repro/stage54_default_final_recheck/stage27_final_package.log,repro,no
repro/stage54_default_final_recheck/stage28_perf_gate.log,repro,no
repro/stage54_default_final_recheck/stage42_evidence_closure.log,repro,no
repro/stage54_default_final_recheck/stage50_performance_matrix.log,repro,no
repro/stage54_default_final_recheck/stage51_goal_frontier.log,repro,no
repro/stage54_default_final_recheck/stage52_external_unlock_readiness.log,repro,no
repro/stage54_default_final_recheck/summary.csv,repro,no
repro/stage55_external_paper_probe/access_probe.csv,repro,no
repro/stage55_external_paper_probe/crossref_metadata.json,repro,no
repro/stage55_external_paper_probe/crossref_summary.csv,repro,no
repro/stage55_external_paper_probe/summary.csv,repro,no
repro/stage56_final_recheck_stage55/final_goal_audit.log,repro,no
repro/stage56_final_recheck_stage55/remaining_blocker_dashboard.log,repro,no
repro/stage56_final_recheck_stage55/stage42_evidence_closure.log,repro,no
repro/stage56_final_recheck_stage55/stage51_goal_frontier.log,repro,no
repro/stage56_final_recheck_stage55/stage52_external_unlock_readiness.log,repro,no
repro/stage56_final_recheck_stage55/stage55_external_paper_probe.log,repro,no
repro/stage56_final_recheck_stage55/summary.csv,repro,no
repro/stage57_scope_label_audit.csv,repro,no
repro/stage58_final_recheck_stage57/final_goal_audit.log,repro,no
repro/stage58_final_recheck_stage57/remaining_blocker_dashboard.log,repro,no
repro/stage58_final_recheck_stage57/stage42_evidence_closure.log,repro,no
repro/stage58_final_recheck_stage57/stage51_goal_frontier.log,repro,no
repro/stage58_final_recheck_stage57/stage52_external_unlock_readiness.log,repro,no
repro/stage58_final_recheck_stage57/stage57_scope_label_audit.log,repro,no
repro/stage58_final_recheck_stage57/summary.csv,repro,no
repro/stage59_completion_route_readiness.csv,repro,no
repro/stage60_final_recheck_stage59/final_goal_audit.log,repro,no
repro/stage60_final_recheck_stage59/remaining_blocker_dashboard.log,repro,no
repro/stage60_final_recheck_stage59/stage42_evidence_closure.log,repro,no
repro/stage60_final_recheck_stage59/stage51_goal_frontier.log,repro,no
repro/stage60_final_recheck_stage59/stage52_external_unlock_readiness.log,repro,no
repro/stage60_final_recheck_stage59/stage57_scope_label_audit.log,repro,no
repro/stage60_final_recheck_stage59/stage59_completion_route.log,repro,no
repro/stage60_final_recheck_stage59/summary.csv,repro,no
repro/stage60_final_recheck_stage59_failed_attempt1/final_goal_audit.log,repro,no
repro/stage60_final_recheck_stage59_failed_attempt1/remaining_blocker_dashboard.log,repro,no
repro/stage60_final_recheck_stage59_failed_attempt1/stage42_evidence_closure.log,repro,no
repro/stage60_final_recheck_stage59_failed_attempt1/stage51_goal_frontier.log,repro,no
repro/stage60_final_recheck_stage59_failed_attempt1/stage52_external_unlock_readiness.log,repro,no
repro/stage60_final_recheck_stage59_failed_attempt1/stage57_scope_label_audit.log,repro,no
repro/stage60_final_recheck_stage59_failed_attempt1/stage59_completion_route.log,repro,no
repro/stage60_final_recheck_stage59_failed_attempt1/summary.csv,repro,no
repro/stage60_final_recheck_stage59_failed_attempt2/final_goal_audit.log,repro,no
repro/stage60_final_recheck_stage59_failed_attempt2/remaining_blocker_dashboard.log,repro,no
repro/stage60_final_recheck_stage59_failed_attempt2/stage42_evidence_closure.log,repro,no
repro/stage60_final_recheck_stage59_failed_attempt2/stage51_goal_frontier.log,repro,no
repro/stage60_final_recheck_stage59_failed_attempt2/stage52_external_unlock_readiness.log,repro,no
repro/stage60_final_recheck_stage59_failed_attempt2/stage57_scope_label_audit.log,repro,no
repro/stage60_final_recheck_stage59_failed_attempt2/stage59_completion_route.log,repro,no
repro/stage60_final_recheck_stage59_failed_attempt2/summary.csv,repro,no
repro/stage60_final_recheck_stage59_failed_attempt3/final_goal_audit.log,repro,no
repro/stage60_final_recheck_stage59_failed_attempt3/remaining_blocker_dashboard.log,repro,no
repro/stage60_final_recheck_stage59_failed_attempt3/stage42_evidence_closure.log,repro,no
repro/stage60_final_recheck_stage59_failed_attempt3/stage51_goal_frontier.log,repro,no
repro/stage60_final_recheck_stage59_failed_attempt3/stage52_external_unlock_readiness.log,repro,no
repro/stage60_final_recheck_stage59_failed_attempt3/stage57_scope_label_audit.log,repro,no
repro/stage60_final_recheck_stage59_failed_attempt3/stage59_completion_route.log,repro,no
repro/stage60_final_recheck_stage59_failed_attempt3/summary.csv,repro,no
repro/stage60_final_recheck_stage59_failed_attempt4/final_goal_audit.log,repro,no
repro/stage60_final_recheck_stage59_failed_attempt4/remaining_blocker_dashboard.log,repro,no
repro/stage60_final_recheck_stage59_failed_attempt4/stage42_evidence_closure.log,repro,no
repro/stage60_final_recheck_stage59_failed_attempt4/stage51_goal_frontier.log,repro,no
repro/stage60_final_recheck_stage59_failed_attempt4/stage52_external_unlock_readiness.log,repro,no
repro/stage60_final_recheck_stage59_failed_attempt4/stage57_scope_label_audit.log,repro,no
repro/stage60_final_recheck_stage59_failed_attempt4/stage59_completion_route.log,repro,no
repro/stage60_final_recheck_stage59_failed_attempt4/summary.csv,repro,no
repro/stage61_native_perf_unlock_probe/environment.log,repro,no
repro/stage61_native_perf_unlock_probe/perf_smoke.log,repro,no
repro/stage61_native_perf_unlock_probe/summary.csv,repro,no
repro/stage62_fulltext_unlock_probe/acm_pdf_head.err,repro,no
repro/stage62_fulltext_unlock_probe/acm_pdf_head.log,repro,no
repro/stage62_fulltext_unlock_probe/eprint_pdf_head.err,repro,no
repro/stage62_fulltext_unlock_probe/eprint_pdf_head.log,repro,no
repro/stage62_fulltext_unlock_probe/fulltext_gate.log,repro,no
repro/stage62_fulltext_unlock_probe/review_checklist.csv,repro,no
repro/stage62_fulltext_unlock_probe/summary.csv,repro,no
repro/stage62_fulltext_unlock_probe/unlock_summary.csv,repro,no
repro/stage64_post_variant_refresh/current_smoke/pvw_target_SET_2_3_2048/build.log,repro,no
repro/stage64_post_variant_refresh/current_smoke/pvw_target_SET_2_3_2048/run.log,repro,no
repro/stage64_post_variant_refresh/current_smoke/scalar_binary_SET_2_3_2048/build.log,repro,no
repro/stage64_post_variant_refresh/current_smoke/scalar_binary_SET_2_3_2048/run.log,repro,no
repro/stage64_post_variant_refresh/current_smoke/scalar_ternary_SET_2_3_2048/build.log,repro,no
repro/stage64_post_variant_refresh/current_smoke/summary.csv,repro,no
repro/stage64_post_variant_refresh/final_noise/aggregate.csv,repro,no
repro/stage64_post_variant_refresh/final_noise/r2/seed_6864025.log,repro,no
repro/stage64_post_variant_refresh/final_noise/r4/seed_6864025.log,repro,no
repro/stage64_post_variant_refresh/final_noise/summary.csv,repro,no
repro/stage64_post_variant_refresh/full_sab_r2/run_0.log,repro,no
repro/stage64_post_variant_refresh/full_sab_r2/run_1.log,repro,no
repro/stage64_post_variant_refresh/full_sab_r2/run_2.log,repro,no
repro/stage64_post_variant_refresh/full_sab_r2/summary.csv,repro,no
repro/stage64_post_variant_refresh/full_sab_r4/run_0.log,repro,no
repro/stage64_post_variant_refresh/full_sab_r4/run_1.log,repro,no
repro/stage64_post_variant_refresh/full_sab_r4/run_2.log,repro,no
repro/stage64_post_variant_refresh/full_sab_r4/summary.csv,repro,no
repro/stage64_post_variant_refresh/run.log,repro,no
repro/stage64_post_variant_refresh/summary.csv,repro,no
repro/stage65_r4_unrolled_avx512/default_scalar_ffnt_smoke.log,repro,no
repro/stage65_r4_unrolled_avx512/full_sab_smoke.csv,repro,no
repro/stage65_r4_unrolled_avx512/instruction_counts.csv,repro,no
repro/stage65_r4_unrolled_avx512/kernel_microbench.csv,repro,no
repro/stage65_r4_unrolled_avx512/r4_unrolled/full_r4/run_0.log,repro,no
repro/stage65_r4_unrolled_avx512/r4_unrolled/kernel_run_0.log,repro,no
repro/stage65_r4_unrolled_avx512/r4_unrolled/objdump_mattrgsw_polynomial.txt,repro,no
repro/stage65_r4_unrolled_avx512/run.log,repro,no
repro/stage65_r4_unrolled_avx512/specialized/full_r4/run_0.log,repro,no
repro/stage65_r4_unrolled_avx512/specialized/kernel_run_0.log,repro,no
repro/stage65_r4_unrolled_avx512/specialized/objdump_mattrgsw_polynomial.txt,repro,no
repro/stage65_r4_unrolled_avx512/summary.csv,repro,no
repro/stage66_post_variant_final_recheck/final_recheck/summary.csv,repro,no
repro/stage66_post_variant_final_recheck/summary.csv,repro,no
repro/stage67_final_recheck_stage66/decision.csv,repro,no
repro/stage67_final_recheck_stage66/summary.csv,repro,no
repro/stage68_frontier_closure_consistency.csv,repro,no
repro/stage69_local_variant_feasibility.csv,repro,no
repro/stage6_seed_sweep_10/seed_6862025.log,repro,no
repro/stage6_seed_sweep_10/seed_6862026.log,repro,no
repro/stage6_seed_sweep_10/seed_6862027.log,repro,no
repro/stage6_seed_sweep_10/seed_6862028.log,repro,no
repro/stage6_seed_sweep_10/seed_6862029.log,repro,no
repro/stage6_seed_sweep_10/seed_6862030.log,repro,no
repro/stage6_seed_sweep_10/seed_6862031.log,repro,no
repro/stage6_seed_sweep_10/seed_6862032.log,repro,no
repro/stage6_seed_sweep_10/seed_6862033.log,repro,no
repro/stage6_seed_sweep_10/seed_6862034.log,repro,no
repro/stage6_seed_sweep_10/summary.csv,repro,no
repro/stage6_seed_sweep_50/seed_6862025.log,repro,no
repro/stage6_seed_sweep_50/seed_6862026.log,repro,no
repro/stage6_seed_sweep_50/seed_6862027.log,repro,no
repro/stage6_seed_sweep_50/seed_6862028.log,repro,no
repro/stage6_seed_sweep_50/seed_6862029.log,repro,no
repro/stage6_seed_sweep_50/seed_6862030.log,repro,no
repro/stage6_seed_sweep_50/seed_6862031.log,repro,no
repro/stage6_seed_sweep_50/seed_6862032.log,repro,no
repro/stage6_seed_sweep_50/seed_6862033.log,repro,no
repro/stage6_seed_sweep_50/seed_6862034.log,repro,no
repro/stage6_seed_sweep_50/seed_6862035.log,repro,no
repro/stage6_seed_sweep_50/seed_6862036.log,repro,no
repro/stage6_seed_sweep_50/seed_6862037.log,repro,no
repro/stage6_seed_sweep_50/seed_6862038.log,repro,no
repro/stage6_seed_sweep_50/seed_6862039.log,repro,no
repro/stage6_seed_sweep_50/seed_6862040.log,repro,no
repro/stage6_seed_sweep_50/seed_6862041.log,repro,no
repro/stage6_seed_sweep_50/seed_6862042.log,repro,no
repro/stage6_seed_sweep_50/seed_6862043.log,repro,no
repro/stage6_seed_sweep_50/seed_6862044.log,repro,no
repro/stage6_seed_sweep_50/seed_6862045.log,repro,no
repro/stage6_seed_sweep_50/seed_6862046.log,repro,no
repro/stage6_seed_sweep_50/seed_6862047.log,repro,no
repro/stage6_seed_sweep_50/seed_6862048.log,repro,no
repro/stage6_seed_sweep_50/seed_6862049.log,repro,no
repro/stage6_seed_sweep_50/seed_6862050.log,repro,no
repro/stage6_seed_sweep_50/seed_6862051.log,repro,no
repro/stage6_seed_sweep_50/seed_6862052.log,repro,no
repro/stage6_seed_sweep_50/seed_6862053.log,repro,no
repro/stage6_seed_sweep_50/seed_6862054.log,repro,no
repro/stage6_seed_sweep_50/seed_6862055.log,repro,no
repro/stage6_seed_sweep_50/seed_6862056.log,repro,no
repro/stage6_seed_sweep_50/seed_6862057.log,repro,no
repro/stage6_seed_sweep_50/seed_6862058.log,repro,no
repro/stage6_seed_sweep_50/seed_6862059.log,repro,no
repro/stage6_seed_sweep_50/seed_6862060.log,repro,no
repro/stage6_seed_sweep_50/seed_6862061.log,repro,no
repro/stage6_seed_sweep_50/seed_6862062.log,repro,no
repro/stage6_seed_sweep_50/seed_6862063.log,repro,no
repro/stage6_seed_sweep_50/seed_6862064.log,repro,no
repro/stage6_seed_sweep_50/seed_6862065.log,repro,no
repro/stage6_seed_sweep_50/seed_6862066.log,repro,no
repro/stage6_seed_sweep_50/seed_6862067.log,repro,no
repro/stage6_seed_sweep_50/seed_6862068.log,repro,no
repro/stage6_seed_sweep_50/seed_6862069.log,repro,no
repro/stage6_seed_sweep_50/seed_6862070.log,repro,no
repro/stage6_seed_sweep_50/seed_6862071.log,repro,no
repro/stage6_seed_sweep_50/seed_6862072.log,repro,no
repro/stage6_seed_sweep_50/seed_6862073.log,repro,no
repro/stage6_seed_sweep_50/seed_6862074.log,repro,no
repro/stage6_seed_sweep_50/summary.csv,repro,no
repro/stage6_seed_sweep_r4_10/seed_6862025.log,repro,no
repro/stage6_seed_sweep_r4_10/seed_6862026.log,repro,no
repro/stage6_seed_sweep_r4_10/seed_6862027.log,repro,no
repro/stage6_seed_sweep_r4_10/seed_6862028.log,repro,no
repro/stage6_seed_sweep_r4_10/seed_6862029.log,repro,no
repro/stage6_seed_sweep_r4_10/seed_6862030.log,repro,no
repro/stage6_seed_sweep_r4_10/seed_6862031.log,repro,no
repro/stage6_seed_sweep_r4_10/seed_6862032.log,repro,no
repro/stage6_seed_sweep_r4_10/seed_6862033.log,repro,no
repro/stage6_seed_sweep_r4_10/seed_6862034.log,repro,no
repro/stage6_seed_sweep_r4_10/summary.csv,repro,no
repro/stage6_seed_sweep_r4_smoke/seed_6862025.log,repro,no
repro/stage6_seed_sweep_r4_smoke/summary.csv,repro,no
repro/stage6_seed_sweep_smoke/seed_6862025.log,repro,no
repro/stage6_seed_sweep_smoke/seed_6862026.log,repro,no
repro/stage6_seed_sweep_smoke/seed_6862027.log,repro,no
repro/stage6_seed_sweep_smoke/summary.csv,repro,no
repro/stage70_external_unlock_preflight.csv,repro,no
repro/stage71_final_recheck_stage70/decision.csv,repro,no
repro/stage71_final_recheck_stage70/final_goal_audit.log,repro,no
repro/stage71_final_recheck_stage70/remaining_blocker_dashboard.log,repro,no
repro/stage71_final_recheck_stage70/stage42_evidence_closure.log,repro,no
repro/stage71_final_recheck_stage70/stage51_goal_frontier.log,repro,no
repro/stage71_final_recheck_stage70/stage52_external_unlock_readiness.log,repro,no
repro/stage71_final_recheck_stage70/stage57_scope_label_audit.log,repro,no
repro/stage71_final_recheck_stage70/stage59_completion_route.log,repro,no
repro/stage71_final_recheck_stage70/stage70_external_unlock_preflight.log,repro,no
repro/stage71_final_recheck_stage70/summary.csv,repro,no
repro/stage71_final_recheck_stage70_failed_attempt1/decision.csv,repro,no
repro/stage71_final_recheck_stage70_failed_attempt1/stage71_log_failed.md,repro,no
repro/stage72_external_source_refresh/access_probe.csv,repro,no
repro/stage72_external_source_refresh/author_cite.bib,repro,no
repro/stage72_external_source_refresh/crossref_metadata.json,repro,no
repro/stage72_external_source_refresh/crossref_summary.csv,repro,no
repro/stage72_external_source_refresh/summary.csv,repro,no
repro/stage73_final_recheck_stage72/decision.csv,repro,no
repro/stage73_final_recheck_stage72/final_goal_audit.log,repro,no
repro/stage73_final_recheck_stage72/remaining_blocker_dashboard.log,repro,no
repro/stage73_final_recheck_stage72/stage42_evidence_closure.log,repro,no
repro/stage73_final_recheck_stage72/stage51_goal_frontier.log,repro,no
repro/stage73_final_recheck_stage72/stage52_external_unlock_readiness.log,repro,no
repro/stage73_final_recheck_stage72/stage57_scope_label_audit.log,repro,no
repro/stage73_final_recheck_stage72/stage59_completion_route.log,repro,no
repro/stage73_final_recheck_stage72/stage70_external_unlock_preflight.log,repro,no
repro/stage73_final_recheck_stage72/stage72_external_source_refresh.log,repro,no
repro/stage73_final_recheck_stage72/summary.csv,repro,no
repro/stage74_r_scaling_boundary/decision.csv,repro,no
repro/stage74_r_scaling_boundary/r6_reps1_runs1/run_0.log,repro,no
repro/stage74_r_scaling_boundary/r6_reps1_runs1/summary.csv,repro,no
repro/stage74_r_scaling_boundary/r8_reps1_runs1/run_0.log,repro,no
repro/stage74_r_scaling_boundary/r8_reps1_runs1/summary.csv,repro,no
repro/stage75_rgt4_profile_boundary/body_profile_r6/r6/run_0.log,repro,no
repro/stage75_rgt4_profile_boundary/body_profile_r6/summary.csv,repro,no
repro/stage75_rgt4_profile_boundary/body_profile_r8/r8/run_0.log,repro,no
repro/stage75_rgt4_profile_boundary/body_profile_r8/summary.csv,repro,no
repro/stage75_rgt4_profile_boundary/decision.csv,repro,no
repro/stage75_rgt4_profile_boundary/profile_metrics.csv,repro,no
repro/stage76_rgt4_kernel_feasibility/ep_breakdown.csv,repro,no
repro/stage76_rgt4_kernel_feasibility/kernel_microbench.csv,repro,no
repro/stage76_rgt4_kernel_feasibility/rgt4_kernel_smoke.log,repro,no
repro/stage76_rgt4_kernel_feasibility/summary.csv,repro,no
repro/stage77_rgt4_fused_mat_kernel/full_sab_fused_r6/run_0.log,repro,no
repro/stage77_rgt4_fused_mat_kernel/full_sab_fused_r6/summary.csv,repro,no
repro/stage77_rgt4_fused_mat_kernel/full_sab_fused_r8/run_0.log,repro,no
repro/stage77_rgt4_fused_mat_kernel/full_sab_fused_r8/summary.csv,repro,no
repro/stage77_rgt4_fused_mat_kernel/full_sab_generic_r6/run_0.log,repro,no
repro/stage77_rgt4_fused_mat_kernel/full_sab_generic_r6/summary.csv,repro,no
repro/stage77_rgt4_fused_mat_kernel/full_sab_generic_r8/run_0.log,repro,no
repro/stage77_rgt4_fused_mat_kernel/full_sab_generic_r8/summary.csv,repro,no
repro/stage77_rgt4_fused_mat_kernel/full_sab_smoke.csv,repro,no
repro/stage77_rgt4_fused_mat_kernel/fused.log,repro,no
repro/stage77_rgt4_fused_mat_kernel/generic.log,repro,no
repro/stage77_rgt4_fused_mat_kernel/kernel_comparison.csv,repro,no
repro/stage77_rgt4_fused_mat_kernel/summary.csv,repro,no
repro/stage78_rgt4_fused_repeated_gates/final_noise/aggregate.csv,repro,no
repro/stage78_rgt4_fused_repeated_gates/final_noise/r6/seed_6862025.log,repro,no
repro/stage78_rgt4_fused_repeated_gates/final_noise/r6/seed_6862026.log,repro,no
repro/stage78_rgt4_fused_repeated_gates/final_noise/r6/seed_6862027.log,repro,no
repro/stage78_rgt4_fused_repeated_gates/final_noise/r8/seed_6862025.log,repro,no
repro/stage78_rgt4_fused_repeated_gates/final_noise/r8/seed_6862026.log,repro,no
repro/stage78_rgt4_fused_repeated_gates/final_noise/r8/seed_6862027.log,repro,no
repro/stage78_rgt4_fused_repeated_gates/final_noise/summary.csv,repro,no
repro/stage78_rgt4_fused_repeated_gates/full_sab_fused_r6_runs3/run_0.log,repro,no
repro/stage78_rgt4_fused_repeated_gates/full_sab_fused_r6_runs3/run_1.log,repro,no
repro/stage78_rgt4_fused_repeated_gates/full_sab_fused_r6_runs3/run_2.log,repro,no
repro/stage78_rgt4_fused_repeated_gates/full_sab_fused_r6_runs3/summary.csv,repro,no
repro/stage78_rgt4_fused_repeated_gates/full_sab_fused_r8_runs1/run_0.log,repro,no
repro/stage78_rgt4_fused_repeated_gates/full_sab_fused_r8_runs1/summary.csv,repro,no
repro/stage78_rgt4_fused_repeated_gates/full_sab_repeated.csv,repro,no
repro/stage78_rgt4_fused_repeated_gates/noise_summary.csv,repro,no
repro/stage78_rgt4_fused_repeated_gates/resource/r6/pvw.log,repro,no
repro/stage78_rgt4_fused_repeated_gates/resource/r6/pvw.time.log,repro,no
repro/stage78_rgt4_fused_repeated_gates/resource/r6/scalar.log,repro,no
repro/stage78_rgt4_fused_repeated_gates/resource/r6/scalar.time.log,repro,no
repro/stage78_rgt4_fused_repeated_gates/resource/r8/pvw.log,repro,no
repro/stage78_rgt4_fused_repeated_gates/resource/r8/pvw.time.log,repro,no
repro/stage78_rgt4_fused_repeated_gates/resource/r8/scalar.log,repro,no
repro/stage78_rgt4_fused_repeated_gates/resource/r8/scalar.time.log,repro,no
repro/stage78_rgt4_fused_repeated_gates/resource/summary.csv,repro,no
repro/stage78_rgt4_fused_repeated_gates/resource_summary.csv,repro,no
repro/stage78_rgt4_fused_repeated_gates/stage78_run.log,repro,no
repro/stage78_rgt4_fused_repeated_gates/summary.csv,repro,no
repro/stage79_rgt4_fused_high_stat/final_noise/aggregate.csv,repro,no
repro/stage79_rgt4_fused_high_stat/final_noise/r6/seed_6866025.log,repro,no
repro/stage79_rgt4_fused_high_stat/final_noise/r6/seed_6866026.log,repro,no
repro/stage79_rgt4_fused_high_stat/final_noise/r6/seed_6866027.log,repro,no
repro/stage79_rgt4_fused_high_stat/final_noise/r6/seed_6866028.log,repro,no
repro/stage79_rgt4_fused_high_stat/final_noise/r6/seed_6866029.log,repro,no
repro/stage79_rgt4_fused_high_stat/final_noise/r6/seed_6866030.log,repro,no
repro/stage79_rgt4_fused_high_stat/final_noise/r6/seed_6866031.log,repro,no
repro/stage79_rgt4_fused_high_stat/final_noise/r6/seed_6866032.log,repro,no
repro/stage79_rgt4_fused_high_stat/final_noise/r6/seed_6866033.log,repro,no
repro/stage79_rgt4_fused_high_stat/final_noise/r6/seed_6866034.log,repro,no
repro/stage79_rgt4_fused_high_stat/final_noise/r6/seed_6866035.log,repro,no
repro/stage79_rgt4_fused_high_stat/final_noise/r6/seed_6866036.log,repro,no
repro/stage79_rgt4_fused_high_stat/final_noise/r6/seed_6866037.log,repro,no
repro/stage79_rgt4_fused_high_stat/final_noise/r6/seed_6866038.log,repro,no
repro/stage79_rgt4_fused_high_stat/final_noise/r6/seed_6866039.log,repro,no
repro/stage79_rgt4_fused_high_stat/final_noise/r6/seed_6866040.log,repro,no
repro/stage79_rgt4_fused_high_stat/final_noise/r6/seed_6866041.log,repro,no
repro/stage79_rgt4_fused_high_stat/final_noise/r6/seed_6866042.log,repro,no
repro/stage79_rgt4_fused_high_stat/final_noise/r6/seed_6866043.log,repro,no
repro/stage79_rgt4_fused_high_stat/final_noise/r6/seed_6866044.log,repro,no
repro/stage79_rgt4_fused_high_stat/final_noise/summary.csv,repro,no
repro/stage79_rgt4_fused_high_stat/full_sab_fused_r6_runs10/run_0.log,repro,no
repro/stage79_rgt4_fused_high_stat/full_sab_fused_r6_runs10/run_1.log,repro,no
repro/stage79_rgt4_fused_high_stat/full_sab_fused_r6_runs10/run_2.log,repro,no
repro/stage79_rgt4_fused_high_stat/full_sab_fused_r6_runs10/run_3.log,repro,no
repro/stage79_rgt4_fused_high_stat/full_sab_fused_r6_runs10/run_4.log,repro,no
repro/stage79_rgt4_fused_high_stat/full_sab_fused_r6_runs10/run_5.log,repro,no
repro/stage79_rgt4_fused_high_stat/full_sab_fused_r6_runs10/run_6.log,repro,no
repro/stage79_rgt4_fused_high_stat/full_sab_fused_r6_runs10/run_7.log,repro,no
repro/stage79_rgt4_fused_high_stat/full_sab_fused_r6_runs10/run_8.log,repro,no
repro/stage79_rgt4_fused_high_stat/full_sab_fused_r6_runs10/run_9.log,repro,no
repro/stage79_rgt4_fused_high_stat/full_sab_fused_r6_runs10/summary.csv,repro,no
repro/stage79_rgt4_fused_high_stat/full_sab_high_stat.csv,repro,no
repro/stage79_rgt4_fused_high_stat/noise_summary.csv,repro,no
repro/stage79_rgt4_fused_high_stat/resource_run_0/r6/pvw.log,repro,no
repro/stage79_rgt4_fused_high_stat/resource_run_0/r6/pvw.time.log,repro,no
repro/stage79_rgt4_fused_high_stat/resource_run_0/r6/scalar.log,repro,no
repro/stage79_rgt4_fused_high_stat/resource_run_0/r6/scalar.time.log,repro,no
repro/stage79_rgt4_fused_high_stat/resource_run_0/summary.csv,repro,no
repro/stage79_rgt4_fused_high_stat/resource_run_1/r6/pvw.log,repro,no
repro/stage79_rgt4_fused_high_stat/resource_run_1/r6/pvw.time.log,repro,no
repro/stage79_rgt4_fused_high_stat/resource_run_1/r6/scalar.log,repro,no
repro/stage79_rgt4_fused_high_stat/resource_run_1/r6/scalar.time.log,repro,no
repro/stage79_rgt4_fused_high_stat/resource_run_1/summary.csv,repro,no
repro/stage79_rgt4_fused_high_stat/resource_run_2/r6/pvw.log,repro,no
repro/stage79_rgt4_fused_high_stat/resource_run_2/r6/pvw.time.log,repro,no
repro/stage79_rgt4_fused_high_stat/resource_run_2/r6/scalar.log,repro,no
repro/stage79_rgt4_fused_high_stat/resource_run_2/r6/scalar.time.log,repro,no
repro/stage79_rgt4_fused_high_stat/resource_run_2/summary.csv,repro,no
repro/stage79_rgt4_fused_high_stat/resource_samples.csv,repro,no
repro/stage79_rgt4_fused_high_stat/resource_summary.csv,repro,no
repro/stage79_rgt4_fused_high_stat/stage79_run.log,repro,no
repro/stage79_rgt4_fused_high_stat/summary.csv,repro,no
repro/stage7_backend_ffnt_r2_reps1_runs1/run_0.log,repro,no
repro/stage7_backend_ffnt_r2_reps1_runs1/summary.csv,repro,no
repro/stage7_backend_summary.csv,repro,no
repro/stage7_bench_sweep_r2_reps2_runs3/run_0.log,repro,no
repro/stage7_bench_sweep_r2_reps2_runs3/run_1.log,repro,no
repro/stage7_bench_sweep_r2_reps2_runs3/run_2.log,repro,no
repro/stage7_bench_sweep_r2_reps2_runs3/summary.csv,repro,no
repro/stage7_bench_sweep_r4_reps2_runs3/run_0.log,repro,no
repro/stage7_bench_sweep_r4_reps2_runs3/run_1.log,repro,no
repro/stage7_bench_sweep_r4_reps2_runs3/run_2.log,repro,no
repro/stage7_bench_sweep_r4_reps2_runs3/summary.csv,repro,no
repro/stage7_bench_sweep_summary.csv,repro,no
repro/stage7_full_bench_summary.csv,repro,no
repro/stage7_pvw_bench_r4_reps3/main.log,repro,no
repro/stage7_resource_r2/pvw.log,repro,no
repro/stage7_resource_r2/pvw.time.log,repro,no
repro/stage7_resource_r2/scalar.log,repro,no
repro/stage7_resource_r2/scalar.time.log,repro,no
repro/stage7_resource_r4/pvw.log,repro,no
repro/stage7_resource_r4/pvw.time.log,repro,no
repro/stage7_resource_r4/scalar.log,repro,no
repro/stage7_resource_r4/scalar.time.log,repro,no
repro/stage7_resource_summary.csv,repro,no
repro/stage80_promotion_policy_audit/current_smoke/pvw_target_SET_2_3_2048/build.log,repro,no
repro/stage80_promotion_policy_audit/current_smoke/pvw_target_SET_2_3_2048/run.log,repro,no
repro/stage80_promotion_policy_audit/current_smoke/scalar_binary_SET_2_3_2048/build.log,repro,no
repro/stage80_promotion_policy_audit/current_smoke/scalar_binary_SET_2_3_2048/run.log,repro,no
repro/stage80_promotion_policy_audit/current_smoke/scalar_ternary_SET_2_3_2048/build.log,repro,no
repro/stage80_promotion_policy_audit/current_smoke/summary.csv,repro,no
repro/stage80_promotion_policy_audit/stage80_run.log,repro,no
repro/stage80_promotion_policy_audit/summary.csv,repro,no
repro/stage81_next_variant_triage.csv,repro,no
repro/stage82_post_h11_profile/body_profile_fused_r6/r6/run_0.log,repro,no
repro/stage82_post_h11_profile/body_profile_fused_r6/summary.csv,repro,no
repro/stage82_post_h11_profile/decision.csv,repro,no
repro/stage82_post_h11_profile/profile_metrics.csv,repro,no
repro/stage82_post_h11_profile/stage82_run.log,repro,no
repro/stage83_mat_body_design_check/candidates.csv,repro,no
repro/stage83_mat_body_design_check/decision.csv,repro,no
repro/stage84_h13_r6_tile_sweep_preflight/full_sab_fulltile_r6/run_0.log,repro,no
repro/stage84_h13_r6_tile_sweep_preflight/full_sab_fulltile_r6/summary.csv,repro,no
repro/stage84_h13_r6_tile_sweep_preflight/full_sab_smoke.csv,repro,no
repro/stage84_h13_r6_tile_sweep_preflight/full_sab_tile4_r6/run_0.log,repro,no
repro/stage84_h13_r6_tile_sweep_preflight/full_sab_tile4_r6/summary.csv,repro,no
repro/stage84_h13_r6_tile_sweep_preflight/fulltile.log,repro,no
repro/stage84_h13_r6_tile_sweep_preflight/kernel_comparison.csv,repro,no
repro/stage84_h13_r6_tile_sweep_preflight/stage84_run.log,repro,no
repro/stage84_h13_r6_tile_sweep_preflight/summary.csv,repro,no
repro/stage84_h13_r6_tile_sweep_preflight/tile4.log,repro,no
repro/stage86_secondary_cmux_materialization/candidates.csv,repro,no
repro/stage86_secondary_cmux_materialization/decision.csv,repro,no
repro/stage87_h14_backend_from_dft_add_preflight/full_sab_backend_r6/build.log,repro,no
repro/stage87_h14_backend_from_dft_add_preflight/full_sab_backend_r6/run_0.log,repro,no
repro/stage87_h14_backend_from_dft_add_preflight/full_sab_smoke.csv,repro,no
repro/stage87_h14_backend_from_dft_add_preflight/full_sab_wrapper_r6/build.log,repro,no
repro/stage87_h14_backend_from_dft_add_preflight/full_sab_wrapper_r6/run_0.log,repro,no
repro/stage87_h14_backend_from_dft_add_preflight/kernel_build.log,repro,no
repro/stage87_h14_backend_from_dft_add_preflight/kernel_run.log,repro,no
repro/stage87_h14_backend_from_dft_add_preflight/summary.csv,repro,no
repro/stage87_h14_backend_from_dft_add_preflight/target_build.log,repro,no
repro/stage87_h14_backend_from_dft_add_preflight/target_run.log,repro,no
repro/stage88_h14_backend_repeated_gates/backend_vs_wrapper.csv,repro,no
repro/stage88_h14_backend_repeated_gates/final_noise/aggregate.csv,repro,no
repro/stage88_h14_backend_repeated_gates/final_noise/r6/seed_6868025.log,repro,no
repro/stage88_h14_backend_repeated_gates/final_noise/r6/seed_6868026.log,repro,no
repro/stage88_h14_backend_repeated_gates/final_noise/r6/seed_6868027.log,repro,no
repro/stage88_h14_backend_repeated_gates/final_noise/summary.csv,repro,no
repro/stage88_h14_backend_repeated_gates/full_sab_backend_r6_runs3/build.log,repro,no
repro/stage88_h14_backend_repeated_gates/full_sab_backend_r6_runs3/run_0.log,repro,no
repro/stage88_h14_backend_repeated_gates/full_sab_backend_r6_runs3/run_1.log,repro,no
repro/stage88_h14_backend_repeated_gates/full_sab_backend_r6_runs3/run_2.log,repro,no
repro/stage88_h14_backend_repeated_gates/full_sab_backend_r6_runs3/summary.csv,repro,no
repro/stage88_h14_backend_repeated_gates/full_sab_repeated.csv,repro,no
repro/stage88_h14_backend_repeated_gates/full_sab_wrapper_r6_runs3/build.log,repro,no
repro/stage88_h14_backend_repeated_gates/full_sab_wrapper_r6_runs3/run_0.log,repro,no
repro/stage88_h14_backend_repeated_gates/full_sab_wrapper_r6_runs3/run_1.log,repro,no
repro/stage88_h14_backend_repeated_gates/full_sab_wrapper_r6_runs3/run_2.log,repro,no
repro/stage88_h14_backend_repeated_gates/full_sab_wrapper_r6_runs3/summary.csv,repro,no
repro/stage88_h14_backend_repeated_gates/noise_summary.csv,repro,no
repro/stage88_h14_backend_repeated_gates/resource_run_0/r6/pvw.log,repro,no
repro/stage88_h14_backend_repeated_gates/resource_run_0/r6/pvw.time.log,repro,no
repro/stage88_h14_backend_repeated_gates/resource_run_0/r6/scalar.log,repro,no
repro/stage88_h14_backend_repeated_gates/resource_run_0/r6/scalar.time.log,repro,no
repro/stage88_h14_backend_repeated_gates/resource_run_0/summary.csv,repro,no
repro/stage88_h14_backend_repeated_gates/resource_samples.csv,repro,no
repro/stage88_h14_backend_repeated_gates/resource_summary.csv,repro,no
repro/stage88_h14_backend_repeated_gates/stage88_run.log,repro,no
repro/stage88_h14_backend_repeated_gates/summary.csv,repro,no
repro/stage89_h14_promotion_policy_integration/current_smoke/backend_pvw_target_SET_2_3_2048/build.log,repro,no
repro/stage89_h14_promotion_policy_integration/current_smoke/backend_pvw_target_SET_2_3_2048/run.log,repro,no
repro/stage89_h14_promotion_policy_integration/current_smoke/scalar_binary_SET_2_3_2048/build.log,repro,no
repro/stage89_h14_promotion_policy_integration/current_smoke/scalar_binary_SET_2_3_2048/run.log,repro,no
repro/stage89_h14_promotion_policy_integration/current_smoke/scalar_ternary_SET_2_3_2048/build.log,repro,no
repro/stage89_h14_promotion_policy_integration/current_smoke/summary.csv,repro,no
repro/stage89_h14_promotion_policy_integration/stage89_run.log,repro,no
repro/stage89_h14_promotion_policy_integration/summary.csv,repro,no
repro/stage8_backend_avx512_r2_reps1_runs1/run_0.log,repro,no
repro/stage8_backend_avx512_r2_reps1_runs1/summary.csv,repro,no
repro/stage8_backend_avx512_r2_reps2_runs3/run_0.log,repro,no
repro/stage8_backend_avx512_r2_reps2_runs3/run_1.log,repro,no
repro/stage8_backend_avx512_r2_reps2_runs3/run_2.log,repro,no
repro/stage8_backend_avx512_r2_reps2_runs3/summary.csv,repro,no
repro/stage8_backend_avx512_r4_reps2_runs3/run_0.log,repro,no
repro/stage8_backend_avx512_r4_reps2_runs3/run_1.log,repro,no
repro/stage8_backend_avx512_r4_reps2_runs3/run_2.log,repro,no
repro/stage8_backend_avx512_r4_reps2_runs3/summary.csv,repro,no
repro/stage8_backend_sensitivity_summary.csv,repro,no
repro/stage8_clear_elision_bench_r2_reps2_runs3/run_0.log,repro,no
repro/stage8_clear_elision_bench_r2_reps2_runs3/run_1.log,repro,no
repro/stage8_clear_elision_bench_r2_reps2_runs3/run_2.log,repro,no
repro/stage8_clear_elision_bench_r2_reps2_runs3/summary.csv,repro,no
repro/stage8_clear_elision_bench_r4_reps2_runs3/run_0.log,repro,no
repro/stage8_clear_elision_bench_r4_reps2_runs3/run_1.log,repro,no
repro/stage8_clear_elision_bench_r4_reps2_runs3/run_2.log,repro,no
repro/stage8_clear_elision_bench_r4_reps2_runs3/summary.csv,repro,no
repro/stage8_clear_elision_bench_summary.csv,repro,no
repro/stage8_clear_elision_kernel_spqlios/main.log,repro,no
repro/stage8_clear_elision_noise_r2_trials3/main.log,repro,no
repro/stage8_clear_elision_noise_r4_trials1/main.log,repro,no
repro/stage8_clear_elision_noise_summary.csv,repro,no
repro/stage8_clear_elision_scalar_spqlios/main.log,repro,no
repro/stage8_clear_elision_seed_sweep_r2_10/seed_6862025.log,repro,no
repro/stage8_clear_elision_seed_sweep_r2_10/seed_6862026.log,repro,no
repro/stage8_clear_elision_seed_sweep_r2_10/seed_6862027.log,repro,no
repro/stage8_clear_elision_seed_sweep_r2_10/seed_6862028.log,repro,no
repro/stage8_clear_elision_seed_sweep_r2_10/seed_6862029.log,repro,no
repro/stage8_clear_elision_seed_sweep_r2_10/seed_6862030.log,repro,no
repro/stage8_clear_elision_seed_sweep_r2_10/seed_6862031.log,repro,no
repro/stage8_clear_elision_seed_sweep_r2_10/seed_6862032.log,repro,no
repro/stage8_clear_elision_seed_sweep_r2_10/seed_6862033.log,repro,no
repro/stage8_clear_elision_seed_sweep_r2_10/seed_6862034.log,repro,no
repro/stage8_clear_elision_seed_sweep_r2_10/summary.csv,repro,no
repro/stage8_clear_elision_seed_sweep_r2_40_more/seed_6862035.log,repro,no
repro/stage8_clear_elision_seed_sweep_r2_40_more/seed_6862036.log,repro,no
repro/stage8_clear_elision_seed_sweep_r2_40_more/seed_6862037.log,repro,no
repro/stage8_clear_elision_seed_sweep_r2_40_more/seed_6862038.log,repro,no
repro/stage8_clear_elision_seed_sweep_r2_40_more/seed_6862039.log,repro,no
repro/stage8_clear_elision_seed_sweep_r2_40_more/seed_6862040.log,repro,no
repro/stage8_clear_elision_seed_sweep_r2_40_more/seed_6862041.log,repro,no
repro/stage8_clear_elision_seed_sweep_r2_40_more/seed_6862042.log,repro,no
repro/stage8_clear_elision_seed_sweep_r2_40_more/seed_6862043.log,repro,no
repro/stage8_clear_elision_seed_sweep_r2_40_more/seed_6862044.log,repro,no
repro/stage8_clear_elision_seed_sweep_r2_40_more/seed_6862045.log,repro,no
repro/stage8_clear_elision_seed_sweep_r2_40_more/seed_6862046.log,repro,no
repro/stage8_clear_elision_seed_sweep_r2_40_more/seed_6862047.log,repro,no
repro/stage8_clear_elision_seed_sweep_r2_40_more/seed_6862048.log,repro,no
repro/stage8_clear_elision_seed_sweep_r2_40_more/seed_6862049.log,repro,no
repro/stage8_clear_elision_seed_sweep_r2_40_more/seed_6862050.log,repro,no
repro/stage8_clear_elision_seed_sweep_r2_40_more/seed_6862051.log,repro,no
repro/stage8_clear_elision_seed_sweep_r2_40_more/seed_6862052.log,repro,no
repro/stage8_clear_elision_seed_sweep_r2_40_more/seed_6862053.log,repro,no
repro/stage8_clear_elision_seed_sweep_r2_40_more/seed_6862054.log,repro,no
repro/stage8_clear_elision_seed_sweep_r2_40_more/seed_6862055.log,repro,no
repro/stage8_clear_elision_seed_sweep_r2_40_more/seed_6862056.log,repro,no
repro/stage8_clear_elision_seed_sweep_r2_40_more/seed_6862057.log,repro,no
repro/stage8_clear_elision_seed_sweep_r2_40_more/seed_6862058.log,repro,no
repro/stage8_clear_elision_seed_sweep_r2_40_more/seed_6862059.log,repro,no
repro/stage8_clear_elision_seed_sweep_r2_40_more/seed_6862060.log,repro,no
repro/stage8_clear_elision_seed_sweep_r2_40_more/seed_6862061.log,repro,no
repro/stage8_clear_elision_seed_sweep_r2_40_more/seed_6862062.log,repro,no
repro/stage8_clear_elision_seed_sweep_r2_40_more/seed_6862063.log,repro,no
repro/stage8_clear_elision_seed_sweep_r2_40_more/seed_6862064.log,repro,no
repro/stage8_clear_elision_seed_sweep_r2_40_more/seed_6862065.log,repro,no
repro/stage8_clear_elision_seed_sweep_r2_40_more/seed_6862066.log,repro,no
repro/stage8_clear_elision_seed_sweep_r2_40_more/seed_6862067.log,repro,no
repro/stage8_clear_elision_seed_sweep_r2_40_more/seed_6862068.log,repro,no
repro/stage8_clear_elision_seed_sweep_r2_40_more/seed_6862069.log,repro,no
repro/stage8_clear_elision_seed_sweep_r2_40_more/seed_6862070.log,repro,no
repro/stage8_clear_elision_seed_sweep_r2_40_more/seed_6862071.log,repro,no
repro/stage8_clear_elision_seed_sweep_r2_40_more/seed_6862072.log,repro,no
repro/stage8_clear_elision_seed_sweep_r2_40_more/seed_6862073.log,repro,no
repro/stage8_clear_elision_seed_sweep_r2_40_more/seed_6862074.log,repro,no
repro/stage8_clear_elision_seed_sweep_r2_40_more/summary.csv,repro,no
repro/stage8_clear_elision_seed_sweep_r2_50_aggregate.csv,repro,no
repro/stage8_clear_elision_seed_sweep_r4_10/seed_6862025.log,repro,no
repro/stage8_clear_elision_seed_sweep_r4_10/seed_6862026.log,repro,no
repro/stage8_clear_elision_seed_sweep_r4_10/seed_6862027.log,repro,no
repro/stage8_clear_elision_seed_sweep_r4_10/seed_6862028.log,repro,no
repro/stage8_clear_elision_seed_sweep_r4_10/seed_6862029.log,repro,no
repro/stage8_clear_elision_seed_sweep_r4_10/seed_6862030.log,repro,no
repro/stage8_clear_elision_seed_sweep_r4_10/seed_6862031.log,repro,no
repro/stage8_clear_elision_seed_sweep_r4_10/seed_6862032.log,repro,no
repro/stage8_clear_elision_seed_sweep_r4_10/seed_6862033.log,repro,no
repro/stage8_clear_elision_seed_sweep_r4_10/seed_6862034.log,repro,no
repro/stage8_clear_elision_seed_sweep_r4_10/summary.csv,repro,no
repro/stage8_clear_elision_seed_sweep_r4_40_more/seed_6862035.log,repro,no
repro/stage8_clear_elision_seed_sweep_r4_40_more/seed_6862036.log,repro,no
repro/stage8_clear_elision_seed_sweep_r4_40_more/seed_6862037.log,repro,no
repro/stage8_clear_elision_seed_sweep_r4_40_more/seed_6862038.log,repro,no
repro/stage8_clear_elision_seed_sweep_r4_40_more/seed_6862039.log,repro,no
repro/stage8_clear_elision_seed_sweep_r4_40_more/seed_6862040.log,repro,no
repro/stage8_clear_elision_seed_sweep_r4_40_more/seed_6862041.log,repro,no
repro/stage8_clear_elision_seed_sweep_r4_40_more/seed_6862042.log,repro,no
repro/stage8_clear_elision_seed_sweep_r4_40_more/seed_6862043.log,repro,no
repro/stage8_clear_elision_seed_sweep_r4_40_more/seed_6862044.log,repro,no
repro/stage8_clear_elision_seed_sweep_r4_40_more/seed_6862045.log,repro,no
repro/stage8_clear_elision_seed_sweep_r4_40_more/seed_6862046.log,repro,no
repro/stage8_clear_elision_seed_sweep_r4_40_more/seed_6862047.log,repro,no
repro/stage8_clear_elision_seed_sweep_r4_40_more/seed_6862048.log,repro,no
repro/stage8_clear_elision_seed_sweep_r4_40_more/seed_6862049.log,repro,no
repro/stage8_clear_elision_seed_sweep_r4_40_more/seed_6862050.log,repro,no
repro/stage8_clear_elision_seed_sweep_r4_40_more/seed_6862051.log,repro,no
repro/stage8_clear_elision_seed_sweep_r4_40_more/seed_6862052.log,repro,no
repro/stage8_clear_elision_seed_sweep_r4_40_more/seed_6862053.log,repro,no
repro/stage8_clear_elision_seed_sweep_r4_40_more/seed_6862054.log,repro,no
repro/stage8_clear_elision_seed_sweep_r4_40_more/seed_6862055.log,repro,no
repro/stage8_clear_elision_seed_sweep_r4_40_more/seed_6862056.log,repro,no
repro/stage8_clear_elision_seed_sweep_r4_40_more/seed_6862057.log,repro,no
repro/stage8_clear_elision_seed_sweep_r4_40_more/seed_6862058.log,repro,no
repro/stage8_clear_elision_seed_sweep_r4_40_more/seed_6862059.log,repro,no
repro/stage8_clear_elision_seed_sweep_r4_40_more/seed_6862060.log,repro,no
repro/stage8_clear_elision_seed_sweep_r4_40_more/seed_6862061.log,repro,no
repro/stage8_clear_elision_seed_sweep_r4_40_more/seed_6862062.log,repro,no
repro/stage8_clear_elision_seed_sweep_r4_40_more/seed_6862063.log,repro,no
repro/stage8_clear_elision_seed_sweep_r4_40_more/seed_6862064.log,repro,no
repro/stage8_clear_elision_seed_sweep_r4_40_more/seed_6862065.log,repro,no
repro/stage8_clear_elision_seed_sweep_r4_40_more/seed_6862066.log,repro,no
repro/stage8_clear_elision_seed_sweep_r4_40_more/seed_6862067.log,repro,no
repro/stage8_clear_elision_seed_sweep_r4_40_more/seed_6862068.log,repro,no
repro/stage8_clear_elision_seed_sweep_r4_40_more/seed_6862069.log,repro,no
repro/stage8_clear_elision_seed_sweep_r4_40_more/seed_6862070.log,repro,no
repro/stage8_clear_elision_seed_sweep_r4_40_more/seed_6862071.log,repro,no
repro/stage8_clear_elision_seed_sweep_r4_40_more/seed_6862072.log,repro,no
repro/stage8_clear_elision_seed_sweep_r4_40_more/seed_6862073.log,repro,no
repro/stage8_clear_elision_seed_sweep_r4_40_more/seed_6862074.log,repro,no
repro/stage8_clear_elision_seed_sweep_r4_40_more/summary.csv,repro,no
repro/stage8_clear_elision_seed_sweep_r4_50_aggregate.csv,repro,no
repro/stage8_clear_elision_seed_sweep_summary.csv,repro,no
repro/stage8_clear_elision_summary.csv,repro,no
repro/stage8_clear_elision_target_spqlios/main.log,repro,no
repro/stage8_full_bootstrap_gain_separation.csv,repro,no
repro/stage8_r_scaling_r1_reps2_runs3/run_0.log,repro,no
repro/stage8_r_scaling_r1_reps2_runs3/run_1.log,repro,no
repro/stage8_r_scaling_r1_reps2_runs3/run_2.log,repro,no
repro/stage8_r_scaling_r1_reps2_runs3/summary.csv,repro,no
repro/stage8_r_scaling_summary.csv,repro,no
repro/stage90_external_claim_unlock/citation_probe.log,repro,no
repro/stage90_external_claim_unlock/citation_probe/access_probe.csv,repro,no
repro/stage90_external_claim_unlock/citation_probe/summary.csv,repro,no
repro/stage90_external_claim_unlock/external_evidence_intake.log,repro,no
repro/stage90_external_claim_unlock/native_perf_gate.log,repro,no
repro/stage90_external_claim_unlock/native_perf_gate/environment.log,repro,no
repro/stage90_external_claim_unlock/native_perf_gate/perf_smoke.log,repro,no
repro/stage90_external_claim_unlock/native_perf_gate/summary.csv,repro,no
repro/stage90_external_claim_unlock/stage90_builder.log,repro,no
repro/stage90_external_claim_unlock/summary.csv,repro,no
repro/stage91_final_package/artifact_index.csv,repro,no
repro/stage91_final_package/claim_boundary.csv,repro,no
repro/stage91_final_package/noise_resource_claims.csv,repro,no
repro/stage91_final_package/performance_claims.csv,repro,no
repro/stage91_final_package/reproduction_commands.csv,repro,no
repro/stage91_final_package/summary.csv,repro,no
repro/stage92_external_unlock_execution/acceptance_matrix.csv,repro,no
repro/stage92_external_unlock_execution/artifact_index.csv,repro,no
repro/stage92_external_unlock_execution/commands.csv,repro,no
repro/stage92_external_unlock_execution/lane_matrix.csv,repro,no
repro/stage92_external_unlock_execution/summary.csv,repro,no
repro/stage93_external_lane_attempt/artifact_index.csv,repro,no
repro/stage93_external_lane_attempt/local_fulltext_search.csv,repro,no
repro/stage93_external_lane_attempt/native_perf_gate.log,repro,no
repro/stage93_external_lane_attempt/native_perf_gate/environment.log,repro,no
repro/stage93_external_lane_attempt/native_perf_gate/perf_smoke.log,repro,no
repro/stage93_external_lane_attempt/native_perf_gate/summary.csv,repro,no
repro/stage93_external_lane_attempt/summary.csv,repro,no
repro/stage94_local_frontier_audit/artifact_index.csv,repro,no
repro/stage94_local_frontier_audit/candidates.csv,repro,no
repro/stage94_local_frontier_audit/summary.csv,repro,no
repro/stage95_public_source_reprobe/artifact_index.csv,repro,no
repro/stage95_public_source_reprobe/route_matrix.csv,repro,no
repro/stage95_public_source_reprobe/summary.csv,repro,no
repro/stage9_failure_rate_summary.csv,repro,no
repro/stage9_literature_matrix.csv,repro,no
repro/stage9_stage_noise_r2_trials1/main.log,repro,no
repro/stage9_stage_noise_r4_trials1/main.log,repro,no
repro/stage9_stage_noise_summary.csv,repro,no
repro/stage_commit_registry.csv,repro,no
scripts/build_conditional_backlog_audit.py,scripts,no
scripts/build_final_goal_completion_audit.py,scripts,no
scripts/build_remaining_blocker_dashboard.py,scripts,no
scripts/build_stage27_final_package.py,scripts,no
scripts/build_stage35_completion_blockers.py,scripts,no
scripts/build_stage36_added_params_summary.py,scripts,no
scripts/build_stage36_high_stat_plan.py,scripts,no
scripts/build_stage36_resource_summary.py,scripts,no
scripts/build_stage36_target_perf_summary.py,scripts,no
scripts/build_stage37_native_perf_counter_log.py,scripts,no
scripts/build_stage38_fulltext_review_gate.py,scripts,no
scripts/build_stage38_fulltext_review_log.py,scripts,no
scripts/build_stage39_variant_triage.py,scripts,no
scripts/build_stage40_final_freeze.py,scripts,no
scripts/build_stage41_external_unlock_packet.py,scripts,no
scripts/build_stage42_evidence_closure_audit.py,scripts,no
scripts/build_stage44_external_unlock_reprobe.py,scripts,no
scripts/build_stage50_performance_evidence_matrix.py,scripts,no
scripts/build_stage51_goal_completion_frontier.py,scripts,no
scripts/build_stage52_external_unlock_readiness.py,scripts,no
scripts/build_stage55_external_paper_probe.py,scripts,no
scripts/build_stage57_scope_label_audit.py,scripts,no
scripts/build_stage59_completion_route_readiness.py,scripts,no
scripts/build_stage62_fulltext_unlock_probe.py,scripts,no
scripts/build_stage64_post_variant_refresh_log.py,scripts,no
scripts/build_stage65_r4_unrolled_avx512_log.py,scripts,no
scripts/build_stage66_post_variant_final_recheck_log.py,scripts,no
scripts/build_stage67_final_recheck_stage66_log.py,scripts,no
scripts/build_stage68_frontier_closure_consistency.py,scripts,no
scripts/build_stage69_local_variant_feasibility.py,scripts,no
scripts/build_stage70_external_unlock_preflight.py,scripts,no
scripts/build_stage71_final_recheck_stage70_log.py,scripts,no
scripts/build_stage72_external_source_refresh.py,scripts,no
scripts/build_stage73_final_recheck_stage72_log.py,scripts,no
scripts/build_stage74_r_scaling_boundary.py,scripts,no
scripts/build_stage75_rgt4_profile_boundary.py,scripts,no
scripts/build_stage76_rgt4_kernel_feasibility.py,scripts,no
scripts/build_stage77_rgt4_fused_mat_kernel.py,scripts,no
scripts/build_stage78_rgt4_fused_repeated_gates.py,scripts,no
scripts/build_stage79_rgt4_fused_high_stat.py,scripts,no
scripts/build_stage80_promotion_policy_audit.py,scripts,no
scripts/build_stage81_next_variant_triage.py,scripts,no
scripts/build_stage82_post_h11_profile.py,scripts,no
scripts/build_stage83_mat_body_design_check.py,scripts,no
scripts/build_stage84_h13_r6_tile_sweep_preflight.py,scripts,no
scripts/build_stage86_secondary_cmux_materialization.py,scripts,no
scripts/build_stage87_h14_backend_from_dft_add_preflight.py,scripts,no
scripts/build_stage88_h14_backend_repeated_gates.py,scripts,no
scripts/build_stage89_h14_promotion_policy_integration.py,scripts,no
scripts/build_stage90_external_claim_unlock.py,scripts,no
scripts/build_stage91_final_package.py,scripts,no
scripts/build_stage92_external_unlock_execution_packet.py,scripts,no
scripts/build_stage93_external_lane_attempt.py,scripts,no
scripts/build_stage94_local_frontier_audit.py,scripts,no
scripts/build_stage95_public_source_reprobe.py,scripts,no
scripts/register_external_evidence.py,scripts,no
scripts/run_final_goal_recheck.sh,scripts,no
scripts/run_stage11_avx512_smallr_bench.sh,scripts,no
scripts/run_stage13_postproc_profile.sh,scripts,no
scripts/run_stage14_body_profile.sh,scripts,no
scripts/run_stage15_avx512_mat_gate.sh,scripts,no
scripts/run_stage16_full_sab_audit.sh,scripts,no
scripts/run_stage17_perf_attribution.sh,scripts,no
scripts/run_stage18_cmux_profile.sh,scripts,no
scripts/run_stage19_sparse_schedule_audit.sh,scripts,no
scripts/run_stage20_active_buffer_bench.sh,scripts,no
scripts/run_stage20_active_buffer_profile.sh,scripts,no
scripts/run_stage21_suba_output_bench.sh,scripts,no
scripts/run_stage21_suba_output_profile.sh,scripts,no
scripts/run_stage22_mat_avx512_limit_audit.sh,scripts,no
scripts/run_stage23_schedule_fused_bench.sh,scripts,no
scripts/run_stage23_schedule_fused_profile.sh,scripts,no
scripts/run_stage24_postproc_tail_profile.sh,scripts,no
scripts/run_stage25_final_noise_sweep.sh,scripts,no
scripts/run_stage25_resource_matrix.sh,scripts,no
scripts/run_stage25_stage_noise_probe.sh,scripts,no
scripts/run_stage26_parameter_perf_noise.sh,scripts,no
scripts/run_stage26_parameter_target_smoke.sh,scripts,no
scripts/run_stage27_citation_access_probe.sh,scripts,no
scripts/run_stage27_related_work_access_probe.py,scripts,no
scripts/run_stage28_native_perf_counter_gate.sh,scripts,no
scripts/run_stage33_current_smoke.sh,scripts,no
scripts/run_stage36_high_stat_expansion.sh,scripts,no
scripts/run_stage36_stage_noise_sweep.sh,scripts,no
scripts/run_stage37_native_perf_counter_audit.sh,scripts,no
scripts/run_stage38_fulltext_review_gate.sh,scripts,no
scripts/run_stage44_external_unlock_reprobe.sh,scripts,no
scripts/run_stage64_post_variant_refresh.sh,scripts,no
scripts/run_stage65_r4_unrolled_avx512.sh,scripts,no
scripts/run_stage66_post_variant_final_recheck.sh,scripts,no
scripts/run_stage6_seed_sweep.sh,scripts,no
scripts/run_stage6_seed_sweep_range.sh,scripts,no
scripts/run_stage78_rgt4_fused_repeated_gates.sh,scripts,no
scripts/run_stage79_rgt4_fused_high_stat.sh,scripts,no
scripts/run_stage7_bench_sweep.sh,scripts,no
scripts/run_stage80_promotion_policy_audit.sh,scripts,no
scripts/run_stage82_post_h11_profile.sh,scripts,no
scripts/run_stage84_h13_r6_tile_sweep_preflight.sh,scripts,no
scripts/run_stage87_h14_backend_from_dft_add_preflight.sh,scripts,no
scripts/run_stage88_h14_backend_repeated_gates.sh,scripts,no
scripts/run_stage89_h14_promotion_policy_integration.sh,scripts,no
scripts/run_stage90_external_claim_unlock.sh,scripts,no
scripts/run_stage91_final_package.sh,scripts,no
scripts/run_stage92_external_unlock_execution_packet.sh,scripts,no
scripts/run_stage93_external_lane_attempt.sh,scripts,no
scripts/run_stage94_local_frontier_audit.sh,scripts,no
scripts/run_stage95_public_source_reprobe.sh,scripts,no
scripts/verify_stage40_freeze.py,scripts,no
scripts/verify_stage42_closure.py,scripts,no
src/mosfhet/Makefile.def,source_or_backend,yes
src/mosfhet/include/mosfhet.h,source_or_backend,yes
src/mosfhet/src/bootstrap.c,source_or_backend,yes
src/mosfhet/src/fft/ffnt/ffnt.c,source_or_backend,yes
src/mosfhet/src/fft/ffnt/ffnt.h,source_or_backend,yes
src/mosfhet/src/fft/spqlios/fft_processor_spqlios.c,source_or_backend,yes
src/mosfhet/src/fft/spqlios/spqlios-fft.h,source_or_backend,yes
src/mosfhet/src/keyswitch.c,source_or_backend,yes
src/mosfhet/src/mattrgsw.c,pvw_mat_sab_source,yes
src/mosfhet/src/misc.c,source_or_backend,yes
src/mosfhet/src/polynomial.c,source_or_backend,yes
src/mosfhet/src/pvwtlwe.c,pvw_mat_sab_source,yes
src/mosfhet/src/pvwtmlwe.c,pvw_mat_sab_source,yes
src/mosfhet/src/trgsw.c,source_or_backend,yes
src/mosfhet/src/trlwe.c,source_or_backend,yes
src/mosfhet/test/test,source_or_backend,yes
src/sab_profile.c,source_or_backend,yes
src/sab_pvw.c,pvw_mat_sab_source,yes
src/sparse_amortized_bootstrap.c,source_or_backend,yes
src/sparse_amortized_bootstrap_b.c,source_or_backend,yes
theory_checks/h10_r_gt4_lane_scaling.md,theory,no
theory_checks/h11_rgt4_fused_mat_kernel.md,theory,no
theory_checks/h13_mat_body_reduction_design.md,theory,no
theory_checks/h14_secondary_cmux_materialization.md,theory,no
theory_checks/h3_sparse_selector_feasibility.md,theory,no
theory_checks/mat_avx_memory_model.md,theory,no
theory_checks/pvw_sab_complexity_model.md,theory,no
