
build/mattrgsw.o:     file format elf64-x86-64


Disassembly of section .text:

0000000000000000 <mat_trgsw_mul_pvmtmlwe_DFT_from_dec>:
       0:	55                   	push   rbp
       1:	48 89 e5             	mov    rbp,rsp
       4:	41 57                	push   r15
       6:	41 56                	push   r14
       8:	49 89 f6             	mov    r14,rsi
       b:	41 55                	push   r13
       d:	49 89 fd             	mov    r13,rdi
      10:	41 54                	push   r12
      12:	53                   	push   rbx
      13:	48 89 d3             	mov    rbx,rdx
      16:	48 83 e4 c0          	and    rsp,0xffffffffffffffc0
      1a:	48 83 ec 40          	sub    rsp,0x40
      1e:	8b 47 10             	mov    eax,DWORD PTR [rdi+0x10]
      21:	44 8b 47 14          	mov    r8d,DWORD PTR [rdi+0x14]
      25:	8b 56 08             	mov    edx,DWORD PTR [rsi+0x8]
      28:	46 8d 24 00          	lea    r12d,[rax+r8*1]
      2c:	44 0f af e2          	imul   r12d,edx
      30:	83 f8 01             	cmp    eax,0x1
      33:	0f 85 3a 04 00 00    	jne    473 <mat_trgsw_mul_pvmtmlwe_DFT_from_dec+0x473>
      39:	83 fa 01             	cmp    edx,0x1
      3c:	0f 85 31 04 00 00    	jne    473 <mat_trgsw_mul_pvmtmlwe_DFT_from_dec+0x473>
      42:	48 8b 0f             	mov    rcx,QWORD PTR [rdi]
      45:	48 8b 39             	mov    rdi,QWORD PTR [rcx]
      48:	41 83 f8 02          	cmp    r8d,0x2
      4c:	0f 84 21 06 00 00    	je     673 <mat_trgsw_mul_pvmtmlwe_DFT_from_dec+0x673>
      52:	41 83 f8 04          	cmp    r8d,0x4
      56:	44 89 44 24 38       	mov    DWORD PTR [rsp+0x38],r8d
      5b:	0f 84 c4 08 00 00    	je     925 <mat_trgsw_mul_pvmtmlwe_DFT_from_dec+0x925>
      61:	48 8b 36             	mov    rsi,QWORD PTR [rsi]
      64:	4c 8b 06             	mov    r8,QWORD PTR [rsi]
      67:	48 8b 33             	mov    rsi,QWORD PTR [rbx]
      6a:	4d 8b 08             	mov    r9,QWORD PTR [r8]
      6d:	49 8b 11             	mov    rdx,QWORD PTR [r9]
      70:	e8 00 00 00 00       	call   75 <mat_trgsw_mul_pvmtmlwe_DFT_from_dec+0x75>
      75:	48 c7 44 24 28 01 00 	mov    QWORD PTR [rsp+0x28],0x1
      7c:	00 00
      7e:	44 8b 44 24 38       	mov    r8d,DWORD PTR [rsp+0x38]
      83:	49 63 c8             	movsxd rcx,r8d
      86:	45 31 ff             	xor    r15d,r15d
      89:	48 89 4c 24 30       	mov    QWORD PTR [rsp+0x30],rcx
      8e:	48 85 c9             	test   rcx,rcx
      91:	0f 84 0b 01 00 00    	je     1a2 <mat_trgsw_mul_pvmtmlwe_DFT_from_dec+0x1a2>
      97:	83 e1 03             	and    ecx,0x3
      9a:	74 70                	je     10c <mat_trgsw_mul_pvmtmlwe_DFT_from_dec+0x10c>
      9c:	48 83 f9 01          	cmp    rcx,0x1
      a0:	74 33                	je     d5 <mat_trgsw_mul_pvmtmlwe_DFT_from_dec+0xd5>
      a2:	48 83 f9 02          	cmp    rcx,0x2
      a6:	0f 85 9e 05 00 00    	jne    64a <mat_trgsw_mul_pvmtmlwe_DFT_from_dec+0x64a>
      ac:	49 8b 36             	mov    rsi,QWORD PTR [r14]
      af:	49 8b 4d 08          	mov    rcx,QWORD PTR [r13+0x8]
      b3:	4e 8d 04 fd 00 00 00 	lea    r8,[r15*8+0x0]
      ba:	00
      bb:	49 ff c7             	inc    r15
      be:	48 8b 16             	mov    rdx,QWORD PTR [rsi]
      c1:	4a 8b 3c 01          	mov    rdi,QWORD PTR [rcx+r8*1]
      c5:	48 8b 33             	mov    rsi,QWORD PTR [rbx]
      c8:	48 8b 42 08          	mov    rax,QWORD PTR [rdx+0x8]
      cc:	4a 8b 14 00          	mov    rdx,QWORD PTR [rax+r8*1]
      d0:	e8 00 00 00 00       	call   d5 <mat_trgsw_mul_pvmtmlwe_DFT_from_dec+0xd5>
      d5:	49 8b 3e             	mov    rdi,QWORD PTR [r14]
      d8:	4d 8b 45 08          	mov    r8,QWORD PTR [r13+0x8]
      dc:	4e 8d 0c fd 00 00 00 	lea    r9,[r15*8+0x0]
      e3:	00
      e4:	49 ff c7             	inc    r15
      e7:	48 8b 33             	mov    rsi,QWORD PTR [rbx]
      ea:	4c 8b 17             	mov    r10,QWORD PTR [rdi]
      ed:	4b 8b 3c 08          	mov    rdi,QWORD PTR [r8+r9*1]
      f1:	4d 8b 5a 08          	mov    r11,QWORD PTR [r10+0x8]
      f5:	4b 8b 14 0b          	mov    rdx,QWORD PTR [r11+r9*1]
      f9:	e8 00 00 00 00       	call   fe <mat_trgsw_mul_pvmtmlwe_DFT_from_dec+0xfe>
      fe:	48 8b 74 24 30       	mov    rsi,QWORD PTR [rsp+0x30]
     103:	49 39 f7             	cmp    r15,rsi
     106:	0f 84 96 00 00 00    	je     1a2 <mat_trgsw_mul_pvmtmlwe_DFT_from_dec+0x1a2>
     10c:	49 8b 16             	mov    rdx,QWORD PTR [r14]
     10f:	4d 8b 4d 08          	mov    r9,QWORD PTR [r13+0x8]
     113:	48 8b 33             	mov    rsi,QWORD PTR [rbx]
     116:	48 8b 02             	mov    rax,QWORD PTR [rdx]
     119:	4b 8b 3c f9          	mov    rdi,QWORD PTR [r9+r15*8]
     11d:	48 8b 48 08          	mov    rcx,QWORD PTR [rax+0x8]
     121:	4a 8b 14 f9          	mov    rdx,QWORD PTR [rcx+r15*8]
     125:	e8 00 00 00 00       	call   12a <mat_trgsw_mul_pvmtmlwe_DFT_from_dec+0x12a>
     12a:	4d 8b 16             	mov    r10,QWORD PTR [r14]
     12d:	49 8b 45 08          	mov    rax,QWORD PTR [r13+0x8]
     131:	49 8d 7f 01          	lea    rdi,[r15+0x1]
     135:	48 8b 33             	mov    rsi,QWORD PTR [rbx]
     138:	4d 8b 1a             	mov    r11,QWORD PTR [r10]
     13b:	4d 8b 43 08          	mov    r8,QWORD PTR [r11+0x8]
     13f:	49 8b 14 f8          	mov    rdx,QWORD PTR [r8+rdi*8]
     143:	48 8b 3c f8          	mov    rdi,QWORD PTR [rax+rdi*8]
     147:	e8 00 00 00 00       	call   14c <mat_trgsw_mul_pvmtmlwe_DFT_from_dec+0x14c>
     14c:	49 8b 36             	mov    rsi,QWORD PTR [r14]
     14f:	49 8b 7d 08          	mov    rdi,QWORD PTR [r13+0x8]
     153:	4d 8d 4f 02          	lea    r9,[r15+0x2]
     157:	48 8b 16             	mov    rdx,QWORD PTR [rsi]
     15a:	4a 8b 3c cf          	mov    rdi,QWORD PTR [rdi+r9*8]
     15e:	48 8b 33             	mov    rsi,QWORD PTR [rbx]
     161:	48 8b 4a 08          	mov    rcx,QWORD PTR [rdx+0x8]
     165:	4a 8b 14 c9          	mov    rdx,QWORD PTR [rcx+r9*8]
     169:	e8 00 00 00 00       	call   16e <mat_trgsw_mul_pvmtmlwe_DFT_from_dec+0x16e>
     16e:	4d 8b 1e             	mov    r11,QWORD PTR [r14]
     171:	4d 8b 4d 08          	mov    r9,QWORD PTR [r13+0x8]
     175:	4d 8d 57 03          	lea    r10,[r15+0x3]
     179:	48 8b 33             	mov    rsi,QWORD PTR [rbx]
     17c:	49 83 c7 04          	add    r15,0x4
     180:	4d 8b 03             	mov    r8,QWORD PTR [r11]
     183:	4b 8b 3c d1          	mov    rdi,QWORD PTR [r9+r10*8]
     187:	49 8b 40 08          	mov    rax,QWORD PTR [r8+0x8]
     18b:	4a 8b 14 d0          	mov    rdx,QWORD PTR [rax+r10*8]
     18f:	e8 00 00 00 00       	call   194 <mat_trgsw_mul_pvmtmlwe_DFT_from_dec+0x194>
     194:	48 8b 74 24 30       	mov    rsi,QWORD PTR [rsp+0x30]
     199:	49 39 f7             	cmp    r15,rsi
     19c:	0f 85 6a ff ff ff    	jne    10c <mat_trgsw_mul_pvmtmlwe_DFT_from_dec+0x10c>
     1a2:	4d 63 e4             	movsxd r12,r12d
     1a5:	48 c7 44 24 38 01 00 	mov    QWORD PTR [rsp+0x38],0x1
     1ac:	00 00
     1ae:	48 83 c3 08          	add    rbx,0x8
     1b2:	49 83 fc 01          	cmp    r12,0x1
     1b6:	0f 86 a8 02 00 00    	jbe    464 <mat_trgsw_mul_pvmtmlwe_DFT_from_dec+0x464>
     1bc:	4c 89 64 24 20       	mov    QWORD PTR [rsp+0x20],r12
     1c1:	0f 1f 80 00 00 00 00 	nop    DWORD PTR [rax+0x0]
     1c8:	4c 8b 7c 24 38       	mov    r15,QWORD PTR [rsp+0x38]
     1cd:	48 8b 54 24 28       	mov    rdx,QWORD PTR [rsp+0x28]
     1d2:	45 31 e4             	xor    r12d,r12d
     1d5:	4e 8d 3c fd 00 00 00 	lea    r15,[r15*8+0x0]
     1dc:	00
     1dd:	48 85 d2             	test   rdx,rdx
     1e0:	0f 84 1c 01 00 00    	je     302 <mat_trgsw_mul_pvmtmlwe_DFT_from_dec+0x302>
     1e6:	83 e2 03             	and    edx,0x3
     1e9:	74 7e                	je     269 <mat_trgsw_mul_pvmtmlwe_DFT_from_dec+0x269>
     1eb:	48 83 fa 01          	cmp    rdx,0x1
     1ef:	74 49                	je     23a <mat_trgsw_mul_pvmtmlwe_DFT_from_dec+0x23a>
     1f1:	48 83 fa 02          	cmp    rdx,0x2
     1f5:	74 22                	je     219 <mat_trgsw_mul_pvmtmlwe_DFT_from_dec+0x219>
     1f7:	49 8b 0e             	mov    rcx,QWORD PTR [r14]
     1fa:	4d 8b 5d 00          	mov    r11,QWORD PTR [r13+0x0]
     1fe:	41 bc 01 00 00 00    	mov    r12d,0x1
     204:	48 8b 33             	mov    rsi,QWORD PTR [rbx]
     207:	4a 8b 3c 39          	mov    rdi,QWORD PTR [rcx+r15*1]
     20b:	4c 8b 17             	mov    r10,QWORD PTR [rdi]
     20e:	49 8b 3b             	mov    rdi,QWORD PTR [r11]
     211:	49 8b 12             	mov    rdx,QWORD PTR [r10]
     214:	e8 00 00 00 00       	call   219 <mat_trgsw_mul_pvmtmlwe_DFT_from_dec+0x219>
     219:	4d 8b 06             	mov    r8,QWORD PTR [r14]
     21c:	49 8b 4d 00          	mov    rcx,QWORD PTR [r13+0x0]
     220:	48 8b 33             	mov    rsi,QWORD PTR [rbx]
     223:	4b 8b 04 38          	mov    rax,QWORD PTR [r8+r15*1]
     227:	4a 8b 3c e1          	mov    rdi,QWORD PTR [rcx+r12*8]
     22b:	4c 8b 08             	mov    r9,QWORD PTR [rax]
     22e:	4b 8b 14 e1          	mov    rdx,QWORD PTR [r9+r12*8]
     232:	49 ff c4             	inc    r12
     235:	e8 00 00 00 00       	call   23a <mat_trgsw_mul_pvmtmlwe_DFT_from_dec+0x23a>
     23a:	49 8b 36             	mov    rsi,QWORD PTR [r14]
     23d:	4d 8b 55 00          	mov    r10,QWORD PTR [r13+0x0]
     241:	4a 8b 14 3e          	mov    rdx,QWORD PTR [rsi+r15*1]
     245:	48 8b 33             	mov    rsi,QWORD PTR [rbx]
     248:	48 8b 3a             	mov    rdi,QWORD PTR [rdx]
     24b:	4a 8b 14 e7          	mov    rdx,QWORD PTR [rdi+r12*8]
     24f:	4b 8b 3c e2          	mov    rdi,QWORD PTR [r10+r12*8]
     253:	49 ff c4             	inc    r12
     256:	e8 00 00 00 00       	call   25b <mat_trgsw_mul_pvmtmlwe_DFT_from_dec+0x25b>
     25b:	4c 8b 5c 24 28       	mov    r11,QWORD PTR [rsp+0x28]
     260:	4d 39 dc             	cmp    r12,r11
     263:	0f 84 99 00 00 00    	je     302 <mat_trgsw_mul_pvmtmlwe_DFT_from_dec+0x302>
     269:	4d 8b 06             	mov    r8,QWORD PTR [r14]
     26c:	49 8b 4d 00          	mov    rcx,QWORD PTR [r13+0x0]
     270:	48 8b 33             	mov    rsi,QWORD PTR [rbx]
     273:	4b 8b 04 38          	mov    rax,QWORD PTR [r8+r15*1]
     277:	4a 8b 3c e1          	mov    rdi,QWORD PTR [rcx+r12*8]
     27b:	4c 8b 08             	mov    r9,QWORD PTR [rax]
     27e:	4b 8b 14 e1          	mov    rdx,QWORD PTR [r9+r12*8]
     282:	e8 00 00 00 00       	call   287 <mat_trgsw_mul_pvmtmlwe_DFT_from_dec+0x287>
     287:	49 8b 36             	mov    rsi,QWORD PTR [r14]
     28a:	4d 8b 5d 00          	mov    r11,QWORD PTR [r13+0x0]
     28e:	49 8d 7c 24 01       	lea    rdi,[r12+0x1]
     293:	4a 8b 14 3e          	mov    rdx,QWORD PTR [rsi+r15*1]
     297:	48 8b 33             	mov    rsi,QWORD PTR [rbx]
     29a:	4c 8b 12             	mov    r10,QWORD PTR [rdx]
     29d:	49 8b 14 fa          	mov    rdx,QWORD PTR [r10+rdi*8]
     2a1:	49 8b 3c fb          	mov    rdi,QWORD PTR [r11+rdi*8]
     2a5:	e8 00 00 00 00       	call   2aa <mat_trgsw_mul_pvmtmlwe_DFT_from_dec+0x2aa>
     2aa:	49 8b 06             	mov    rax,QWORD PTR [r14]
     2ad:	49 8b 7d 00          	mov    rdi,QWORD PTR [r13+0x0]
     2b1:	4d 8d 44 24 02       	lea    r8,[r12+0x2]
     2b6:	48 8b 33             	mov    rsi,QWORD PTR [rbx]
     2b9:	4e 8b 0c 38          	mov    r9,QWORD PTR [rax+r15*1]
     2bd:	4a 8b 3c c7          	mov    rdi,QWORD PTR [rdi+r8*8]
     2c1:	49 8b 09             	mov    rcx,QWORD PTR [r9]
     2c4:	4a 8b 14 c1          	mov    rdx,QWORD PTR [rcx+r8*8]
     2c8:	e8 00 00 00 00       	call   2cd <mat_trgsw_mul_pvmtmlwe_DFT_from_dec+0x2cd>
     2cd:	49 8b 36             	mov    rsi,QWORD PTR [r14]
     2d0:	4d 8b 45 00          	mov    r8,QWORD PTR [r13+0x0]
     2d4:	4d 8d 54 24 03       	lea    r10,[r12+0x3]
     2d9:	49 83 c4 04          	add    r12,0x4
     2dd:	4a 8b 14 3e          	mov    rdx,QWORD PTR [rsi+r15*1]
     2e1:	4b 8b 3c d0          	mov    rdi,QWORD PTR [r8+r10*8]
     2e5:	48 8b 33             	mov    rsi,QWORD PTR [rbx]
     2e8:	4c 8b 1a             	mov    r11,QWORD PTR [rdx]
     2eb:	4b 8b 14 d3          	mov    rdx,QWORD PTR [r11+r10*8]
     2ef:	e8 00 00 00 00       	call   2f4 <mat_trgsw_mul_pvmtmlwe_DFT_from_dec+0x2f4>
     2f4:	48 8b 44 24 28       	mov    rax,QWORD PTR [rsp+0x28]
     2f9:	49 39 c4             	cmp    r12,rax
     2fc:	0f 85 67 ff ff ff    	jne    269 <mat_trgsw_mul_pvmtmlwe_DFT_from_dec+0x269>
     302:	4c 8b 7c 24 38       	mov    r15,QWORD PTR [rsp+0x38]
     307:	4c 8b 4c 24 30       	mov    r9,QWORD PTR [rsp+0x30]
     30c:	45 31 e4             	xor    r12d,r12d
     30f:	4e 8d 3c fd 00 00 00 	lea    r15,[r15*8+0x0]
     316:	00
     317:	4d 85 c9             	test   r9,r9
     31a:	0f 84 28 01 00 00    	je     448 <mat_trgsw_mul_pvmtmlwe_DFT_from_dec+0x448>
     320:	41 83 e1 03          	and    r9d,0x3
     324:	0f 84 81 00 00 00    	je     3ab <mat_trgsw_mul_pvmtmlwe_DFT_from_dec+0x3ab>
     32a:	49 83 f9 01          	cmp    r9,0x1
     32e:	74 4b                	je     37b <mat_trgsw_mul_pvmtmlwe_DFT_from_dec+0x37b>
     330:	49 83 f9 02          	cmp    r9,0x2
     334:	74 23                	je     359 <mat_trgsw_mul_pvmtmlwe_DFT_from_dec+0x359>
     336:	4d 8b 26             	mov    r12,QWORD PTR [r14]
     339:	4d 8b 55 08          	mov    r10,QWORD PTR [r13+0x8]
     33d:	48 8b 33             	mov    rsi,QWORD PTR [rbx]
     340:	4b 8b 0c 3c          	mov    rcx,QWORD PTR [r12+r15*1]
     344:	41 bc 01 00 00 00    	mov    r12d,0x1
     34a:	48 8b 79 08          	mov    rdi,QWORD PTR [rcx+0x8]
     34e:	48 8b 17             	mov    rdx,QWORD PTR [rdi]
     351:	49 8b 3a             	mov    rdi,QWORD PTR [r10]
     354:	e8 00 00 00 00       	call   359 <mat_trgsw_mul_pvmtmlwe_DFT_from_dec+0x359>
     359:	49 8b 36             	mov    rsi,QWORD PTR [r14]
     35c:	4d 8b 45 08          	mov    r8,QWORD PTR [r13+0x8]
     360:	4a 8b 14 3e          	mov    rdx,QWORD PTR [rsi+r15*1]
     364:	4b 8b 3c e0          	mov    rdi,QWORD PTR [r8+r12*8]
     368:	48 8b 33             	mov    rsi,QWORD PTR [rbx]
     36b:	4c 8b 5a 08          	mov    r11,QWORD PTR [rdx+0x8]
     36f:	4b 8b 14 e3          	mov    rdx,QWORD PTR [r11+r12*8]
     373:	49 ff c4             	inc    r12
     376:	e8 00 00 00 00       	call   37b <mat_trgsw_mul_pvmtmlwe_DFT_from_dec+0x37b>
     37b:	49 8b 06             	mov    rax,QWORD PTR [r14]
     37e:	49 8b 7d 08          	mov    rdi,QWORD PTR [r13+0x8]
     382:	48 8b 33             	mov    rsi,QWORD PTR [rbx]
     385:	4e 8b 0c 38          	mov    r9,QWORD PTR [rax+r15*1]
     389:	4a 8b 3c e7          	mov    rdi,QWORD PTR [rdi+r12*8]
     38d:	49 8b 49 08          	mov    rcx,QWORD PTR [r9+0x8]
     391:	4a 8b 14 e1          	mov    rdx,QWORD PTR [rcx+r12*8]
     395:	49 ff c4             	inc    r12
     398:	e8 00 00 00 00       	call   39d <mat_trgsw_mul_pvmtmlwe_DFT_from_dec+0x39d>
     39d:	4c 8b 54 24 30       	mov    r10,QWORD PTR [rsp+0x30]
     3a2:	4d 39 d4             	cmp    r12,r10
     3a5:	0f 84 9d 00 00 00    	je     448 <mat_trgsw_mul_pvmtmlwe_DFT_from_dec+0x448>
     3ab:	49 8b 36             	mov    rsi,QWORD PTR [r14]
     3ae:	4d 8b 45 08          	mov    r8,QWORD PTR [r13+0x8]
     3b2:	4a 8b 14 3e          	mov    rdx,QWORD PTR [rsi+r15*1]
     3b6:	4b 8b 3c e0          	mov    rdi,QWORD PTR [r8+r12*8]
     3ba:	48 8b 33             	mov    rsi,QWORD PTR [rbx]
     3bd:	4c 8b 5a 08          	mov    r11,QWORD PTR [rdx+0x8]
     3c1:	4b 8b 14 e3          	mov    rdx,QWORD PTR [r11+r12*8]
     3c5:	e8 00 00 00 00       	call   3ca <mat_trgsw_mul_pvmtmlwe_DFT_from_dec+0x3ca>
     3ca:	4d 8b 0e             	mov    r9,QWORD PTR [r14]
     3cd:	4d 8b 55 08          	mov    r10,QWORD PTR [r13+0x8]
     3d1:	49 8d 44 24 01       	lea    rax,[r12+0x1]
     3d6:	48 8b 33             	mov    rsi,QWORD PTR [rbx]
     3d9:	4b 8b 0c 39          	mov    rcx,QWORD PTR [r9+r15*1]
     3dd:	48 8b 79 08          	mov    rdi,QWORD PTR [rcx+0x8]
     3e1:	48 8b 14 c7          	mov    rdx,QWORD PTR [rdi+rax*8]
     3e5:	49 8b 3c c2          	mov    rdi,QWORD PTR [r10+rax*8]
     3e9:	e8 00 00 00 00       	call   3ee <mat_trgsw_mul_pvmtmlwe_DFT_from_dec+0x3ee>
     3ee:	49 8b 36             	mov    rsi,QWORD PTR [r14]
     3f1:	49 8b 45 08          	mov    rax,QWORD PTR [r13+0x8]
     3f5:	4d 8d 5c 24 02       	lea    r11,[r12+0x2]
     3fa:	4a 8b 14 3e          	mov    rdx,QWORD PTR [rsi+r15*1]
     3fe:	4a 8b 3c d8          	mov    rdi,QWORD PTR [rax+r11*8]
     402:	48 8b 33             	mov    rsi,QWORD PTR [rbx]
     405:	4c 8b 42 08          	mov    r8,QWORD PTR [rdx+0x8]
     409:	4b 8b 14 d8          	mov    rdx,QWORD PTR [r8+r11*8]
     40d:	e8 00 00 00 00       	call   412 <mat_trgsw_mul_pvmtmlwe_DFT_from_dec+0x412>
     412:	49 8b 0e             	mov    rcx,QWORD PTR [r14]
     415:	4d 8b 5d 08          	mov    r11,QWORD PTR [r13+0x8]
     419:	4d 8d 4c 24 03       	lea    r9,[r12+0x3]
     41e:	48 8b 33             	mov    rsi,QWORD PTR [rbx]
     421:	49 83 c4 04          	add    r12,0x4
     425:	4a 8b 3c 39          	mov    rdi,QWORD PTR [rcx+r15*1]
     429:	4c 8b 57 08          	mov    r10,QWORD PTR [rdi+0x8]
     42d:	4b 8b 3c cb          	mov    rdi,QWORD PTR [r11+r9*8]
     431:	4b 8b 14 ca          	mov    rdx,QWORD PTR [r10+r9*8]
     435:	e8 00 00 00 00       	call   43a <mat_trgsw_mul_pvmtmlwe_DFT_from_dec+0x43a>
     43a:	48 8b 74 24 30       	mov    rsi,QWORD PTR [rsp+0x30]
     43f:	49 39 f4             	cmp    r12,rsi
     442:	0f 85 63 ff ff ff    	jne    3ab <mat_trgsw_mul_pvmtmlwe_DFT_from_dec+0x3ab>
     448:	48 ff 44 24 38       	inc    QWORD PTR [rsp+0x38]
     44d:	4c 8b 64 24 20       	mov    r12,QWORD PTR [rsp+0x20]
     452:	48 83 c3 08          	add    rbx,0x8
     456:	4c 8b 7c 24 38       	mov    r15,QWORD PTR [rsp+0x38]
     45b:	4d 39 e7             	cmp    r15,r12
     45e:	0f 85 64 fd ff ff    	jne    1c8 <mat_trgsw_mul_pvmtmlwe_DFT_from_dec+0x1c8>
     464:	48 8d 65 d8          	lea    rsp,[rbp-0x28]
     468:	5b                   	pop    rbx
     469:	41 5c                	pop    r12
     46b:	41 5d                	pop    r13
     46d:	41 5e                	pop    r14
     46f:	41 5f                	pop    r15
     471:	5d                   	pop    rbp
     472:	c3                   	ret
     473:	48 63 f0             	movsxd rsi,eax
     476:	45 31 c9             	xor    r9d,r9d
     479:	85 c0                	test   eax,eax
     47b:	0f 84 bb 01 00 00    	je     63c <mat_trgsw_mul_pvmtmlwe_DFT_from_dec+0x63c>
     481:	44 89 44 24 30       	mov    DWORD PTR [rsp+0x30],r8d
     486:	4d 8b 06             	mov    r8,QWORD PTR [r14]
     489:	48 8d 7e ff          	lea    rdi,[rsi-0x1]
     48d:	4d 8b 7d 00          	mov    r15,QWORD PTR [r13+0x0]
     491:	83 e7 03             	and    edi,0x3
     494:	48 89 74 24 28       	mov    QWORD PTR [rsp+0x28],rsi
     499:	4d 8b 10             	mov    r10,QWORD PTR [r8]
     49c:	48 8b 33             	mov    rsi,QWORD PTR [rbx]
     49f:	48 89 7c 24 38       	mov    QWORD PTR [rsp+0x38],rdi
     4a4:	4b 8b 3c 0f          	mov    rdi,QWORD PTR [r15+r9*1]
     4a8:	41 bf 01 00 00 00    	mov    r15d,0x1
     4ae:	4d 8b 1a             	mov    r11,QWORD PTR [r10]
     4b1:	4b 8b 14 0b          	mov    rdx,QWORD PTR [r11+r9*1]
     4b5:	e8 00 00 00 00       	call   4ba <mat_trgsw_mul_pvmtmlwe_DFT_from_dec+0x4ba>
     4ba:	48 8b 44 24 28       	mov    rax,QWORD PTR [rsp+0x28]
     4bf:	48 8b 4c 24 38       	mov    rcx,QWORD PTR [rsp+0x38]
     4c4:	44 8b 44 24 30       	mov    r8d,DWORD PTR [rsp+0x30]
     4c9:	49 39 c7             	cmp    r15,rax
     4cc:	0f 83 b1 fb ff ff    	jae    83 <mat_trgsw_mul_pvmtmlwe_DFT_from_dec+0x83>
     4d2:	48 85 c9             	test   rcx,rcx
     4d5:	0f 84 b1 00 00 00    	je     58c <mat_trgsw_mul_pvmtmlwe_DFT_from_dec+0x58c>
     4db:	48 83 f9 01          	cmp    rcx,0x1
     4df:	74 6b                	je     54c <mat_trgsw_mul_pvmtmlwe_DFT_from_dec+0x54c>
     4e1:	48 83 f9 02          	cmp    rcx,0x2
     4e5:	74 33                	je     51a <mat_trgsw_mul_pvmtmlwe_DFT_from_dec+0x51a>
     4e7:	49 8b 36             	mov    rsi,QWORD PTR [r14]
     4ea:	44 89 44 24 38       	mov    DWORD PTR [rsp+0x38],r8d
     4ef:	41 b9 08 00 00 00    	mov    r9d,0x8
     4f5:	41 bf 02 00 00 00    	mov    r15d,0x2
     4fb:	4d 8b 55 00          	mov    r10,QWORD PTR [r13+0x0]
     4ff:	48 8b 3e             	mov    rdi,QWORD PTR [rsi]
     502:	48 8b 33             	mov    rsi,QWORD PTR [rbx]
     505:	4c 8b 07             	mov    r8,QWORD PTR [rdi]
     508:	4b 8b 3c 0a          	mov    rdi,QWORD PTR [r10+r9*1]
     50c:	4b 8b 14 08          	mov    rdx,QWORD PTR [r8+r9*1]
     510:	e8 00 00 00 00       	call   515 <mat_trgsw_mul_pvmtmlwe_DFT_from_dec+0x515>
     515:	44 8b 44 24 38       	mov    r8d,DWORD PTR [rsp+0x38]
     51a:	49 8b 16             	mov    rdx,QWORD PTR [r14]
     51d:	4d 8b 4d 00          	mov    r9,QWORD PTR [r13+0x0]
     521:	4e 8d 1c fd 00 00 00 	lea    r11,[r15*8+0x0]
     528:	00
     529:	44 89 44 24 38       	mov    DWORD PTR [rsp+0x38],r8d
     52e:	48 8b 33             	mov    rsi,QWORD PTR [rbx]
     531:	49 ff c7             	inc    r15
     534:	48 8b 02             	mov    rax,QWORD PTR [rdx]
     537:	4b 8b 3c 19          	mov    rdi,QWORD PTR [r9+r11*1]
     53b:	48 8b 08             	mov    rcx,QWORD PTR [rax]
     53e:	4a 8b 14 19          	mov    rdx,QWORD PTR [rcx+r11*1]
     542:	e8 00 00 00 00       	call   547 <mat_trgsw_mul_pvmtmlwe_DFT_from_dec+0x547>
     547:	44 8b 44 24 38       	mov    r8d,DWORD PTR [rsp+0x38]
     54c:	49 8b 36             	mov    rsi,QWORD PTR [r14]
     54f:	4d 8b 5d 00          	mov    r11,QWORD PTR [r13+0x0]
     553:	44 89 44 24 38       	mov    DWORD PTR [rsp+0x38],r8d
     558:	4a 8d 3c fd 00 00 00 	lea    rdi,[r15*8+0x0]
     55f:	00
     560:	49 ff c7             	inc    r15
     563:	4c 8b 06             	mov    r8,QWORD PTR [rsi]
     566:	48 8b 33             	mov    rsi,QWORD PTR [rbx]
     569:	4d 8b 10             	mov    r10,QWORD PTR [r8]
     56c:	49 8b 14 3a          	mov    rdx,QWORD PTR [r10+rdi*1]
     570:	49 8b 3c 3b          	mov    rdi,QWORD PTR [r11+rdi*1]
     574:	e8 00 00 00 00       	call   579 <mat_trgsw_mul_pvmtmlwe_DFT_from_dec+0x579>
     579:	48 8b 54 24 28       	mov    rdx,QWORD PTR [rsp+0x28]
     57e:	44 8b 44 24 38       	mov    r8d,DWORD PTR [rsp+0x38]
     583:	49 39 d7             	cmp    r15,rdx
     586:	0f 83 f7 fa ff ff    	jae    83 <mat_trgsw_mul_pvmtmlwe_DFT_from_dec+0x83>
     58c:	44 89 44 24 38       	mov    DWORD PTR [rsp+0x38],r8d
     591:	44 89 64 24 30       	mov    DWORD PTR [rsp+0x30],r12d
     596:	4c 8b 64 24 28       	mov    r12,QWORD PTR [rsp+0x28]
     59b:	0f 1f 44 00 00       	nop    DWORD PTR [rax+rax*1+0x0]
     5a0:	49 8b 06             	mov    rax,QWORD PTR [r14]
     5a3:	49 8b 7d 00          	mov    rdi,QWORD PTR [r13+0x0]
     5a7:	48 8b 33             	mov    rsi,QWORD PTR [rbx]
     5aa:	48 8b 08             	mov    rcx,QWORD PTR [rax]
     5ad:	4a 8b 3c ff          	mov    rdi,QWORD PTR [rdi+r15*8]
     5b1:	4c 8b 09             	mov    r9,QWORD PTR [rcx]
     5b4:	4b 8b 14 f9          	mov    rdx,QWORD PTR [r9+r15*8]
     5b8:	e8 00 00 00 00       	call   5bd <mat_trgsw_mul_pvmtmlwe_DFT_from_dec+0x5bd>
     5bd:	49 8b 36             	mov    rsi,QWORD PTR [r14]
     5c0:	4d 8b 45 00          	mov    r8,QWORD PTR [r13+0x0]
     5c4:	4d 8d 57 01          	lea    r10,[r15+0x1]
     5c8:	4c 8b 1e             	mov    r11,QWORD PTR [rsi]
     5cb:	4b 8b 3c d0          	mov    rdi,QWORD PTR [r8+r10*8]
     5cf:	48 8b 33             	mov    rsi,QWORD PTR [rbx]
     5d2:	49 8b 13             	mov    rdx,QWORD PTR [r11]
     5d5:	4a 8b 14 d2          	mov    rdx,QWORD PTR [rdx+r10*8]
     5d9:	e8 00 00 00 00       	call   5de <mat_trgsw_mul_pvmtmlwe_DFT_from_dec+0x5de>
     5de:	49 8b 0e             	mov    rcx,QWORD PTR [r14]
     5e1:	4d 8b 55 00          	mov    r10,QWORD PTR [r13+0x0]
     5e5:	49 8d 47 02          	lea    rax,[r15+0x2]
     5e9:	48 8b 33             	mov    rsi,QWORD PTR [rbx]
     5ec:	4c 8b 09             	mov    r9,QWORD PTR [rcx]
     5ef:	49 8b 39             	mov    rdi,QWORD PTR [r9]
     5f2:	48 8b 14 c7          	mov    rdx,QWORD PTR [rdi+rax*8]
     5f6:	49 8b 3c c2          	mov    rdi,QWORD PTR [r10+rax*8]
     5fa:	e8 00 00 00 00       	call   5ff <mat_trgsw_mul_pvmtmlwe_DFT_from_dec+0x5ff>
     5ff:	49 8b 36             	mov    rsi,QWORD PTR [r14]
     602:	49 8b 45 00          	mov    rax,QWORD PTR [r13+0x0]
     606:	4d 8d 5f 03          	lea    r11,[r15+0x3]
     60a:	49 83 c7 04          	add    r15,0x4
     60e:	48 8b 16             	mov    rdx,QWORD PTR [rsi]
     611:	4a 8b 3c d8          	mov    rdi,QWORD PTR [rax+r11*8]
     615:	48 8b 33             	mov    rsi,QWORD PTR [rbx]
     618:	4c 8b 02             	mov    r8,QWORD PTR [rdx]
     61b:	4b 8b 14 d8          	mov    rdx,QWORD PTR [r8+r11*8]
     61f:	e8 00 00 00 00       	call   624 <mat_trgsw_mul_pvmtmlwe_DFT_from_dec+0x624>
     624:	4d 39 e7             	cmp    r15,r12
     627:	0f 82 73 ff ff ff    	jb     5a0 <mat_trgsw_mul_pvmtmlwe_DFT_from_dec+0x5a0>
     62d:	44 8b 44 24 38       	mov    r8d,DWORD PTR [rsp+0x38]
     632:	44 8b 64 24 30       	mov    r12d,DWORD PTR [rsp+0x30]
     637:	e9 47 fa ff ff       	jmp    83 <mat_trgsw_mul_pvmtmlwe_DFT_from_dec+0x83>
     63c:	48 c7 44 24 28 00 00 	mov    QWORD PTR [rsp+0x28],0x0
     643:	00 00
     645:	e9 39 fa ff ff       	jmp    83 <mat_trgsw_mul_pvmtmlwe_DFT_from_dec+0x83>
     64a:	4d 8b 0e             	mov    r9,QWORD PTR [r14]
     64d:	4d 8b 5d 08          	mov    r11,QWORD PTR [r13+0x8]
     651:	48 8b 33             	mov    rsi,QWORD PTR [rbx]
     654:	49 8b 39             	mov    rdi,QWORD PTR [r9]
     657:	4c 8b 57 08          	mov    r10,QWORD PTR [rdi+0x8]
     65b:	4b 8b 3c 3b          	mov    rdi,QWORD PTR [r11+r15*1]
     65f:	4b 8b 14 3a          	mov    rdx,QWORD PTR [r10+r15*1]
     663:	41 bf 01 00 00 00    	mov    r15d,0x1
     669:	e8 00 00 00 00       	call   66e <mat_trgsw_mul_pvmtmlwe_DFT_from_dec+0x66e>
     66e:	e9 39 fa ff ff       	jmp    ac <mat_trgsw_mul_pvmtmlwe_DFT_from_dec+0xac>
     673:	4d 8b 7d 08          	mov    r15,QWORD PTR [r13+0x8]
     677:	4c 8b 36             	mov    r14,QWORD PTR [rsi]
     67a:	8b 47 08             	mov    eax,DWORD PTR [rdi+0x8]
     67d:	4c 8b 1f             	mov    r11,QWORD PTR [rdi]
     680:	4d 8b 47 08          	mov    r8,QWORD PTR [r15+0x8]
     684:	4d 8b 0e             	mov    r9,QWORD PTR [r14]
     687:	49 8b 17             	mov    rdx,QWORD PTR [r15]
     68a:	4c 8b 6b 08          	mov    r13,QWORD PTR [rbx+0x8]
     68e:	4c 89 5c 24 28       	mov    QWORD PTR [rsp+0x28],r11
     693:	85 c0                	test   eax,eax
     695:	49 8b 30             	mov    rsi,QWORD PTR [r8]
     698:	4d 8b 59 08          	mov    r11,QWORD PTR [r9+0x8]
     69c:	44 8d 50 0f          	lea    r10d,[rax+0xf]
     6a0:	48 8b 3a             	mov    rdi,QWORD PTR [rdx]
     6a3:	4c 8b 23             	mov    r12,QWORD PTR [rbx]
     6a6:	44 0f 49 d0          	cmovns r10d,eax
     6aa:	48 8b 5b 10          	mov    rbx,QWORD PTR [rbx+0x10]
     6ae:	4d 8b 39             	mov    r15,QWORD PTR [r9]
     6b1:	48 89 74 24 18       	mov    QWORD PTR [rsp+0x18],rsi
     6b6:	49 8b 75 00          	mov    rsi,QWORD PTR [r13+0x0]
     6ba:	4d 8b 6e 08          	mov    r13,QWORD PTR [r14+0x8]
     6be:	48 89 7c 24 20       	mov    QWORD PTR [rsp+0x20],rdi
     6c3:	41 c1 fa 04          	sar    r10d,0x4
     6c7:	49 8b 13             	mov    rdx,QWORD PTR [r11]
     6ca:	48 8b 3b             	mov    rdi,QWORD PTR [rbx]
     6cd:	44 89 54 24 30       	mov    DWORD PTR [rsp+0x30],r10d
     6d2:	49 8b 5d 00          	mov    rbx,QWORD PTR [r13+0x0]
     6d6:	4d 8b 17             	mov    r10,QWORD PTR [r15]
     6d9:	49 8b 0c 24          	mov    rcx,QWORD PTR [r12]
     6dd:	4c 8b 0a             	mov    r9,QWORD PTR [rdx]
     6e0:	4c 8b 3b             	mov    r15,QWORD PTR [rbx]
     6e3:	4d 8b 63 08          	mov    r12,QWORD PTR [r11+0x8]
     6e7:	49 8b 55 08          	mov    rdx,QWORD PTR [r13+0x8]
     6eb:	4d 8b 02             	mov    r8,QWORD PTR [r10]
     6ee:	4d 8b 1f             	mov    r11,QWORD PTR [r15]
     6f1:	4d 8b 14 24          	mov    r10,QWORD PTR [r12]
     6f5:	4c 8b 22             	mov    r12,QWORD PTR [rdx]
     6f8:	4d 8b 76 10          	mov    r14,QWORD PTR [r14+0x10]
     6fc:	4c 8b 6a 08          	mov    r13,QWORD PTR [rdx+0x8]
     700:	4d 8b 3e             	mov    r15,QWORD PTR [r14]
     703:	49 8b 1c 24          	mov    rbx,QWORD PTR [r12]
     707:	4d 8b 65 00          	mov    r12,QWORD PTR [r13+0x0]
     70b:	49 8b 17             	mov    rdx,QWORD PTR [r15]
     70e:	4d 8b 7e 08          	mov    r15,QWORD PTR [r14+0x8]
     712:	4c 8b 2a             	mov    r13,QWORD PTR [rdx]
     715:	4d 8b 37             	mov    r14,QWORD PTR [r15]
     718:	49 8b 57 08          	mov    rdx,QWORD PTR [r15+0x8]
     71c:	4d 8b 36             	mov    r14,QWORD PTR [r14]
     71f:	4c 8b 3a             	mov    r15,QWORD PTR [rdx]
     722:	83 f8 0f             	cmp    eax,0xf
     725:	0f 8e 39 fd ff ff    	jle    464 <mat_trgsw_mul_pvmtmlwe_DFT_from_dec+0x464>
     72b:	48 63 44 24 30       	movsxd rax,DWORD PTR [rsp+0x30]
     730:	c7 44 24 38 00 00 00 	mov    DWORD PTR [rsp+0x38],0x0
     737:	00
     738:	31 d2                	xor    edx,edx
     73a:	48 89 4c 24 10       	mov    QWORD PTR [rsp+0x10],rcx
     73f:	48 c1 e0 06          	shl    rax,0x6
     743:	48 8b 4c 24 10       	mov    rcx,QWORD PTR [rsp+0x10]
     748:	62 51 fd 48 28 0c 01 	vmovapd zmm9,ZMMWORD PTR [r9+rax*1]
     74f:	62 51 fd 48 28 04 00 	vmovapd zmm8,ZMMWORD PTR [r8+rax*1]
     756:	62 d1 fd 48 28 04 11 	vmovapd zmm0,ZMMWORD PTR [r9+rdx*1]
     75d:	62 f1 fd 48 28 24 01 	vmovapd zmm4,ZMMWORD PTR [rcx+rax*1]
     764:	62 71 fd 48 28 1c 11 	vmovapd zmm11,ZMMWORD PTR [rcx+rdx*1]
     76b:	62 d1 fd 48 28 2c 10 	vmovapd zmm5,ZMMWORD PTR [r8+rdx*1]
     772:	62 51 fd 48 28 3c 12 	vmovapd zmm15,ZMMWORD PTR [r10+rdx*1]
     779:	62 d1 dd 48 59 c9    	vmulpd zmm1,zmm4,zmm9
     77f:	62 51 fd 48 28 14 02 	vmovapd zmm10,ZMMWORD PTR [r10+rax*1]
     786:	62 71 fd 48 28 24 06 	vmovapd zmm12,ZMMWORD PTR [rsi+rax*1]
     78d:	62 d1 dd 48 59 d0    	vmulpd zmm2,zmm4,zmm8
     793:	62 d1 fd 48 28 34 03 	vmovapd zmm6,ZMMWORD PTR [r11+rax*1]
     79a:	48 8b 4c 24 28       	mov    rcx,QWORD PTR [rsp+0x28]
     79f:	62 71 dd 48 59 e8    	vmulpd zmm13,zmm4,zmm0
     7a5:	62 f1 dd 48 59 dd    	vmulpd zmm3,zmm4,zmm5
     7ab:	62 d1 dd 48 59 ff    	vmulpd zmm7,zmm4,zmm15
     7b1:	62 51 dd 48 59 f2    	vmulpd zmm14,zmm4,zmm10
     7b7:	62 f2 a5 48 ba c8    	vfmsub231pd zmm1,zmm11,zmm0
     7bd:	62 f1 fd 48 28 24 03 	vmovapd zmm4,ZMMWORD PTR [rbx+rax*1]
     7c4:	62 f2 a5 48 ba d5    	vfmsub231pd zmm2,zmm11,zmm5
     7ca:	62 f1 fd 48 28 2c 16 	vmovapd zmm5,ZMMWORD PTR [rsi+rdx*1]
     7d1:	62 52 95 48 98 cb    	vfmadd132pd zmm9,zmm13,zmm11
     7d7:	62 51 fd 48 28 2c 04 	vmovapd zmm13,ZMMWORD PTR [r12+rax*1]
     7de:	62 52 e5 48 98 c3    	vfmadd132pd zmm8,zmm3,zmm11
     7e4:	62 f1 fd 48 28 1c 13 	vmovapd zmm3,ZMMWORD PTR [rbx+rdx*1]
     7eb:	62 52 c5 48 98 d3    	vfmadd132pd zmm10,zmm7,zmm11
     7f1:	62 d1 fd 48 28 7c 15 	vmovapd zmm7,ZMMWORD PTR [r13+rdx*1+0x0]
     7f8:	00
     7f9:	62 f2 9d 48 ba cc    	vfmsub231pd zmm1,zmm12,zmm4
     7ff:	62 52 a5 48 ba f7    	vfmsub231pd zmm14,zmm11,zmm15
     805:	62 51 fd 48 28 1c 13 	vmovapd zmm11,ZMMWORD PTR [r11+rdx*1]
     80c:	62 71 fd 48 28 3c 07 	vmovapd zmm15,ZMMWORD PTR [rdi+rax*1]
     813:	62 f2 9d 48 ba d6    	vfmsub231pd zmm2,zmm12,zmm6
     819:	62 f2 d5 48 ba cb    	vfmsub231pd zmm1,zmm5,zmm3
     81f:	62 d2 b5 48 98 dc    	vfmadd132pd zmm3,zmm9,zmm12
     825:	62 51 fd 48 28 0c 14 	vmovapd zmm9,ZMMWORD PTR [r12+rdx*1]
     82c:	62 d2 d5 48 ba d3    	vfmsub231pd zmm2,zmm5,zmm11
     832:	62 52 9d 48 ba f5    	vfmsub231pd zmm14,zmm12,zmm13
     838:	62 52 bd 48 98 dc    	vfmadd132pd zmm11,zmm8,zmm12
     83e:	62 52 ad 48 98 e1    	vfmadd132pd zmm12,zmm10,zmm9
     844:	62 71 fd 48 28 14 17 	vmovapd zmm10,ZMMWORD PTR [rdi+rdx*1]
     84b:	62 51 fd 48 28 04 07 	vmovapd zmm8,ZMMWORD PTR [r15+rax*1]
     852:	62 f2 e5 48 98 e5    	vfmadd132pd zmm4,zmm3,zmm5
     858:	62 52 d5 48 ba f1    	vfmsub231pd zmm14,zmm5,zmm9
     85e:	62 f2 a5 48 98 f5    	vfmadd132pd zmm6,zmm11,zmm5
     864:	62 d2 9d 48 98 ed    	vfmadd132pd zmm5,zmm12,zmm13
     86a:	62 51 fd 48 28 64 05 	vmovapd zmm12,ZMMWORD PTR [r13+rax*1+0x0]
     871:	00
     872:	62 51 fd 48 28 1c 16 	vmovapd zmm11,ZMMWORD PTR [r14+rdx*1]
     879:	62 d2 85 48 ba d4    	vfmsub231pd zmm2,zmm15,zmm12
     87f:	62 52 85 48 ba f0    	vfmsub231pd zmm14,zmm15,zmm8
     885:	62 f2 ad 48 ba d7    	vfmsub231pd zmm2,zmm10,zmm7
     88b:	62 d2 cd 48 98 ff    	vfmadd132pd zmm7,zmm6,zmm15
     891:	62 d1 fd 48 28 34 06 	vmovapd zmm6,ZMMWORD PTR [r14+rax*1]
     898:	62 f2 85 48 ba ce    	vfmsub231pd zmm1,zmm15,zmm6
     89e:	62 d2 ad 48 b8 fc    	vfmadd231pd zmm7,zmm10,zmm12
     8a4:	62 d2 ad 48 ba cb    	vfmsub231pd zmm1,zmm10,zmm11
     8aa:	62 52 dd 48 98 df    	vfmadd132pd zmm11,zmm4,zmm15
     8b0:	62 d1 fd 48 28 24 17 	vmovapd zmm4,ZMMWORD PTR [r15+rdx*1]
     8b7:	62 f1 fd 48 29 14 11 	vmovapd ZMMWORD PTR [rcx+rdx*1],zmm2
     8be:	62 72 d5 48 98 fc    	vfmadd132pd zmm15,zmm5,zmm4
     8c4:	62 72 ad 48 ba f4    	vfmsub231pd zmm14,zmm10,zmm4
     8ca:	62 f1 fd 48 29 3c 01 	vmovapd ZMMWORD PTR [rcx+rax*1],zmm7
     8d1:	48 8b 4c 24 20       	mov    rcx,QWORD PTR [rsp+0x20]
     8d6:	62 d2 a5 48 98 f2    	vfmadd132pd zmm6,zmm11,zmm10
     8dc:	62 f1 fd 48 29 0c 11 	vmovapd ZMMWORD PTR [rcx+rdx*1],zmm1
     8e3:	62 52 85 48 98 d0    	vfmadd132pd zmm10,zmm15,zmm8
     8e9:	62 f1 fd 48 29 34 01 	vmovapd ZMMWORD PTR [rcx+rax*1],zmm6
     8f0:	48 8b 4c 24 18       	mov    rcx,QWORD PTR [rsp+0x18]
     8f5:	62 71 fd 48 29 34 11 	vmovapd ZMMWORD PTR [rcx+rdx*1],zmm14
     8fc:	48 83 c2 40          	add    rdx,0x40
     900:	ff 44 24 38          	inc    DWORD PTR [rsp+0x38]
     904:	62 71 fd 48 29 14 01 	vmovapd ZMMWORD PTR [rcx+rax*1],zmm10
     90b:	48 83 c0 40          	add    rax,0x40
     90f:	8b 4c 24 38          	mov    ecx,DWORD PTR [rsp+0x38]
     913:	39 4c 24 30          	cmp    DWORD PTR [rsp+0x30],ecx
     917:	0f 8f 26 fe ff ff    	jg     743 <mat_trgsw_mul_pvmtmlwe_DFT_from_dec+0x743>
     91d:	c5 f8 77             	vzeroupper
     920:	e9 3f fb ff ff       	jmp    464 <mat_trgsw_mul_pvmtmlwe_DFT_from_dec+0x464>
     925:	4d 8b 5d 08          	mov    r11,QWORD PTR [r13+0x8]
     929:	44 8b 67 08          	mov    r12d,DWORD PTR [rdi+0x8]
     92d:	48 8b 3f             	mov    rdi,QWORD PTR [rdi]
     930:	4d 8b 6b 08          	mov    r13,QWORD PTR [r11+0x8]
     934:	45 85 e4             	test   r12d,r12d
     937:	41 8d 74 24 0f       	lea    esi,[r12+0xf]
     93c:	4d 8b 13             	mov    r10,QWORD PTR [r11]
     93f:	41 0f 49 f4          	cmovns esi,r12d
     943:	49 8b 53 10          	mov    rdx,QWORD PTR [r11+0x10]
     947:	49 8b 4b 18          	mov    rcx,QWORD PTR [r11+0x18]
     94b:	48 89 7c 24 38       	mov    QWORD PTR [rsp+0x38],rdi
     950:	49 8b 45 00          	mov    rax,QWORD PTR [r13+0x0]
     954:	4d 8b 3a             	mov    r15,QWORD PTR [r10]
     957:	c1 fe 04             	sar    esi,0x4
     95a:	4c 8b 12             	mov    r10,QWORD PTR [rdx]
     95d:	4c 8b 19             	mov    r11,QWORD PTR [rcx]
     960:	89 74 24 28          	mov    DWORD PTR [rsp+0x28],esi
     964:	48 89 44 24 30       	mov    QWORD PTR [rsp+0x30],rax
     969:	41 83 fc 0f          	cmp    r12d,0xf
     96d:	0f 8e f1 fa ff ff    	jle    464 <mat_trgsw_mul_pvmtmlwe_DFT_from_dec+0x464>
     973:	48 63 c6             	movsxd rax,esi
     976:	31 d2                	xor    edx,edx
     978:	31 ff                	xor    edi,edi
     97a:	48 c1 e0 06          	shl    rax,0x6
     97e:	49 8b 0e             	mov    rcx,QWORD PTR [r14]
     981:	4c 8b 03             	mov    r8,QWORD PTR [rbx]
     984:	ff c7                	inc    edi
     986:	4c 8b 21             	mov    r12,QWORD PTR [rcx]
     989:	4d 8b 08             	mov    r9,QWORD PTR [r8]
     98c:	49 8b 34 24          	mov    rsi,QWORD PTR [r12]
     990:	62 d1 fd 48 28 04 01 	vmovapd zmm0,ZMMWORD PTR [r9+rax*1]
     997:	62 d1 fd 48 28 0c 11 	vmovapd zmm1,ZMMWORD PTR [r9+rdx*1]
     99e:	4c 8b 2e             	mov    r13,QWORD PTR [rsi]
     9a1:	49 8b 74 24 08       	mov    rsi,QWORD PTR [r12+0x8]
     9a6:	4c 8b 06             	mov    r8,QWORD PTR [rsi]
     9a9:	4c 8b 4e 08          	mov    r9,QWORD PTR [rsi+0x8]
     9ad:	4d 8b 6d 00          	mov    r13,QWORD PTR [r13+0x0]
     9b1:	4d 8b 20             	mov    r12,QWORD PTR [r8]
     9b4:	4d 8b 09             	mov    r9,QWORD PTR [r9]
     9b7:	4c 8b 46 10          	mov    r8,QWORD PTR [rsi+0x10]
     9bb:	62 d1 fd 48 28 54 15 	vmovapd zmm2,ZMMWORD PTR [r13+rdx*1+0x0]
     9c2:	00
     9c3:	62 51 fd 48 28 14 04 	vmovapd zmm10,ZMMWORD PTR [r12+rax*1]
     9ca:	62 d1 fd 48 28 24 14 	vmovapd zmm4,ZMMWORD PTR [r12+rdx*1]
     9d1:	62 51 fd 48 28 1c 01 	vmovapd zmm11,ZMMWORD PTR [r9+rax*1]
     9d8:	4d 8b 00             	mov    r8,QWORD PTR [r8]
     9db:	62 f1 fd 48 59 da    	vmulpd zmm3,zmm0,zmm2
     9e1:	62 d1 fd 48 59 ea    	vmulpd zmm5,zmm0,zmm10
     9e7:	62 d1 fd 48 28 74 05 	vmovapd zmm6,ZMMWORD PTR [r13+rax*1+0x0]
     9ee:	00
     9ef:	62 51 fd 48 28 0c 11 	vmovapd zmm9,ZMMWORD PTR [r9+rdx*1]
     9f6:	62 71 fd 48 59 c4    	vmulpd zmm8,zmm0,zmm4
     9fc:	62 51 fd 48 28 34 10 	vmovapd zmm14,ZMMWORD PTR [r8+rdx*1]
     a03:	62 51 fd 48 28 2c 00 	vmovapd zmm13,ZMMWORD PTR [r8+rax*1]
     a0a:	62 51 fd 48 59 e1    	vmulpd zmm12,zmm0,zmm9
     a10:	4c 8b 6b 08          	mov    r13,QWORD PTR [rbx+0x8]
     a14:	48 8b 76 18          	mov    rsi,QWORD PTR [rsi+0x18]
     a18:	62 51 fd 48 59 fe    	vmulpd zmm15,zmm0,zmm14
     a1e:	62 f1 fd 48 59 fe    	vmulpd zmm7,zmm0,zmm6
     a24:	4d 8b 65 00          	mov    r12,QWORD PTR [r13+0x0]
     a28:	48 8b 36             	mov    rsi,QWORD PTR [rsi]
     a2b:	62 f2 e5 48 98 f1    	vfmadd132pd zmm6,zmm3,zmm1
     a31:	62 f2 f5 48 ba ec    	vfmsub231pd zmm5,zmm1,zmm4
     a37:	62 d1 fd 48 59 e3    	vmulpd zmm4,zmm0,zmm11
     a3d:	62 f1 fd 48 28 1c 16 	vmovapd zmm3,ZMMWORD PTR [rsi+rdx*1]
     a44:	62 72 bd 48 98 d1    	vfmadd132pd zmm10,zmm8,zmm1
     a4a:	62 72 9d 48 98 d9    	vfmadd132pd zmm11,zmm12,zmm1
     a50:	62 f2 f5 48 ba fa    	vfmsub231pd zmm7,zmm1,zmm2
     a56:	62 f1 fd 48 28 14 06 	vmovapd zmm2,ZMMWORD PTR [rsi+rax*1]
     a5d:	62 71 fd 48 59 c2    	vmulpd zmm8,zmm0,zmm2
     a63:	62 d2 f5 48 ba e1    	vfmsub231pd zmm4,zmm1,zmm9
     a69:	62 51 fd 48 59 cd    	vmulpd zmm9,zmm0,zmm13
     a6f:	62 72 85 48 98 e9    	vfmadd132pd zmm13,zmm15,zmm1
     a75:	62 51 fd 48 28 3c 04 	vmovapd zmm15,ZMMWORD PTR [r12+rax*1]
     a7c:	62 f1 fd 48 59 c3    	vmulpd zmm0,zmm0,zmm3
     a82:	62 72 f5 48 ba c3    	vfmsub231pd zmm8,zmm1,zmm3
     a88:	62 52 f5 48 ba ce    	vfmsub231pd zmm9,zmm1,zmm14
     a8e:	62 51 fd 48 28 34 14 	vmovapd zmm14,ZMMWORD PTR [r12+rdx*1]
     a95:	4c 8b 49 08          	mov    r9,QWORD PTR [rcx+0x8]
     a99:	62 f2 fd 48 98 ca    	vfmadd132pd zmm1,zmm0,zmm2
     a9f:	4d 8b 01             	mov    r8,QWORD PTR [r9]
     aa2:	49 8b 30             	mov    rsi,QWORD PTR [r8]
     aa5:	4c 8b 2e             	mov    r13,QWORD PTR [rsi]
     aa8:	49 8b 71 08          	mov    rsi,QWORD PTR [r9+0x8]
     aac:	62 51 fd 48 28 64 05 	vmovapd zmm12,ZMMWORD PTR [r13+rax*1+0x0]
     ab3:	00
     ab4:	4c 8b 26             	mov    r12,QWORD PTR [rsi]
     ab7:	62 d1 fd 48 28 54 15 	vmovapd zmm2,ZMMWORD PTR [r13+rdx*1+0x0]
     abe:	00
     abf:	4c 8b 4e 08          	mov    r9,QWORD PTR [rsi+0x8]
     ac3:	62 d2 85 48 ba fc    	vfmsub231pd zmm7,zmm15,zmm12
     ac9:	4d 8b 24 24          	mov    r12,QWORD PTR [r12]
     acd:	4c 8b 46 10          	mov    r8,QWORD PTR [rsi+0x10]
     ad1:	4d 8b 09             	mov    r9,QWORD PTR [r9]
     ad4:	48 8b 76 18          	mov    rsi,QWORD PTR [rsi+0x18]
     ad8:	62 d1 fd 48 28 1c 14 	vmovapd zmm3,ZMMWORD PTR [r12+rdx*1]
     adf:	4d 8b 00             	mov    r8,QWORD PTR [r8]
     ae2:	62 d1 fd 48 28 04 11 	vmovapd zmm0,ZMMWORD PTR [r9+rdx*1]
     ae9:	48 8b 36             	mov    rsi,QWORD PTR [rsi]
     aec:	4c 8b 6b 10          	mov    r13,QWORD PTR [rbx+0x10]
     af0:	62 f2 8d 48 ba fa    	vfmsub231pd zmm7,zmm14,zmm2
     af6:	62 d2 cd 48 98 d7    	vfmadd132pd zmm2,zmm6,zmm15
     afc:	62 d1 fd 48 28 34 04 	vmovapd zmm6,ZMMWORD PTR [r12+rax*1]
     b03:	4d 8b 65 00          	mov    r12,QWORD PTR [r13+0x0]
     b07:	62 f2 85 48 ba ee    	vfmsub231pd zmm5,zmm15,zmm6
     b0d:	62 52 ed 48 98 e6    	vfmadd132pd zmm12,zmm2,zmm14
     b13:	62 d1 fd 48 28 14 10 	vmovapd zmm2,ZMMWORD PTR [r8+rdx*1]
     b1a:	62 f2 8d 48 ba eb    	vfmsub231pd zmm5,zmm14,zmm3
     b20:	62 d2 ad 48 98 df    	vfmadd132pd zmm3,zmm10,zmm15
     b26:	62 51 fd 48 28 14 01 	vmovapd zmm10,ZMMWORD PTR [r9+rax*1]
     b2d:	4c 8b 49 10          	mov    r9,QWORD PTR [rcx+0x10]
     b31:	62 d2 85 48 ba e2    	vfmsub231pd zmm4,zmm15,zmm10
     b37:	62 d2 e5 48 98 f6    	vfmadd132pd zmm6,zmm3,zmm14
     b3d:	62 f1 fd 48 28 1c 06 	vmovapd zmm3,ZMMWORD PTR [rsi+rax*1]
     b44:	62 f2 8d 48 ba e0    	vfmsub231pd zmm4,zmm14,zmm0
     b4a:	62 d2 a5 48 98 c7    	vfmadd132pd zmm0,zmm11,zmm15
     b50:	62 51 fd 48 28 1c 00 	vmovapd zmm11,ZMMWORD PTR [r8+rax*1]
     b57:	4d 8b 01             	mov    r8,QWORD PTR [r9]
     b5a:	62 72 85 48 ba c3    	vfmsub231pd zmm8,zmm15,zmm3
     b60:	62 52 85 48 ba cb    	vfmsub231pd zmm9,zmm15,zmm11
     b66:	62 52 fd 48 98 d6    	vfmadd132pd zmm10,zmm0,zmm14
     b6c:	62 72 8d 48 ba ca    	vfmsub231pd zmm9,zmm14,zmm2
     b72:	62 d2 95 48 98 d7    	vfmadd132pd zmm2,zmm13,zmm15
     b78:	62 71 fd 48 28 2c 16 	vmovapd zmm13,ZMMWORD PTR [rsi+rdx*1]
     b7f:	49 8b 30             	mov    rsi,QWORD PTR [r8]
     b82:	62 52 f5 48 98 fd    	vfmadd132pd zmm15,zmm1,zmm13
     b88:	4c 8b 2e             	mov    r13,QWORD PTR [rsi]
     b8b:	49 8b 71 08          	mov    rsi,QWORD PTR [r9+0x8]
     b8f:	62 52 8d 48 ba c5    	vfmsub231pd zmm8,zmm14,zmm13
     b95:	62 d1 fd 48 28 0c 14 	vmovapd zmm1,ZMMWORD PTR [r12+rdx*1]
     b9c:	62 52 ed 48 98 de    	vfmadd132pd zmm11,zmm2,zmm14
     ba2:	62 72 85 48 98 f3    	vfmadd132pd zmm14,zmm15,zmm3
     ba8:	62 51 fd 48 28 3c 04 	vmovapd zmm15,ZMMWORD PTR [r12+rax*1]
     baf:	4c 8b 26             	mov    r12,QWORD PTR [rsi]
     bb2:	62 d1 fd 48 28 54 05 	vmovapd zmm2,ZMMWORD PTR [r13+rax*1+0x0]
     bb9:	00
     bba:	62 d1 fd 48 28 44 15 	vmovapd zmm0,ZMMWORD PTR [r13+rdx*1+0x0]
     bc1:	00
     bc2:	4d 8b 24 24          	mov    r12,QWORD PTR [r12]
     bc6:	4c 8b 4e 08          	mov    r9,QWORD PTR [rsi+0x8]
     bca:	62 f2 85 48 ba fa    	vfmsub231pd zmm7,zmm15,zmm2
     bd0:	4c 8b 46 10          	mov    r8,QWORD PTR [rsi+0x10]
     bd4:	48 8b 76 18          	mov    rsi,QWORD PTR [rsi+0x18]
     bd8:	62 d1 fd 48 28 1c 14 	vmovapd zmm3,ZMMWORD PTR [r12+rdx*1]
     bdf:	4d 8b 09             	mov    r9,QWORD PTR [r9]
     be2:	4d 8b 00             	mov    r8,QWORD PTR [r8]
     be5:	48 8b 36             	mov    rsi,QWORD PTR [rsi]
     be8:	62 51 fd 48 28 2c 11 	vmovapd zmm13,ZMMWORD PTR [r9+rdx*1]
     bef:	4c 8b 6b 18          	mov    r13,QWORD PTR [rbx+0x18]
     bf3:	62 f2 f5 48 ba f8    	vfmsub231pd zmm7,zmm1,zmm0
     bf9:	62 d2 9d 48 98 c7    	vfmadd132pd zmm0,zmm12,zmm15
     bff:	62 51 fd 48 28 24 04 	vmovapd zmm12,ZMMWORD PTR [r12+rax*1]
     c06:	4d 8b 65 00          	mov    r12,QWORD PTR [r13+0x0]
     c0a:	62 d2 85 48 ba ec    	vfmsub231pd zmm5,zmm15,zmm12
     c10:	62 f2 fd 48 98 d1    	vfmadd132pd zmm2,zmm0,zmm1
     c16:	62 d1 fd 48 28 04 10 	vmovapd zmm0,ZMMWORD PTR [r8+rdx*1]
     c1d:	62 f2 f5 48 ba eb    	vfmsub231pd zmm5,zmm1,zmm3
     c23:	62 d2 cd 48 98 df    	vfmadd132pd zmm3,zmm6,zmm15
     c29:	62 d1 fd 48 28 34 01 	vmovapd zmm6,ZMMWORD PTR [r9+rax*1]
     c30:	4c 8b 49 18          	mov    r9,QWORD PTR [rcx+0x18]
     c34:	62 f2 85 48 ba e6    	vfmsub231pd zmm4,zmm15,zmm6
     c3a:	62 72 e5 48 98 e1    	vfmadd132pd zmm12,zmm3,zmm1
     c40:	62 f1 fd 48 28 1c 06 	vmovapd zmm3,ZMMWORD PTR [rsi+rax*1]
     c47:	62 d2 f5 48 ba e5    	vfmsub231pd zmm4,zmm1,zmm13
     c4d:	62 52 ad 48 98 ef    	vfmadd132pd zmm13,zmm10,zmm15
     c53:	62 51 fd 48 28 14 00 	vmovapd zmm10,ZMMWORD PTR [r8+rax*1]
     c5a:	4d 8b 01             	mov    r8,QWORD PTR [r9]
     c5d:	62 72 85 48 ba c3    	vfmsub231pd zmm8,zmm15,zmm3
     c63:	62 52 85 48 ba ca    	vfmsub231pd zmm9,zmm15,zmm10
     c69:	62 f2 95 48 98 f1    	vfmadd132pd zmm6,zmm13,zmm1
     c6f:	62 51 fd 48 28 2c 04 	vmovapd zmm13,ZMMWORD PTR [r12+rax*1]
     c76:	62 72 f5 48 ba c8    	vfmsub231pd zmm9,zmm1,zmm0
     c7c:	62 d2 a5 48 98 c7    	vfmadd132pd zmm0,zmm11,zmm15
     c82:	62 71 fd 48 28 1c 16 	vmovapd zmm11,ZMMWORD PTR [rsi+rdx*1]
     c89:	49 8b 30             	mov    rsi,QWORD PTR [r8]
     c8c:	4c 8b 2e             	mov    r13,QWORD PTR [rsi]
     c8f:	49 8b 71 08          	mov    rsi,QWORD PTR [r9+0x8]
     c93:	62 52 f5 48 ba c3    	vfmsub231pd zmm8,zmm1,zmm11
     c99:	62 52 8d 48 98 fb    	vfmadd132pd zmm15,zmm14,zmm11
     c9f:	62 51 fd 48 28 1c 14 	vmovapd zmm11,ZMMWORD PTR [r12+rdx*1]
     ca6:	4c 8b 4e 08          	mov    r9,QWORD PTR [rsi+0x8]
     caa:	4c 8b 26             	mov    r12,QWORD PTR [rsi]
     cad:	4c 8b 46 10          	mov    r8,QWORD PTR [rsi+0x10]
     cb1:	62 72 fd 48 98 d1    	vfmadd132pd zmm10,zmm0,zmm1
     cb7:	4d 8b 24 24          	mov    r12,QWORD PTR [r12]
     cbb:	4d 8b 09             	mov    r9,QWORD PTR [r9]
     cbe:	4d 8b 00             	mov    r8,QWORD PTR [r8]
     cc1:	62 c1 fd 48 28 44 05 	vmovapd zmm16,ZMMWORD PTR [r13+rax*1+0x0]
     cc8:	00
     cc9:	62 f2 85 48 98 cb    	vfmadd132pd zmm1,zmm15,zmm3
     ccf:	62 d1 fd 48 28 d9    	vmovapd zmm3,zmm9
     cd5:	62 51 fd 48 28 74 15 	vmovapd zmm14,ZMMWORD PTR [r13+rdx*1+0x0]
     cdc:	00
     cdd:	62 51 fd 48 28 3c 04 	vmovapd zmm15,ZMMWORD PTR [r12+rax*1]
     ce4:	62 b2 95 48 ba f8    	vfmsub231pd zmm7,zmm13,zmm16
     cea:	48 8b 76 18          	mov    rsi,QWORD PTR [rsi+0x18]
     cee:	48 8b 49 20          	mov    rcx,QWORD PTR [rcx+0x20]
     cf2:	62 d2 95 48 ba ef    	vfmsub231pd zmm5,zmm13,zmm15
     cf8:	4c 8b 6b 20          	mov    r13,QWORD PTR [rbx+0x20]
     cfc:	48 8b 36             	mov    rsi,QWORD PTR [rsi]
     cff:	62 71 fd 48 28 0c 16 	vmovapd zmm9,ZMMWORD PTR [rsi+rdx*1]
     d06:	62 d2 a5 48 ba fe    	vfmsub231pd zmm7,zmm11,zmm14
     d0c:	62 52 ed 48 98 f5    	vfmadd132pd zmm14,zmm2,zmm13
     d12:	62 d1 fd 48 28 14 14 	vmovapd zmm2,ZMMWORD PTR [r12+rdx*1]
     d19:	4d 8b 65 00          	mov    r12,QWORD PTR [r13+0x0]
     d1d:	62 f2 a5 48 ba ea    	vfmsub231pd zmm5,zmm11,zmm2
     d23:	62 d2 9d 48 98 d5    	vfmadd132pd zmm2,zmm12,zmm13
     d29:	62 51 fd 48 28 24 11 	vmovapd zmm12,ZMMWORD PTR [r9+rdx*1]
     d30:	62 d1 fd 48 28 04 14 	vmovapd zmm0,ZMMWORD PTR [r12+rdx*1]
     d37:	62 c2 8d 48 98 c3    	vfmadd132pd zmm16,zmm14,zmm11
     d3d:	62 51 fd 48 28 34 01 	vmovapd zmm14,ZMMWORD PTR [r9+rax*1]
     d44:	4c 8b 09             	mov    r9,QWORD PTR [rcx]
     d47:	62 d2 95 48 ba e6    	vfmsub231pd zmm4,zmm13,zmm14
     d4d:	62 52 ed 48 98 fb    	vfmadd132pd zmm15,zmm2,zmm11
     d53:	62 d1 fd 48 28 d0    	vmovapd zmm2,zmm8
     d59:	62 d2 a5 48 ba e4    	vfmsub231pd zmm4,zmm11,zmm12
     d5f:	62 52 cd 48 98 e5    	vfmadd132pd zmm12,zmm6,zmm13
     d65:	62 d1 fd 48 28 34 10 	vmovapd zmm6,ZMMWORD PTR [r8+rdx*1]
     d6c:	62 52 9d 48 98 f3    	vfmadd132pd zmm14,zmm12,zmm11
     d72:	62 51 fd 48 28 24 00 	vmovapd zmm12,ZMMWORD PTR [r8+rax*1]
     d79:	4d 8b 01             	mov    r8,QWORD PTR [r9]
     d7c:	62 d2 95 48 ba dc    	vfmsub231pd zmm3,zmm13,zmm12
     d82:	4d 8b 28             	mov    r13,QWORD PTR [r8]
     d85:	62 51 fd 48 28 44 15 	vmovapd zmm8,ZMMWORD PTR [r13+rdx*1+0x0]
     d8c:	00
     d8d:	62 f2 a5 48 ba de    	vfmsub231pd zmm3,zmm11,zmm6
     d93:	62 d2 ad 48 98 f5    	vfmadd132pd zmm6,zmm10,zmm13
     d99:	62 71 fd 48 28 14 06 	vmovapd zmm10,ZMMWORD PTR [rsi+rax*1]
     da0:	62 d2 95 48 ba d2    	vfmsub231pd zmm2,zmm13,zmm10
     da6:	62 52 f5 48 98 e9    	vfmadd132pd zmm13,zmm1,zmm9
     dac:	62 d1 fd 48 28 0c 04 	vmovapd zmm1,ZMMWORD PTR [r12+rax*1]
     db3:	4c 8b 61 08          	mov    r12,QWORD PTR [rcx+0x8]
     db7:	49 8b 34 24          	mov    rsi,QWORD PTR [r12]
     dbb:	49 8b 4c 24 08       	mov    rcx,QWORD PTR [r12+0x8]
     dc0:	62 52 cd 48 98 e3    	vfmadd132pd zmm12,zmm6,zmm11
     dc6:	4c 8b 0e             	mov    r9,QWORD PTR [rsi]
     dc9:	49 8b 74 24 10       	mov    rsi,QWORD PTR [r12+0x10]
     dce:	62 d2 a5 48 ba d1    	vfmsub231pd zmm2,zmm11,zmm9
     dd4:	62 52 95 48 98 da    	vfmadd132pd zmm11,zmm13,zmm10
     dda:	62 51 fd 48 28 6c 05 	vmovapd zmm13,ZMMWORD PTR [r13+rax*1+0x0]
     de1:	00
     de2:	4d 8b 64 24 18       	mov    r12,QWORD PTR [r12+0x18]
     de7:	4c 8b 01             	mov    r8,QWORD PTR [rcx]
     dea:	48 8b 36             	mov    rsi,QWORD PTR [rsi]
     ded:	62 d2 f5 48 ba fd    	vfmsub231pd zmm7,zmm1,zmm13
     df3:	49 8b 0c 24          	mov    rcx,QWORD PTR [r12]
     df7:	62 d2 fd 48 ba f8    	vfmsub231pd zmm7,zmm0,zmm8
     dfd:	62 72 fd 40 98 c1    	vfmadd132pd zmm8,zmm16,zmm1
     e03:	62 72 bd 48 98 e8    	vfmadd132pd zmm13,zmm8,zmm0
     e09:	62 51 fd 48 28 04 01 	vmovapd zmm8,ZMMWORD PTR [r9+rax*1]
     e10:	62 71 fd 48 28 d7    	vmovapd zmm10,zmm7
     e16:	62 d1 fd 48 28 3c 11 	vmovapd zmm7,ZMMWORD PTR [r9+rdx*1]
     e1d:	62 f1 fd 48 28 34 16 	vmovapd zmm6,ZMMWORD PTR [rsi+rdx*1]
     e24:	62 71 fd 48 28 0c 01 	vmovapd zmm9,ZMMWORD PTR [rcx+rax*1]
     e2b:	62 d2 f5 48 ba e8    	vfmsub231pd zmm5,zmm1,zmm8
     e31:	4c 8b 6c 24 38       	mov    r13,QWORD PTR [rsp+0x38]
     e36:	4c 8b 4c 24 30       	mov    r9,QWORD PTR [rsp+0x30]
     e3b:	62 d2 f5 48 ba d1    	vfmsub231pd zmm2,zmm1,zmm9
     e41:	62 f2 fd 48 ba ef    	vfmsub231pd zmm5,zmm0,zmm7
     e47:	62 f2 85 48 98 f9    	vfmadd132pd zmm7,zmm15,zmm1
     e4d:	62 51 fd 48 28 3c 00 	vmovapd zmm15,ZMMWORD PTR [r8+rax*1]
     e54:	62 d2 f5 48 ba e7    	vfmsub231pd zmm4,zmm1,zmm15
     e5a:	62 72 c5 48 98 c0    	vfmadd132pd zmm8,zmm7,zmm0
     e60:	62 d1 fd 48 28 3c 10 	vmovapd zmm7,ZMMWORD PTR [r8+rdx*1]
     e67:	62 f2 fd 48 ba e7    	vfmsub231pd zmm4,zmm0,zmm7
     e6d:	62 f2 8d 48 98 f9    	vfmadd132pd zmm7,zmm14,zmm1
     e73:	62 71 fd 48 28 34 06 	vmovapd zmm14,ZMMWORD PTR [rsi+rax*1]
     e7a:	62 d2 f5 48 ba de    	vfmsub231pd zmm3,zmm1,zmm14
     e80:	62 d2 fd 48 b8 ff    	vfmadd231pd zmm7,zmm0,zmm15
     e86:	62 f2 fd 48 ba de    	vfmsub231pd zmm3,zmm0,zmm6
     e8c:	62 f2 9d 48 98 f1    	vfmadd132pd zmm6,zmm12,zmm1
     e92:	62 71 fd 48 28 24 11 	vmovapd zmm12,ZMMWORD PTR [rcx+rdx*1]
     e99:	62 51 fd 48 29 54 15 	vmovapd ZMMWORD PTR [r13+rdx*1+0x0],zmm10
     ea0:	00
     ea1:	62 51 fd 48 29 6c 05 	vmovapd ZMMWORD PTR [r13+rax*1+0x0],zmm13
     ea8:	00
     ea9:	62 d2 a5 48 98 cc    	vfmadd132pd zmm1,zmm11,zmm12
     eaf:	62 d2 fd 48 ba d4    	vfmsub231pd zmm2,zmm0,zmm12
     eb5:	62 d1 fd 48 29 2c 17 	vmovapd ZMMWORD PTR [r15+rdx*1],zmm5
     ebc:	62 51 fd 48 29 04 07 	vmovapd ZMMWORD PTR [r15+rax*1],zmm8
     ec3:	62 d1 fd 48 29 24 11 	vmovapd ZMMWORD PTR [r9+rdx*1],zmm4
     eca:	62 72 cd 48 98 f0    	vfmadd132pd zmm14,zmm6,zmm0
     ed0:	62 d1 fd 48 29 3c 01 	vmovapd ZMMWORD PTR [r9+rax*1],zmm7
     ed7:	62 d1 fd 48 29 1c 12 	vmovapd ZMMWORD PTR [r10+rdx*1],zmm3
     ede:	62 d2 f5 48 98 c1    	vfmadd132pd zmm0,zmm1,zmm9
     ee4:	62 51 fd 48 29 34 02 	vmovapd ZMMWORD PTR [r10+rax*1],zmm14
     eeb:	62 d1 fd 48 29 14 13 	vmovapd ZMMWORD PTR [r11+rdx*1],zmm2
     ef2:	48 83 c2 40          	add    rdx,0x40
     ef6:	62 d1 fd 48 29 04 03 	vmovapd ZMMWORD PTR [r11+rax*1],zmm0
     efd:	48 83 c0 40          	add    rax,0x40
     f01:	39 7c 24 28          	cmp    DWORD PTR [rsp+0x28],edi
     f05:	0f 8f 73 fa ff ff    	jg     97e <mat_trgsw_mul_pvmtmlwe_DFT_from_dec+0x97e>
     f0b:	e9 0d fa ff ff       	jmp    91d <mat_trgsw_mul_pvmtmlwe_DFT_from_dec+0x91d>

0000000000000f10 <mat_trgsw_new_key>:
     f10:	f3 0f 1e fa          	endbr64
     f14:	55                   	push   rbp
     f15:	c5 f9 6e ce          	vmovd  xmm1,esi
     f19:	48 89 fd             	mov    rbp,rdi
     f1c:	bf 10 00 00 00       	mov    edi,0x10
     f21:	c4 e3 71 22 c2 01    	vpinsrd xmm0,xmm1,edx,0x1
     f27:	53                   	push   rbx
     f28:	c4 e1 f9 7e c3       	vmovq  rbx,xmm0
     f2d:	48 83 ec 08          	sub    rsp,0x8
     f31:	e8 00 00 00 00       	call   f36 <mat_trgsw_new_key+0x26>
     f36:	48 89 28             	mov    QWORD PTR [rax],rbp
     f39:	48 89 58 08          	mov    QWORD PTR [rax+0x8],rbx
     f3d:	48 83 c4 08          	add    rsp,0x8
     f41:	5b                   	pop    rbx
     f42:	5d                   	pop    rbp
     f43:	c3                   	ret
     f44:	66 66 2e 0f 1f 84 00 	data16 cs nop WORD PTR [rax+rax*1+0x0]
     f4b:	00 00 00 00
     f4f:	90                   	nop

0000000000000f50 <free_mat_trgsw_key>:
     f50:	f3 0f 1e fa          	endbr64
     f54:	e9 00 00 00 00       	jmp    f59 <free_mat_trgsw_key+0x9>
     f59:	0f 1f 80 00 00 00 00 	nop    DWORD PTR [rax+0x0]

0000000000000f60 <mat_trgsw_alloc_new_sample>:
     f60:	f3 0f 1e fa          	endbr64
     f64:	41 57                	push   r15
     f66:	c5 f9 6e cf          	vmovd  xmm1,edi
     f6a:	c4 e3 71 22 c6 01    	vpinsrd xmm0,xmm1,esi,0x1
     f70:	41 56                	push   r14
     f72:	45 89 c6             	mov    r14d,r8d
     f75:	41 55                	push   r13
     f77:	41 89 cd             	mov    r13d,ecx
     f7a:	41 54                	push   r12
     f7c:	41 89 d4             	mov    r12d,edx
     f7f:	47 8d 3c 2c          	lea    r15d,[r12+r13*1]
     f83:	55                   	push   rbp
     f84:	53                   	push   rbx
     f85:	89 fb                	mov    ebx,edi
     f87:	bf 10 00 00 00       	mov    edi,0x10
     f8c:	44 0f af fb          	imul   r15d,ebx
     f90:	48 83 ec 28          	sub    rsp,0x28
     f94:	4d 63 ff             	movsxd r15,r15d
     f97:	c5 f9 d6 44 24 10    	vmovq  QWORD PTR [rsp+0x10],xmm0
     f9d:	e8 00 00 00 00       	call   fa2 <mat_trgsw_alloc_new_sample+0x42>
     fa2:	4a 8d 3c fd 00 00 00 	lea    rdi,[r15*8+0x0]
     fa9:	00
     faa:	48 89 c5             	mov    rbp,rax
     fad:	e8 00 00 00 00       	call   fb2 <mat_trgsw_alloc_new_sample+0x52>
     fb2:	48 89 45 00          	mov    QWORD PTR [rbp+0x0],rax
     fb6:	4d 85 ff             	test   r15,r15
     fb9:	0f 84 4a 01 00 00    	je     1109 <mat_trgsw_alloc_new_sample+0x1a9>
     fbf:	49 89 c0             	mov    r8,rax
     fc2:	49 8d 47 ff          	lea    rax,[r15-0x1]
     fc6:	31 db                	xor    ebx,ebx
     fc8:	83 e0 03             	and    eax,0x3
     fcb:	48 89 44 24 08       	mov    QWORD PTR [rsp+0x8],rax
     fd0:	0f 84 07 01 00 00    	je     10dd <mat_trgsw_alloc_new_sample+0x17d>
     fd6:	44 89 f2             	mov    edx,r14d
     fd9:	44 89 ee             	mov    esi,r13d
     fdc:	44 89 e7             	mov    edi,r12d
     fdf:	4c 89 44 24 18       	mov    QWORD PTR [rsp+0x18],r8
     fe4:	e8 00 00 00 00       	call   fe9 <mat_trgsw_alloc_new_sample+0x89>
     fe9:	48 8b 4c 24 18       	mov    rcx,QWORD PTR [rsp+0x18]
     fee:	48 8b 54 24 08       	mov    rdx,QWORD PTR [rsp+0x8]
     ff3:	bb 01 00 00 00       	mov    ebx,0x1
     ff8:	4c 8b 45 00          	mov    r8,QWORD PTR [rbp+0x0]
     ffc:	48 89 01             	mov    QWORD PTR [rcx],rax
     fff:	48 83 fa 01          	cmp    rdx,0x1
    1003:	0f 84 d4 00 00 00    	je     10dd <mat_trgsw_alloc_new_sample+0x17d>
    1009:	48 83 fa 02          	cmp    rdx,0x2
    100d:	74 1e                	je     102d <mat_trgsw_alloc_new_sample+0xcd>
    100f:	44 89 f2             	mov    edx,r14d
    1012:	44 89 ee             	mov    esi,r13d
    1015:	49 8d 58 08          	lea    rbx,[r8+0x8]
    1019:	44 89 e7             	mov    edi,r12d
    101c:	e8 00 00 00 00       	call   1021 <mat_trgsw_alloc_new_sample+0xc1>
    1021:	4c 8b 45 00          	mov    r8,QWORD PTR [rbp+0x0]
    1025:	48 89 03             	mov    QWORD PTR [rbx],rax
    1028:	bb 02 00 00 00       	mov    ebx,0x2
    102d:	49 8d 34 d8          	lea    rsi,[r8+rbx*8]
    1031:	44 89 e7             	mov    edi,r12d
    1034:	44 89 f2             	mov    edx,r14d
    1037:	48 ff c3             	inc    rbx
    103a:	48 89 74 24 08       	mov    QWORD PTR [rsp+0x8],rsi
    103f:	44 89 ee             	mov    esi,r13d
    1042:	e8 00 00 00 00       	call   1047 <mat_trgsw_alloc_new_sample+0xe7>
    1047:	48 8b 7c 24 08       	mov    rdi,QWORD PTR [rsp+0x8]
    104c:	4c 8b 45 00          	mov    r8,QWORD PTR [rbp+0x0]
    1050:	48 89 07             	mov    QWORD PTR [rdi],rax
    1053:	e9 85 00 00 00       	jmp    10dd <mat_trgsw_alloc_new_sample+0x17d>
    1058:	0f 1f 84 00 00 00 00 	nop    DWORD PTR [rax+rax*1+0x0]
    105f:	00
    1060:	4a 8d 04 dd 00 00 00 	lea    rax,[r11*8+0x0]
    1067:	00
    1068:	44 89 f2             	mov    edx,r14d
    106b:	44 89 ee             	mov    esi,r13d
    106e:	44 89 e7             	mov    edi,r12d
    1071:	48 03 45 00          	add    rax,QWORD PTR [rbp+0x0]
    1075:	48 89 44 24 08       	mov    QWORD PTR [rsp+0x8],rax
    107a:	e8 00 00 00 00       	call   107f <mat_trgsw_alloc_new_sample+0x11f>
    107f:	48 8b 4c 24 08       	mov    rcx,QWORD PTR [rsp+0x8]
    1084:	48 8d 14 dd 10 00 00 	lea    rdx,[rbx*8+0x10]
    108b:	00
    108c:	44 89 ee             	mov    esi,r13d
    108f:	48 03 55 00          	add    rdx,QWORD PTR [rbp+0x0]
    1093:	44 89 e7             	mov    edi,r12d
    1096:	48 89 01             	mov    QWORD PTR [rcx],rax
    1099:	48 89 54 24 08       	mov    QWORD PTR [rsp+0x8],rdx
    109e:	44 89 f2             	mov    edx,r14d
    10a1:	e8 00 00 00 00       	call   10a6 <mat_trgsw_alloc_new_sample+0x146>
    10a6:	48 8b 74 24 08       	mov    rsi,QWORD PTR [rsp+0x8]
    10ab:	48 8d 3c dd 18 00 00 	lea    rdi,[rbx*8+0x18]
    10b2:	00
    10b3:	44 89 f2             	mov    edx,r14d
    10b6:	48 03 7d 00          	add    rdi,QWORD PTR [rbp+0x0]
    10ba:	48 83 c3 04          	add    rbx,0x4
    10be:	48 89 06             	mov    QWORD PTR [rsi],rax
    10c1:	44 89 ee             	mov    esi,r13d
    10c4:	48 89 7c 24 08       	mov    QWORD PTR [rsp+0x8],rdi
    10c9:	44 89 e7             	mov    edi,r12d
    10cc:	e8 00 00 00 00       	call   10d1 <mat_trgsw_alloc_new_sample+0x171>
    10d1:	4c 8b 44 24 08       	mov    r8,QWORD PTR [rsp+0x8]
    10d6:	49 89 00             	mov    QWORD PTR [r8],rax
    10d9:	4c 8b 45 00          	mov    r8,QWORD PTR [rbp+0x0]
    10dd:	4d 8d 0c d8          	lea    r9,[r8+rbx*8]
    10e1:	44 89 f2             	mov    edx,r14d
    10e4:	44 89 ee             	mov    esi,r13d
    10e7:	44 89 e7             	mov    edi,r12d
    10ea:	4c 89 4c 24 08       	mov    QWORD PTR [rsp+0x8],r9
    10ef:	e8 00 00 00 00       	call   10f4 <mat_trgsw_alloc_new_sample+0x194>
    10f4:	4c 8b 54 24 08       	mov    r10,QWORD PTR [rsp+0x8]
    10f9:	4c 8d 5b 01          	lea    r11,[rbx+0x1]
    10fd:	49 89 02             	mov    QWORD PTR [r10],rax
    1100:	4d 39 df             	cmp    r15,r11
    1103:	0f 85 57 ff ff ff    	jne    1060 <mat_trgsw_alloc_new_sample+0x100>
    1109:	4c 8b 64 24 10       	mov    r12,QWORD PTR [rsp+0x10]
    110e:	48 89 e8             	mov    rax,rbp
    1111:	4c 89 65 08          	mov    QWORD PTR [rbp+0x8],r12
    1115:	48 83 c4 28          	add    rsp,0x28
    1119:	5b                   	pop    rbx
    111a:	5d                   	pop    rbp
    111b:	41 5c                	pop    r12
    111d:	41 5d                	pop    r13
    111f:	41 5e                	pop    r14
    1121:	41 5f                	pop    r15
    1123:	c3                   	ret
    1124:	66 66 2e 0f 1f 84 00 	data16 cs nop WORD PTR [rax+rax*1+0x0]
    112b:	00 00 00 00
    112f:	90                   	nop

0000000000001130 <mat_trgsw_alloc_new_DFT_sample>:
    1130:	f3 0f 1e fa          	endbr64
    1134:	41 57                	push   r15
    1136:	c5 f9 6e cf          	vmovd  xmm1,edi
    113a:	c4 e3 71 22 c6 01    	vpinsrd xmm0,xmm1,esi,0x1
    1140:	41 56                	push   r14
    1142:	45 89 c6             	mov    r14d,r8d
    1145:	41 55                	push   r13
    1147:	41 89 cd             	mov    r13d,ecx
    114a:	41 54                	push   r12
    114c:	41 89 d4             	mov    r12d,edx
    114f:	47 8d 3c 2c          	lea    r15d,[r12+r13*1]
    1153:	55                   	push   rbp
    1154:	53                   	push   rbx
    1155:	89 fb                	mov    ebx,edi
    1157:	bf 10 00 00 00       	mov    edi,0x10
    115c:	44 0f af fb          	imul   r15d,ebx
    1160:	48 83 ec 28          	sub    rsp,0x28
    1164:	4d 63 ff             	movsxd r15,r15d
    1167:	c5 f9 d6 44 24 10    	vmovq  QWORD PTR [rsp+0x10],xmm0
    116d:	e8 00 00 00 00       	call   1172 <mat_trgsw_alloc_new_DFT_sample+0x42>
    1172:	4a 8d 3c fd 00 00 00 	lea    rdi,[r15*8+0x0]
    1179:	00
    117a:	48 89 c5             	mov    rbp,rax
    117d:	e8 00 00 00 00       	call   1182 <mat_trgsw_alloc_new_DFT_sample+0x52>
    1182:	48 89 45 00          	mov    QWORD PTR [rbp+0x0],rax
    1186:	4d 85 ff             	test   r15,r15
    1189:	0f 84 4a 01 00 00    	je     12d9 <mat_trgsw_alloc_new_DFT_sample+0x1a9>
    118f:	49 89 c0             	mov    r8,rax
    1192:	49 8d 47 ff          	lea    rax,[r15-0x1]
    1196:	31 db                	xor    ebx,ebx
    1198:	83 e0 03             	and    eax,0x3
    119b:	48 89 44 24 08       	mov    QWORD PTR [rsp+0x8],rax
    11a0:	0f 84 07 01 00 00    	je     12ad <mat_trgsw_alloc_new_DFT_sample+0x17d>
    11a6:	44 89 f2             	mov    edx,r14d
    11a9:	44 89 ee             	mov    esi,r13d
    11ac:	44 89 e7             	mov    edi,r12d
    11af:	4c 89 44 24 18       	mov    QWORD PTR [rsp+0x18],r8
    11b4:	e8 00 00 00 00       	call   11b9 <mat_trgsw_alloc_new_DFT_sample+0x89>
    11b9:	48 8b 4c 24 18       	mov    rcx,QWORD PTR [rsp+0x18]
    11be:	48 8b 54 24 08       	mov    rdx,QWORD PTR [rsp+0x8]
    11c3:	bb 01 00 00 00       	mov    ebx,0x1
    11c8:	4c 8b 45 00          	mov    r8,QWORD PTR [rbp+0x0]
    11cc:	48 89 01             	mov    QWORD PTR [rcx],rax
    11cf:	48 83 fa 01          	cmp    rdx,0x1
    11d3:	0f 84 d4 00 00 00    	je     12ad <mat_trgsw_alloc_new_DFT_sample+0x17d>
    11d9:	48 83 fa 02          	cmp    rdx,0x2
    11dd:	74 1e                	je     11fd <mat_trgsw_alloc_new_DFT_sample+0xcd>
    11df:	44 89 f2             	mov    edx,r14d
    11e2:	44 89 ee             	mov    esi,r13d
    11e5:	49 8d 58 08          	lea    rbx,[r8+0x8]
    11e9:	44 89 e7             	mov    edi,r12d
    11ec:	e8 00 00 00 00       	call   11f1 <mat_trgsw_alloc_new_DFT_sample+0xc1>
    11f1:	4c 8b 45 00          	mov    r8,QWORD PTR [rbp+0x0]
    11f5:	48 89 03             	mov    QWORD PTR [rbx],rax
    11f8:	bb 02 00 00 00       	mov    ebx,0x2
    11fd:	49 8d 34 d8          	lea    rsi,[r8+rbx*8]
    1201:	44 89 e7             	mov    edi,r12d
    1204:	44 89 f2             	mov    edx,r14d
    1207:	48 ff c3             	inc    rbx
    120a:	48 89 74 24 08       	mov    QWORD PTR [rsp+0x8],rsi
    120f:	44 89 ee             	mov    esi,r13d
    1212:	e8 00 00 00 00       	call   1217 <mat_trgsw_alloc_new_DFT_sample+0xe7>
    1217:	48 8b 7c 24 08       	mov    rdi,QWORD PTR [rsp+0x8]
    121c:	4c 8b 45 00          	mov    r8,QWORD PTR [rbp+0x0]
    1220:	48 89 07             	mov    QWORD PTR [rdi],rax
    1223:	e9 85 00 00 00       	jmp    12ad <mat_trgsw_alloc_new_DFT_sample+0x17d>
    1228:	0f 1f 84 00 00 00 00 	nop    DWORD PTR [rax+rax*1+0x0]
    122f:	00
    1230:	4a 8d 04 dd 00 00 00 	lea    rax,[r11*8+0x0]
    1237:	00
    1238:	44 89 f2             	mov    edx,r14d
    123b:	44 89 ee             	mov    esi,r13d
    123e:	44 89 e7             	mov    edi,r12d
    1241:	48 03 45 00          	add    rax,QWORD PTR [rbp+0x0]
    1245:	48 89 44 24 08       	mov    QWORD PTR [rsp+0x8],rax
    124a:	e8 00 00 00 00       	call   124f <mat_trgsw_alloc_new_DFT_sample+0x11f>
    124f:	48 8b 4c 24 08       	mov    rcx,QWORD PTR [rsp+0x8]
    1254:	48 8d 14 dd 10 00 00 	lea    rdx,[rbx*8+0x10]
    125b:	00
    125c:	44 89 ee             	mov    esi,r13d
    125f:	48 03 55 00          	add    rdx,QWORD PTR [rbp+0x0]
    1263:	44 89 e7             	mov    edi,r12d
    1266:	48 89 01             	mov    QWORD PTR [rcx],rax
    1269:	48 89 54 24 08       	mov    QWORD PTR [rsp+0x8],rdx
    126e:	44 89 f2             	mov    edx,r14d
    1271:	e8 00 00 00 00       	call   1276 <mat_trgsw_alloc_new_DFT_sample+0x146>
    1276:	48 8b 74 24 08       	mov    rsi,QWORD PTR [rsp+0x8]
    127b:	48 8d 3c dd 18 00 00 	lea    rdi,[rbx*8+0x18]
    1282:	00
    1283:	44 89 f2             	mov    edx,r14d
    1286:	48 03 7d 00          	add    rdi,QWORD PTR [rbp+0x0]
    128a:	48 83 c3 04          	add    rbx,0x4
    128e:	48 89 06             	mov    QWORD PTR [rsi],rax
    1291:	44 89 ee             	mov    esi,r13d
    1294:	48 89 7c 24 08       	mov    QWORD PTR [rsp+0x8],rdi
    1299:	44 89 e7             	mov    edi,r12d
    129c:	e8 00 00 00 00       	call   12a1 <mat_trgsw_alloc_new_DFT_sample+0x171>
    12a1:	4c 8b 44 24 08       	mov    r8,QWORD PTR [rsp+0x8]
    12a6:	49 89 00             	mov    QWORD PTR [r8],rax
    12a9:	4c 8b 45 00          	mov    r8,QWORD PTR [rbp+0x0]
    12ad:	4d 8d 0c d8          	lea    r9,[r8+rbx*8]
    12b1:	44 89 f2             	mov    edx,r14d
    12b4:	44 89 ee             	mov    esi,r13d
    12b7:	44 89 e7             	mov    edi,r12d
    12ba:	4c 89 4c 24 08       	mov    QWORD PTR [rsp+0x8],r9
    12bf:	e8 00 00 00 00       	call   12c4 <mat_trgsw_alloc_new_DFT_sample+0x194>
    12c4:	4c 8b 54 24 08       	mov    r10,QWORD PTR [rsp+0x8]
    12c9:	4c 8d 5b 01          	lea    r11,[rbx+0x1]
    12cd:	49 89 02             	mov    QWORD PTR [r10],rax
    12d0:	4d 39 df             	cmp    r15,r11
    12d3:	0f 85 57 ff ff ff    	jne    1230 <mat_trgsw_alloc_new_DFT_sample+0x100>
    12d9:	4c 8b 64 24 10       	mov    r12,QWORD PTR [rsp+0x10]
    12de:	48 89 e8             	mov    rax,rbp
    12e1:	4c 89 65 08          	mov    QWORD PTR [rbp+0x8],r12
    12e5:	48 83 c4 28          	add    rsp,0x28
    12e9:	5b                   	pop    rbx
    12ea:	5d                   	pop    rbp
    12eb:	41 5c                	pop    r12
    12ed:	41 5d                	pop    r13
    12ef:	41 5e                	pop    r14
    12f1:	41 5f                	pop    r15
    12f3:	c3                   	ret
    12f4:	66 66 2e 0f 1f 84 00 	data16 cs nop WORD PTR [rax+rax*1+0x0]
    12fb:	00 00 00 00
    12ff:	90                   	nop

0000000000001300 <free_mat_trgsw>:
    1300:	f3 0f 1e fa          	endbr64
    1304:	41 55                	push   r13
    1306:	41 54                	push   r12
    1308:	55                   	push   rbp
    1309:	48 89 fd             	mov    rbp,rdi
    130c:	53                   	push   rbx
    130d:	48 83 ec 08          	sub    rsp,0x8
    1311:	4c 8b 27             	mov    r12,QWORD PTR [rdi]
    1314:	49 8b 3c 24          	mov    rdi,QWORD PTR [r12]
    1318:	8b 47 14             	mov    eax,DWORD PTR [rdi+0x14]
    131b:	03 47 10             	add    eax,DWORD PTR [rdi+0x10]
    131e:	0f af 45 08          	imul   eax,DWORD PTR [rbp+0x8]
    1322:	85 c0                	test   eax,eax
    1324:	0f 84 21 01 00 00    	je     144b <free_mat_trgsw+0x14b>
    132a:	4c 63 e8             	movsxd r13,eax
    132d:	31 db                	xor    ebx,ebx
    132f:	4d 8d 65 ff          	lea    r12,[r13-0x1]
    1333:	41 83 e4 07          	and    r12d,0x7
    1337:	0f 84 fc 00 00 00    	je     1439 <free_mat_trgsw+0x139>
    133d:	e8 00 00 00 00       	call   1342 <free_mat_trgsw+0x42>
    1342:	48 8b 55 00          	mov    rdx,QWORD PTR [rbp+0x0]
    1346:	bb 01 00 00 00       	mov    ebx,0x1
    134b:	48 8b 3c da          	mov    rdi,QWORD PTR [rdx+rbx*8]
    134f:	49 83 fc 01          	cmp    r12,0x1
    1353:	0f 84 e0 00 00 00    	je     1439 <free_mat_trgsw+0x139>
    1359:	49 83 fc 02          	cmp    r12,0x2
    135d:	74 5c                	je     13bb <free_mat_trgsw+0xbb>
    135f:	49 83 fc 03          	cmp    r12,0x3
    1363:	74 46                	je     13ab <free_mat_trgsw+0xab>
    1365:	49 83 fc 04          	cmp    r12,0x4
    1369:	74 30                	je     139b <free_mat_trgsw+0x9b>
    136b:	49 83 fc 05          	cmp    r12,0x5
    136f:	74 1a                	je     138b <free_mat_trgsw+0x8b>
    1371:	49 83 fc 06          	cmp    r12,0x6
    1375:	0f 85 ed 00 00 00    	jne    1468 <free_mat_trgsw+0x168>
    137b:	e8 00 00 00 00       	call   1380 <free_mat_trgsw+0x80>
    1380:	48 8b 75 00          	mov    rsi,QWORD PTR [rbp+0x0]
    1384:	48 ff c3             	inc    rbx
    1387:	48 8b 3c de          	mov    rdi,QWORD PTR [rsi+rbx*8]
    138b:	e8 00 00 00 00       	call   1390 <free_mat_trgsw+0x90>
    1390:	48 8b 7d 00          	mov    rdi,QWORD PTR [rbp+0x0]
    1394:	48 ff c3             	inc    rbx
    1397:	48 8b 3c df          	mov    rdi,QWORD PTR [rdi+rbx*8]
    139b:	e8 00 00 00 00       	call   13a0 <free_mat_trgsw+0xa0>
    13a0:	4c 8b 45 00          	mov    r8,QWORD PTR [rbp+0x0]
    13a4:	48 ff c3             	inc    rbx
    13a7:	49 8b 3c d8          	mov    rdi,QWORD PTR [r8+rbx*8]
    13ab:	e8 00 00 00 00       	call   13b0 <free_mat_trgsw+0xb0>
    13b0:	4c 8b 4d 00          	mov    r9,QWORD PTR [rbp+0x0]
    13b4:	48 ff c3             	inc    rbx
    13b7:	49 8b 3c d9          	mov    rdi,QWORD PTR [r9+rbx*8]
    13bb:	e8 00 00 00 00       	call   13c0 <free_mat_trgsw+0xc0>
    13c0:	4c 8b 55 00          	mov    r10,QWORD PTR [rbp+0x0]
    13c4:	48 ff c3             	inc    rbx
    13c7:	49 8b 3c da          	mov    rdi,QWORD PTR [r10+rbx*8]
    13cb:	eb 6c                	jmp    1439 <free_mat_trgsw+0x139>
    13cd:	0f 1f 00             	nop    DWORD PTR [rax]
    13d0:	4b 8b 3c dc          	mov    rdi,QWORD PTR [r12+r11*8]
    13d4:	e8 00 00 00 00       	call   13d9 <free_mat_trgsw+0xd9>
    13d9:	48 8b 45 00          	mov    rax,QWORD PTR [rbp+0x0]
    13dd:	48 8b 7c d8 10       	mov    rdi,QWORD PTR [rax+rbx*8+0x10]
    13e2:	e8 00 00 00 00       	call   13e7 <free_mat_trgsw+0xe7>
    13e7:	48 8b 55 00          	mov    rdx,QWORD PTR [rbp+0x0]
    13eb:	48 8b 7c da 18       	mov    rdi,QWORD PTR [rdx+rbx*8+0x18]
    13f0:	e8 00 00 00 00       	call   13f5 <free_mat_trgsw+0xf5>
    13f5:	48 8b 4d 00          	mov    rcx,QWORD PTR [rbp+0x0]
    13f9:	48 8b 7c d9 20       	mov    rdi,QWORD PTR [rcx+rbx*8+0x20]
    13fe:	e8 00 00 00 00       	call   1403 <free_mat_trgsw+0x103>
    1403:	48 8b 75 00          	mov    rsi,QWORD PTR [rbp+0x0]
    1407:	48 8b 7c de 28       	mov    rdi,QWORD PTR [rsi+rbx*8+0x28]
    140c:	e8 00 00 00 00       	call   1411 <free_mat_trgsw+0x111>
    1411:	48 8b 7d 00          	mov    rdi,QWORD PTR [rbp+0x0]
    1415:	48 8b 7c df 30       	mov    rdi,QWORD PTR [rdi+rbx*8+0x30]
    141a:	e8 00 00 00 00       	call   141f <free_mat_trgsw+0x11f>
    141f:	4c 8b 45 00          	mov    r8,QWORD PTR [rbp+0x0]
    1423:	49 8b 7c d8 38       	mov    rdi,QWORD PTR [r8+rbx*8+0x38]
    1428:	48 83 c3 08          	add    rbx,0x8
    142c:	e8 00 00 00 00       	call   1431 <free_mat_trgsw+0x131>
    1431:	4c 8b 4d 00          	mov    r9,QWORD PTR [rbp+0x0]
    1435:	49 8b 3c d9          	mov    rdi,QWORD PTR [r9+rbx*8]
    1439:	e8 00 00 00 00       	call   143e <free_mat_trgsw+0x13e>
    143e:	4c 8d 5b 01          	lea    r11,[rbx+0x1]
    1442:	4c 8b 65 00          	mov    r12,QWORD PTR [rbp+0x0]
    1446:	4d 39 eb             	cmp    r11,r13
    1449:	75 85                	jne    13d0 <free_mat_trgsw+0xd0>
    144b:	4c 89 e7             	mov    rdi,r12
    144e:	e8 00 00 00 00       	call   1453 <free_mat_trgsw+0x153>
    1453:	48 83 c4 08          	add    rsp,0x8
    1457:	48 89 ef             	mov    rdi,rbp
    145a:	5b                   	pop    rbx
    145b:	5d                   	pop    rbp
    145c:	41 5c                	pop    r12
    145e:	41 5d                	pop    r13
    1460:	e9 00 00 00 00       	jmp    1465 <free_mat_trgsw+0x165>
    1465:	0f 1f 00             	nop    DWORD PTR [rax]
    1468:	e8 00 00 00 00       	call   146d <free_mat_trgsw+0x16d>
    146d:	48 8b 4d 00          	mov    rcx,QWORD PTR [rbp+0x0]
    1471:	bb 02 00 00 00       	mov    ebx,0x2
    1476:	48 8b 3c d9          	mov    rdi,QWORD PTR [rcx+rbx*8]
    147a:	e9 fc fe ff ff       	jmp    137b <free_mat_trgsw+0x7b>
    147f:	90                   	nop

0000000000001480 <free_mat_trgsw_DFT>:
    1480:	f3 0f 1e fa          	endbr64
    1484:	41 55                	push   r13
    1486:	41 54                	push   r12
    1488:	55                   	push   rbp
    1489:	48 89 fd             	mov    rbp,rdi
    148c:	53                   	push   rbx
    148d:	48 83 ec 08          	sub    rsp,0x8
    1491:	4c 8b 27             	mov    r12,QWORD PTR [rdi]
    1494:	49 8b 3c 24          	mov    rdi,QWORD PTR [r12]
    1498:	8b 47 10             	mov    eax,DWORD PTR [rdi+0x10]
    149b:	03 47 14             	add    eax,DWORD PTR [rdi+0x14]
    149e:	0f af 45 08          	imul   eax,DWORD PTR [rbp+0x8]
    14a2:	85 c0                	test   eax,eax
    14a4:	0f 84 21 01 00 00    	je     15cb <free_mat_trgsw_DFT+0x14b>
    14aa:	4c 63 e8             	movsxd r13,eax
    14ad:	31 db                	xor    ebx,ebx
    14af:	4d 8d 65 ff          	lea    r12,[r13-0x1]
    14b3:	41 83 e4 07          	and    r12d,0x7
    14b7:	0f 84 fc 00 00 00    	je     15b9 <free_mat_trgsw_DFT+0x139>
    14bd:	e8 00 00 00 00       	call   14c2 <free_mat_trgsw_DFT+0x42>
    14c2:	48 8b 55 00          	mov    rdx,QWORD PTR [rbp+0x0]
    14c6:	bb 01 00 00 00       	mov    ebx,0x1
    14cb:	48 8b 3c da          	mov    rdi,QWORD PTR [rdx+rbx*8]
    14cf:	49 83 fc 01          	cmp    r12,0x1
    14d3:	0f 84 e0 00 00 00    	je     15b9 <free_mat_trgsw_DFT+0x139>
    14d9:	49 83 fc 02          	cmp    r12,0x2
    14dd:	74 5c                	je     153b <free_mat_trgsw_DFT+0xbb>
    14df:	49 83 fc 03          	cmp    r12,0x3
    14e3:	74 46                	je     152b <free_mat_trgsw_DFT+0xab>
    14e5:	49 83 fc 04          	cmp    r12,0x4
    14e9:	74 30                	je     151b <free_mat_trgsw_DFT+0x9b>
    14eb:	49 83 fc 05          	cmp    r12,0x5
    14ef:	74 1a                	je     150b <free_mat_trgsw_DFT+0x8b>
    14f1:	49 83 fc 06          	cmp    r12,0x6
    14f5:	0f 85 ed 00 00 00    	jne    15e8 <free_mat_trgsw_DFT+0x168>
    14fb:	e8 00 00 00 00       	call   1500 <free_mat_trgsw_DFT+0x80>
    1500:	48 8b 75 00          	mov    rsi,QWORD PTR [rbp+0x0]
    1504:	48 ff c3             	inc    rbx
    1507:	48 8b 3c de          	mov    rdi,QWORD PTR [rsi+rbx*8]
    150b:	e8 00 00 00 00       	call   1510 <free_mat_trgsw_DFT+0x90>
    1510:	48 8b 7d 00          	mov    rdi,QWORD PTR [rbp+0x0]
    1514:	48 ff c3             	inc    rbx
    1517:	48 8b 3c df          	mov    rdi,QWORD PTR [rdi+rbx*8]
    151b:	e8 00 00 00 00       	call   1520 <free_mat_trgsw_DFT+0xa0>
    1520:	4c 8b 45 00          	mov    r8,QWORD PTR [rbp+0x0]
    1524:	48 ff c3             	inc    rbx
    1527:	49 8b 3c d8          	mov    rdi,QWORD PTR [r8+rbx*8]
    152b:	e8 00 00 00 00       	call   1530 <free_mat_trgsw_DFT+0xb0>
    1530:	4c 8b 4d 00          	mov    r9,QWORD PTR [rbp+0x0]
    1534:	48 ff c3             	inc    rbx
    1537:	49 8b 3c d9          	mov    rdi,QWORD PTR [r9+rbx*8]
    153b:	e8 00 00 00 00       	call   1540 <free_mat_trgsw_DFT+0xc0>
    1540:	4c 8b 55 00          	mov    r10,QWORD PTR [rbp+0x0]
    1544:	48 ff c3             	inc    rbx
    1547:	49 8b 3c da          	mov    rdi,QWORD PTR [r10+rbx*8]
    154b:	eb 6c                	jmp    15b9 <free_mat_trgsw_DFT+0x139>
    154d:	0f 1f 00             	nop    DWORD PTR [rax]
    1550:	4b 8b 3c dc          	mov    rdi,QWORD PTR [r12+r11*8]
    1554:	e8 00 00 00 00       	call   1559 <free_mat_trgsw_DFT+0xd9>
    1559:	48 8b 45 00          	mov    rax,QWORD PTR [rbp+0x0]
    155d:	48 8b 7c d8 10       	mov    rdi,QWORD PTR [rax+rbx*8+0x10]
    1562:	e8 00 00 00 00       	call   1567 <free_mat_trgsw_DFT+0xe7>
    1567:	48 8b 55 00          	mov    rdx,QWORD PTR [rbp+0x0]
    156b:	48 8b 7c da 18       	mov    rdi,QWORD PTR [rdx+rbx*8+0x18]
    1570:	e8 00 00 00 00       	call   1575 <free_mat_trgsw_DFT+0xf5>
    1575:	48 8b 4d 00          	mov    rcx,QWORD PTR [rbp+0x0]
    1579:	48 8b 7c d9 20       	mov    rdi,QWORD PTR [rcx+rbx*8+0x20]
    157e:	e8 00 00 00 00       	call   1583 <free_mat_trgsw_DFT+0x103>
    1583:	48 8b 75 00          	mov    rsi,QWORD PTR [rbp+0x0]
    1587:	48 8b 7c de 28       	mov    rdi,QWORD PTR [rsi+rbx*8+0x28]
    158c:	e8 00 00 00 00       	call   1591 <free_mat_trgsw_DFT+0x111>
    1591:	48 8b 7d 00          	mov    rdi,QWORD PTR [rbp+0x0]
    1595:	48 8b 7c df 30       	mov    rdi,QWORD PTR [rdi+rbx*8+0x30]
    159a:	e8 00 00 00 00       	call   159f <free_mat_trgsw_DFT+0x11f>
    159f:	4c 8b 45 00          	mov    r8,QWORD PTR [rbp+0x0]
    15a3:	49 8b 7c d8 38       	mov    rdi,QWORD PTR [r8+rbx*8+0x38]
    15a8:	48 83 c3 08          	add    rbx,0x8
    15ac:	e8 00 00 00 00       	call   15b1 <free_mat_trgsw_DFT+0x131>
    15b1:	4c 8b 4d 00          	mov    r9,QWORD PTR [rbp+0x0]
    15b5:	49 8b 3c d9          	mov    rdi,QWORD PTR [r9+rbx*8]
    15b9:	e8 00 00 00 00       	call   15be <free_mat_trgsw_DFT+0x13e>
    15be:	4c 8d 5b 01          	lea    r11,[rbx+0x1]
    15c2:	4c 8b 65 00          	mov    r12,QWORD PTR [rbp+0x0]
    15c6:	4d 39 eb             	cmp    r11,r13
    15c9:	75 85                	jne    1550 <free_mat_trgsw_DFT+0xd0>
    15cb:	4c 89 e7             	mov    rdi,r12
    15ce:	e8 00 00 00 00       	call   15d3 <free_mat_trgsw_DFT+0x153>
    15d3:	48 83 c4 08          	add    rsp,0x8
    15d7:	48 89 ef             	mov    rdi,rbp
    15da:	5b                   	pop    rbx
    15db:	5d                   	pop    rbp
    15dc:	41 5c                	pop    r12
    15de:	41 5d                	pop    r13
    15e0:	e9 00 00 00 00       	jmp    15e5 <free_mat_trgsw_DFT+0x165>
    15e5:	0f 1f 00             	nop    DWORD PTR [rax]
    15e8:	e8 00 00 00 00       	call   15ed <free_mat_trgsw_DFT+0x16d>
    15ed:	48 8b 4d 00          	mov    rcx,QWORD PTR [rbp+0x0]
    15f1:	bb 02 00 00 00       	mov    ebx,0x2
    15f6:	48 8b 3c d9          	mov    rdi,QWORD PTR [rcx+rbx*8]
    15fa:	e9 fc fe ff ff       	jmp    14fb <free_mat_trgsw_DFT+0x7b>
    15ff:	90                   	nop

0000000000001600 <mat_trgsw_monomial_sample>:
    1600:	f3 0f 1e fa          	endbr64
    1604:	41 57                	push   r15
    1606:	41 56                	push   r14
    1608:	41 55                	push   r13
    160a:	49 89 cd             	mov    r13,rcx
    160d:	41 54                	push   r12
    160f:	49 89 fc             	mov    r12,rdi
    1612:	48 89 f7             	mov    rdi,rsi
    1615:	89 d6                	mov    esi,edx
    1617:	55                   	push   rbp
    1618:	53                   	push   rbx
    1619:	48 83 ec 28          	sub    rsp,0x28
    161d:	48 8b 11             	mov    rdx,QWORD PTR [rcx]
    1620:	44 8b 79 08          	mov    r15d,DWORD PTR [rcx+0x8]
    1624:	8b 41 0c             	mov    eax,DWORD PTR [rcx+0xc]
    1627:	48 8b 0a             	mov    rcx,QWORD PTR [rdx]
    162a:	48 63 6a 10          	movsxd rbp,DWORD PTR [rdx+0x10]
    162e:	44 8b 42 14          	mov    r8d,DWORD PTR [rdx+0x14]
    1632:	89 44 24 04          	mov    DWORD PTR [rsp+0x4],eax
    1636:	48 8b 19             	mov    rbx,QWORD PTR [rcx]
    1639:	48 89 f9             	mov    rcx,rdi
    163c:	48 f7 d9             	neg    rcx
    163f:	46 8d 74 05 00       	lea    r14d,[rbp+r8*1+0x0]
    1644:	4c 8b 0b             	mov    r9,QWORD PTR [rbx]
    1647:	45 8b 51 08          	mov    r10d,DWORD PTR [r9+0x8]
    164b:	41 85 f2             	test   r10d,esi
    164e:	45 8d 5a ff          	lea    r11d,[r10-0x1]
    1652:	48 0f 44 cf          	cmove  rcx,rdi
    1656:	45 0f af f7          	imul   r14d,r15d
    165a:	41 21 f3             	and    r11d,esi
    165d:	44 89 1c 24          	mov    DWORD PTR [rsp],r11d
    1661:	45 85 f6             	test   r14d,r14d
    1664:	0f 84 07 02 00 00    	je     1871 <mat_trgsw_monomial_sample+0x271>
    166a:	4d 63 f6             	movsxd r14,r14d
    166d:	31 db                	xor    ebx,ebx
    166f:	49 8d 7e ff          	lea    rdi,[r14-0x1]
    1673:	83 e7 07             	and    edi,0x7
    1676:	0f 84 2d 06 00 00    	je     1ca9 <mat_trgsw_monomial_sample+0x6a9>
    167c:	44 89 44 24 08       	mov    DWORD PTR [rsp+0x8],r8d
    1681:	4d 8b 04 24          	mov    r8,QWORD PTR [r12]
    1685:	31 f6                	xor    esi,esi
    1687:	bb 01 00 00 00       	mov    ebx,0x1
    168c:	48 89 7c 24 10       	mov    QWORD PTR [rsp+0x10],rdi
    1691:	49 8b 38             	mov    rdi,QWORD PTR [r8]
    1694:	48 89 4c 24 18       	mov    QWORD PTR [rsp+0x18],rcx
    1699:	e8 00 00 00 00       	call   169e <mat_trgsw_monomial_sample+0x9e>
    169e:	48 8b 74 24 10       	mov    rsi,QWORD PTR [rsp+0x10]
    16a3:	49 8b 55 00          	mov    rdx,QWORD PTR [r13+0x0]
    16a7:	44 8b 44 24 08       	mov    r8d,DWORD PTR [rsp+0x8]
    16ac:	48 8b 4c 24 18       	mov    rcx,QWORD PTR [rsp+0x18]
    16b1:	48 83 fe 01          	cmp    rsi,0x1
    16b5:	0f 84 ee 05 00 00    	je     1ca9 <mat_trgsw_monomial_sample+0x6a9>
    16bb:	48 83 fe 02          	cmp    rsi,0x2
    16bf:	0f 84 c8 00 00 00    	je     178d <mat_trgsw_monomial_sample+0x18d>
    16c5:	48 83 fe 03          	cmp    rsi,0x3
    16c9:	0f 84 94 00 00 00    	je     1763 <mat_trgsw_monomial_sample+0x163>
    16cf:	48 83 fe 04          	cmp    rsi,0x4
    16d3:	74 64                	je     1739 <mat_trgsw_monomial_sample+0x139>
    16d5:	48 83 fe 05          	cmp    rsi,0x5
    16d9:	74 34                	je     170f <mat_trgsw_monomial_sample+0x10f>
    16db:	48 83 fe 06          	cmp    rsi,0x6
    16df:	0f 85 d3 05 00 00    	jne    1cb8 <mat_trgsw_monomial_sample+0x6b8>
    16e5:	48 89 4c 24 10       	mov    QWORD PTR [rsp+0x10],rcx
    16ea:	49 8b 0c 24          	mov    rcx,QWORD PTR [r12]
    16ee:	31 f6                	xor    esi,esi
    16f0:	44 89 44 24 08       	mov    DWORD PTR [rsp+0x8],r8d
    16f5:	48 8b 3c d9          	mov    rdi,QWORD PTR [rcx+rbx*8]
    16f9:	48 ff c3             	inc    rbx
    16fc:	e8 00 00 00 00       	call   1701 <mat_trgsw_monomial_sample+0x101>
    1701:	49 8b 55 00          	mov    rdx,QWORD PTR [r13+0x0]
    1705:	48 8b 4c 24 10       	mov    rcx,QWORD PTR [rsp+0x10]
    170a:	44 8b 44 24 08       	mov    r8d,DWORD PTR [rsp+0x8]
    170f:	4d 8b 0c 24          	mov    r9,QWORD PTR [r12]
    1713:	31 f6                	xor    esi,esi
    1715:	48 89 4c 24 10       	mov    QWORD PTR [rsp+0x10],rcx
    171a:	44 89 44 24 08       	mov    DWORD PTR [rsp+0x8],r8d
    171f:	49 8b 3c d9          	mov    rdi,QWORD PTR [r9+rbx*8]
    1723:	48 ff c3             	inc    rbx
    1726:	e8 00 00 00 00       	call   172b <mat_trgsw_monomial_sample+0x12b>
    172b:	49 8b 55 00          	mov    rdx,QWORD PTR [r13+0x0]
    172f:	48 8b 4c 24 10       	mov    rcx,QWORD PTR [rsp+0x10]
    1734:	44 8b 44 24 08       	mov    r8d,DWORD PTR [rsp+0x8]
    1739:	4d 8b 14 24          	mov    r10,QWORD PTR [r12]
    173d:	31 f6                	xor    esi,esi
    173f:	48 89 4c 24 10       	mov    QWORD PTR [rsp+0x10],rcx
    1744:	44 89 44 24 08       	mov    DWORD PTR [rsp+0x8],r8d
    1749:	49 8b 3c da          	mov    rdi,QWORD PTR [r10+rbx*8]
    174d:	48 ff c3             	inc    rbx
    1750:	e8 00 00 00 00       	call   1755 <mat_trgsw_monomial_sample+0x155>
    1755:	49 8b 55 00          	mov    rdx,QWORD PTR [r13+0x0]
    1759:	48 8b 4c 24 10       	mov    rcx,QWORD PTR [rsp+0x10]
    175e:	44 8b 44 24 08       	mov    r8d,DWORD PTR [rsp+0x8]
    1763:	4d 8b 1c 24          	mov    r11,QWORD PTR [r12]
    1767:	31 f6                	xor    esi,esi
    1769:	48 89 4c 24 10       	mov    QWORD PTR [rsp+0x10],rcx
    176e:	44 89 44 24 08       	mov    DWORD PTR [rsp+0x8],r8d
    1773:	49 8b 3c db          	mov    rdi,QWORD PTR [r11+rbx*8]
    1777:	48 ff c3             	inc    rbx
    177a:	e8 00 00 00 00       	call   177f <mat_trgsw_monomial_sample+0x17f>
    177f:	49 8b 55 00          	mov    rdx,QWORD PTR [r13+0x0]
    1783:	48 8b 4c 24 10       	mov    rcx,QWORD PTR [rsp+0x10]
    1788:	44 8b 44 24 08       	mov    r8d,DWORD PTR [rsp+0x8]
    178d:	49 8b 3c 24          	mov    rdi,QWORD PTR [r12]
    1791:	31 f6                	xor    esi,esi
    1793:	48 89 4c 24 10       	mov    QWORD PTR [rsp+0x10],rcx
    1798:	44 89 44 24 08       	mov    DWORD PTR [rsp+0x8],r8d
    179d:	48 8b 3c df          	mov    rdi,QWORD PTR [rdi+rbx*8]
    17a1:	48 ff c3             	inc    rbx
    17a4:	e8 00 00 00 00       	call   17a9 <mat_trgsw_monomial_sample+0x1a9>
    17a9:	49 8b 55 00          	mov    rdx,QWORD PTR [r13+0x0]
    17ad:	e9 99 00 00 00       	jmp    184b <mat_trgsw_monomial_sample+0x24b>
    17b2:	66 0f 1f 44 00 00    	nop    WORD PTR [rax+rax*1+0x0]
    17b8:	4d 8b 0c 24          	mov    r9,QWORD PTR [r12]
    17bc:	49 8b 55 00          	mov    rdx,QWORD PTR [r13+0x0]
    17c0:	31 f6                	xor    esi,esi
    17c2:	49 8b 3c c1          	mov    rdi,QWORD PTR [r9+rax*8]
    17c6:	e8 00 00 00 00       	call   17cb <mat_trgsw_monomial_sample+0x1cb>
    17cb:	4d 8b 14 24          	mov    r10,QWORD PTR [r12]
    17cf:	49 8b 55 00          	mov    rdx,QWORD PTR [r13+0x0]
    17d3:	31 f6                	xor    esi,esi
    17d5:	49 8b 7c da 10       	mov    rdi,QWORD PTR [r10+rbx*8+0x10]
    17da:	e8 00 00 00 00       	call   17df <mat_trgsw_monomial_sample+0x1df>
    17df:	49 8b 34 24          	mov    rsi,QWORD PTR [r12]
    17e3:	49 8b 55 00          	mov    rdx,QWORD PTR [r13+0x0]
    17e7:	48 8b 7c de 18       	mov    rdi,QWORD PTR [rsi+rbx*8+0x18]
    17ec:	31 f6                	xor    esi,esi
    17ee:	e8 00 00 00 00       	call   17f3 <mat_trgsw_monomial_sample+0x1f3>
    17f3:	4d 8b 1c 24          	mov    r11,QWORD PTR [r12]
    17f7:	49 8b 55 00          	mov    rdx,QWORD PTR [r13+0x0]
    17fb:	31 f6                	xor    esi,esi
    17fd:	49 8b 7c db 20       	mov    rdi,QWORD PTR [r11+rbx*8+0x20]
    1802:	e8 00 00 00 00       	call   1807 <mat_trgsw_monomial_sample+0x207>
    1807:	49 8b 04 24          	mov    rax,QWORD PTR [r12]
    180b:	49 8b 55 00          	mov    rdx,QWORD PTR [r13+0x0]
    180f:	31 f6                	xor    esi,esi
    1811:	48 8b 7c d8 28       	mov    rdi,QWORD PTR [rax+rbx*8+0x28]
    1816:	e8 00 00 00 00       	call   181b <mat_trgsw_monomial_sample+0x21b>
    181b:	49 8b 3c 24          	mov    rdi,QWORD PTR [r12]
    181f:	49 8b 55 00          	mov    rdx,QWORD PTR [r13+0x0]
    1823:	31 f6                	xor    esi,esi
    1825:	48 8b 7c df 30       	mov    rdi,QWORD PTR [rdi+rbx*8+0x30]
    182a:	e8 00 00 00 00       	call   182f <mat_trgsw_monomial_sample+0x22f>
    182f:	4d 8b 04 24          	mov    r8,QWORD PTR [r12]
    1833:	49 8b 55 00          	mov    rdx,QWORD PTR [r13+0x0]
    1837:	31 f6                	xor    esi,esi
    1839:	49 8b 7c d8 38       	mov    rdi,QWORD PTR [r8+rbx*8+0x38]
    183e:	48 83 c3 08          	add    rbx,0x8
    1842:	e8 00 00 00 00       	call   1847 <mat_trgsw_monomial_sample+0x247>
    1847:	49 8b 55 00          	mov    rdx,QWORD PTR [r13+0x0]
    184b:	49 8b 34 24          	mov    rsi,QWORD PTR [r12]
    184f:	48 8b 3c de          	mov    rdi,QWORD PTR [rsi+rbx*8]
    1853:	31 f6                	xor    esi,esi
    1855:	e8 00 00 00 00       	call   185a <mat_trgsw_monomial_sample+0x25a>
    185a:	48 8d 43 01          	lea    rax,[rbx+0x1]
    185e:	4c 39 f0             	cmp    rax,r14
    1861:	0f 85 51 ff ff ff    	jne    17b8 <mat_trgsw_monomial_sample+0x1b8>
    1867:	44 8b 44 24 08       	mov    r8d,DWORD PTR [rsp+0x8]
    186c:	48 8b 4c 24 10       	mov    rcx,QWORD PTR [rsp+0x10]
    1871:	4d 63 cf             	movsxd r9,r15d
    1874:	4d 85 c9             	test   r9,r9
    1877:	0f 84 1d 04 00 00    	je     1c9a <mat_trgsw_monomial_sample+0x69a>
    187d:	44 8b 6c 24 04       	mov    r13d,DWORD PTR [rsp+0x4]
    1882:	41 ba 40 00 00 00    	mov    r10d,0x40
    1888:	4a 8d 34 cd 00 00 00 	lea    rsi,[r9*8+0x0]
    188f:	00
    1890:	48 63 14 24          	movsxd rdx,DWORD PTR [rsp]
    1894:	44 89 04 24          	mov    DWORD PTR [rsp],r8d
    1898:	49 63 d8             	movsxd rbx,r8d
    189b:	45 31 db             	xor    r11d,r11d
    189e:	45 29 ea             	sub    r10d,r13d
    18a1:	49 89 f5             	mov    r13,rsi
    18a4:	48 c1 e2 03          	shl    rdx,0x3
    18a8:	4c 0f af ed          	imul   r13,rbp
    18ac:	0f 1f 40 00          	nop    DWORD PTR [rax+0x0]
    18b0:	48 85 ed             	test   rbp,rbp
    18b3:	0f 84 d7 01 00 00    	je     1a90 <mat_trgsw_monomial_sample+0x490>
    18b9:	4d 8b 3c 24          	mov    r15,QWORD PTR [r12]
    18bd:	49 89 e8             	mov    r8,rbp
    18c0:	31 ff                	xor    edi,edi
    18c2:	c4 62 a9 f7 f1       	shlx   r14,rcx,r10
    18c7:	4b 8d 04 df          	lea    rax,[r15+r11*8]
    18cb:	41 83 e0 07          	and    r8d,0x7
    18cf:	0f 84 e5 00 00 00    	je     19ba <mat_trgsw_monomial_sample+0x3ba>
    18d5:	49 83 f8 01          	cmp    r8,0x1
    18d9:	0f 84 b9 00 00 00    	je     1998 <mat_trgsw_monomial_sample+0x398>
    18df:	49 83 f8 02          	cmp    r8,0x2
    18e3:	0f 84 96 00 00 00    	je     197f <mat_trgsw_monomial_sample+0x37f>
    18e9:	49 83 f8 03          	cmp    r8,0x3
    18ed:	74 77                	je     1966 <mat_trgsw_monomial_sample+0x366>
    18ef:	49 83 f8 04          	cmp    r8,0x4
    18f3:	74 58                	je     194d <mat_trgsw_monomial_sample+0x34d>
    18f5:	49 83 f8 05          	cmp    r8,0x5
    18f9:	74 39                	je     1934 <mat_trgsw_monomial_sample+0x334>
    18fb:	49 83 f8 06          	cmp    r8,0x6
    18ff:	74 1a                	je     191b <mat_trgsw_monomial_sample+0x31b>
    1901:	48 8b 38             	mov    rdi,QWORD PTR [rax]
    1904:	48 01 f0             	add    rax,rsi
    1907:	4c 8b 3f             	mov    r15,QWORD PTR [rdi]
    190a:	4d 8b 07             	mov    r8,QWORD PTR [r15]
    190d:	49 8b 38             	mov    rdi,QWORD PTR [r8]
    1910:	48 01 d7             	add    rdi,rdx
    1913:	4c 01 37             	add    QWORD PTR [rdi],r14
    1916:	bf 01 00 00 00       	mov    edi,0x1
    191b:	4c 8b 38             	mov    r15,QWORD PTR [rax]
    191e:	48 01 f0             	add    rax,rsi
    1921:	4d 8b 07             	mov    r8,QWORD PTR [r15]
    1924:	4d 8b 3c f8          	mov    r15,QWORD PTR [r8+rdi*8]
    1928:	48 ff c7             	inc    rdi
    192b:	4d 8b 3f             	mov    r15,QWORD PTR [r15]
    192e:	49 01 d7             	add    r15,rdx
    1931:	4d 01 37             	add    QWORD PTR [r15],r14
    1934:	4c 8b 00             	mov    r8,QWORD PTR [rax]
    1937:	48 01 f0             	add    rax,rsi
    193a:	4d 8b 38             	mov    r15,QWORD PTR [r8]
    193d:	4d 8b 04 ff          	mov    r8,QWORD PTR [r15+rdi*8]
    1941:	48 ff c7             	inc    rdi
    1944:	4d 8b 38             	mov    r15,QWORD PTR [r8]
    1947:	49 01 d7             	add    r15,rdx
    194a:	4d 01 37             	add    QWORD PTR [r15],r14
    194d:	4c 8b 00             	mov    r8,QWORD PTR [rax]
    1950:	48 01 f0             	add    rax,rsi
    1953:	4d 8b 38             	mov    r15,QWORD PTR [r8]
    1956:	4d 8b 04 ff          	mov    r8,QWORD PTR [r15+rdi*8]
    195a:	48 ff c7             	inc    rdi
    195d:	4d 8b 38             	mov    r15,QWORD PTR [r8]
    1960:	49 01 d7             	add    r15,rdx
    1963:	4d 01 37             	add    QWORD PTR [r15],r14
    1966:	4c 8b 00             	mov    r8,QWORD PTR [rax]
    1969:	48 01 f0             	add    rax,rsi
    196c:	4d 8b 38             	mov    r15,QWORD PTR [r8]
    196f:	4d 8b 04 ff          	mov    r8,QWORD PTR [r15+rdi*8]
    1973:	48 ff c7             	inc    rdi
    1976:	4d 8b 38             	mov    r15,QWORD PTR [r8]
    1979:	49 01 d7             	add    r15,rdx
    197c:	4d 01 37             	add    QWORD PTR [r15],r14
    197f:	4c 8b 00             	mov    r8,QWORD PTR [rax]
    1982:	48 01 f0             	add    rax,rsi
    1985:	4d 8b 38             	mov    r15,QWORD PTR [r8]
    1988:	4d 8b 04 ff          	mov    r8,QWORD PTR [r15+rdi*8]
    198c:	48 ff c7             	inc    rdi
    198f:	4d 8b 38             	mov    r15,QWORD PTR [r8]
    1992:	49 01 d7             	add    r15,rdx
    1995:	4d 01 37             	add    QWORD PTR [r15],r14
    1998:	4c 8b 00             	mov    r8,QWORD PTR [rax]
    199b:	48 01 f0             	add    rax,rsi
    199e:	4d 8b 38             	mov    r15,QWORD PTR [r8]
    19a1:	4d 8b 04 ff          	mov    r8,QWORD PTR [r15+rdi*8]
    19a5:	48 ff c7             	inc    rdi
    19a8:	4d 8b 38             	mov    r15,QWORD PTR [r8]
    19ab:	49 01 d7             	add    r15,rdx
    19ae:	4d 01 37             	add    QWORD PTR [r15],r14
    19b1:	48 39 ef             	cmp    rdi,rbp
    19b4:	0f 84 d6 00 00 00    	je     1a90 <mat_trgsw_monomial_sample+0x490>
    19ba:	48 89 4c 24 08       	mov    QWORD PTR [rsp+0x8],rcx
    19bf:	44 8b 04 24          	mov    r8d,DWORD PTR [rsp]
    19c3:	48 8b 08             	mov    rcx,QWORD PTR [rax]
    19c6:	48 01 f0             	add    rax,rsi
    19c9:	4c 8b 39             	mov    r15,QWORD PTR [rcx]
    19cc:	49 8b 0c ff          	mov    rcx,QWORD PTR [r15+rdi*8]
    19d0:	4c 8b 39             	mov    r15,QWORD PTR [rcx]
    19d3:	48 8b 08             	mov    rcx,QWORD PTR [rax]
    19d6:	48 01 f0             	add    rax,rsi
    19d9:	49 01 d7             	add    r15,rdx
    19dc:	4d 01 37             	add    QWORD PTR [r15],r14
    19df:	4c 8b 39             	mov    r15,QWORD PTR [rcx]
    19e2:	49 8b 4c ff 08       	mov    rcx,QWORD PTR [r15+rdi*8+0x8]
    19e7:	4c 8b 39             	mov    r15,QWORD PTR [rcx]
    19ea:	48 8b 08             	mov    rcx,QWORD PTR [rax]
    19ed:	48 01 f0             	add    rax,rsi
    19f0:	49 01 d7             	add    r15,rdx
    19f3:	4d 01 37             	add    QWORD PTR [r15],r14
    19f6:	4c 8b 39             	mov    r15,QWORD PTR [rcx]
    19f9:	49 8b 4c ff 10       	mov    rcx,QWORD PTR [r15+rdi*8+0x10]
    19fe:	4c 8b 39             	mov    r15,QWORD PTR [rcx]
    1a01:	48 8b 08             	mov    rcx,QWORD PTR [rax]
    1a04:	48 01 f0             	add    rax,rsi
    1a07:	49 01 d7             	add    r15,rdx
    1a0a:	4d 01 37             	add    QWORD PTR [r15],r14
    1a0d:	4c 8b 39             	mov    r15,QWORD PTR [rcx]
    1a10:	49 8b 4c ff 18       	mov    rcx,QWORD PTR [r15+rdi*8+0x18]
    1a15:	4c 8b 39             	mov    r15,QWORD PTR [rcx]
    1a18:	48 8b 08             	mov    rcx,QWORD PTR [rax]
    1a1b:	48 01 f0             	add    rax,rsi
    1a1e:	49 01 d7             	add    r15,rdx
    1a21:	4d 01 37             	add    QWORD PTR [r15],r14
    1a24:	4c 8b 39             	mov    r15,QWORD PTR [rcx]
    1a27:	49 8b 4c ff 20       	mov    rcx,QWORD PTR [r15+rdi*8+0x20]
    1a2c:	4c 8b 39             	mov    r15,QWORD PTR [rcx]
    1a2f:	48 8b 08             	mov    rcx,QWORD PTR [rax]
    1a32:	48 01 f0             	add    rax,rsi
    1a35:	49 01 d7             	add    r15,rdx
    1a38:	4d 01 37             	add    QWORD PTR [r15],r14
    1a3b:	4c 8b 39             	mov    r15,QWORD PTR [rcx]
    1a3e:	49 8b 4c ff 28       	mov    rcx,QWORD PTR [r15+rdi*8+0x28]
    1a43:	4c 8b 39             	mov    r15,QWORD PTR [rcx]
    1a46:	48 8b 08             	mov    rcx,QWORD PTR [rax]
    1a49:	48 01 f0             	add    rax,rsi
    1a4c:	49 01 d7             	add    r15,rdx
    1a4f:	4d 01 37             	add    QWORD PTR [r15],r14
    1a52:	4c 8b 39             	mov    r15,QWORD PTR [rcx]
    1a55:	49 8b 4c ff 30       	mov    rcx,QWORD PTR [r15+rdi*8+0x30]
    1a5a:	4c 8b 39             	mov    r15,QWORD PTR [rcx]
    1a5d:	48 8b 08             	mov    rcx,QWORD PTR [rax]
    1a60:	48 01 f0             	add    rax,rsi
    1a63:	49 01 d7             	add    r15,rdx
    1a66:	4d 01 37             	add    QWORD PTR [r15],r14
    1a69:	4c 8b 39             	mov    r15,QWORD PTR [rcx]
    1a6c:	49 8b 4c ff 38       	mov    rcx,QWORD PTR [r15+rdi*8+0x38]
    1a71:	48 83 c7 08          	add    rdi,0x8
    1a75:	4c 8b 39             	mov    r15,QWORD PTR [rcx]
    1a78:	49 01 d7             	add    r15,rdx
    1a7b:	4d 01 37             	add    QWORD PTR [r15],r14
    1a7e:	48 39 ef             	cmp    rdi,rbp
    1a81:	0f 85 3c ff ff ff    	jne    19c3 <mat_trgsw_monomial_sample+0x3c3>
    1a87:	44 89 04 24          	mov    DWORD PTR [rsp],r8d
    1a8b:	48 8b 4c 24 08       	mov    rcx,QWORD PTR [rsp+0x8]
    1a90:	44 8b 34 24          	mov    r14d,DWORD PTR [rsp]
    1a94:	45 85 f6             	test   r14d,r14d
    1a97:	0f 84 e5 01 00 00    	je     1c82 <mat_trgsw_monomial_sample+0x682>
    1a9d:	49 8b 04 24          	mov    rax,QWORD PTR [r12]
    1aa1:	49 89 d8             	mov    r8,rbx
    1aa4:	31 ff                	xor    edi,edi
    1aa6:	c4 62 a9 f7 f1       	shlx   r14,rcx,r10
    1aab:	4c 01 e8             	add    rax,r13
    1aae:	41 83 e0 07          	and    r8d,0x7
    1ab2:	0f 84 ec 00 00 00    	je     1ba4 <mat_trgsw_monomial_sample+0x5a4>
    1ab8:	49 83 f8 01          	cmp    r8,0x1
    1abc:	0f 84 bf 00 00 00    	je     1b81 <mat_trgsw_monomial_sample+0x581>
    1ac2:	49 83 f8 02          	cmp    r8,0x2
    1ac6:	0f 84 9b 00 00 00    	je     1b67 <mat_trgsw_monomial_sample+0x567>
    1acc:	49 83 f8 03          	cmp    r8,0x3
    1ad0:	74 7b                	je     1b4d <mat_trgsw_monomial_sample+0x54d>
    1ad2:	49 83 f8 04          	cmp    r8,0x4
    1ad6:	74 5b                	je     1b33 <mat_trgsw_monomial_sample+0x533>
    1ad8:	49 83 f8 05          	cmp    r8,0x5
    1adc:	74 3b                	je     1b19 <mat_trgsw_monomial_sample+0x519>
    1ade:	49 83 f8 06          	cmp    r8,0x6
    1ae2:	74 1b                	je     1aff <mat_trgsw_monomial_sample+0x4ff>
    1ae4:	48 8b 38             	mov    rdi,QWORD PTR [rax]
    1ae7:	48 01 f0             	add    rax,rsi
    1aea:	4c 8b 7f 08          	mov    r15,QWORD PTR [rdi+0x8]
    1aee:	4d 8b 07             	mov    r8,QWORD PTR [r15]
    1af1:	49 8b 38             	mov    rdi,QWORD PTR [r8]
    1af4:	48 01 d7             	add    rdi,rdx
    1af7:	4c 01 37             	add    QWORD PTR [rdi],r14
    1afa:	bf 01 00 00 00       	mov    edi,0x1
    1aff:	4c 8b 38             	mov    r15,QWORD PTR [rax]
    1b02:	48 01 f0             	add    rax,rsi
    1b05:	4d 8b 47 08          	mov    r8,QWORD PTR [r15+0x8]
    1b09:	4d 8b 3c f8          	mov    r15,QWORD PTR [r8+rdi*8]
    1b0d:	48 ff c7             	inc    rdi
    1b10:	4d 8b 3f             	mov    r15,QWORD PTR [r15]
    1b13:	49 01 d7             	add    r15,rdx
    1b16:	4d 01 37             	add    QWORD PTR [r15],r14
    1b19:	4c 8b 00             	mov    r8,QWORD PTR [rax]
    1b1c:	48 01 f0             	add    rax,rsi
    1b1f:	4d 8b 78 08          	mov    r15,QWORD PTR [r8+0x8]
    1b23:	4d 8b 04 ff          	mov    r8,QWORD PTR [r15+rdi*8]
    1b27:	48 ff c7             	inc    rdi
    1b2a:	4d 8b 38             	mov    r15,QWORD PTR [r8]
    1b2d:	49 01 d7             	add    r15,rdx
    1b30:	4d 01 37             	add    QWORD PTR [r15],r14
    1b33:	4c 8b 00             	mov    r8,QWORD PTR [rax]
    1b36:	48 01 f0             	add    rax,rsi
    1b39:	4d 8b 78 08          	mov    r15,QWORD PTR [r8+0x8]
    1b3d:	4d 8b 04 ff          	mov    r8,QWORD PTR [r15+rdi*8]
    1b41:	48 ff c7             	inc    rdi
    1b44:	4d 8b 38             	mov    r15,QWORD PTR [r8]
    1b47:	49 01 d7             	add    r15,rdx
    1b4a:	4d 01 37             	add    QWORD PTR [r15],r14
    1b4d:	4c 8b 00             	mov    r8,QWORD PTR [rax]
    1b50:	48 01 f0             	add    rax,rsi
    1b53:	4d 8b 78 08          	mov    r15,QWORD PTR [r8+0x8]
    1b57:	4d 8b 04 ff          	mov    r8,QWORD PTR [r15+rdi*8]
    1b5b:	48 ff c7             	inc    rdi
    1b5e:	4d 8b 38             	mov    r15,QWORD PTR [r8]
    1b61:	49 01 d7             	add    r15,rdx
    1b64:	4d 01 37             	add    QWORD PTR [r15],r14
    1b67:	4c 8b 00             	mov    r8,QWORD PTR [rax]
    1b6a:	48 01 f0             	add    rax,rsi
    1b6d:	4d 8b 78 08          	mov    r15,QWORD PTR [r8+0x8]
    1b71:	4d 8b 04 ff          	mov    r8,QWORD PTR [r15+rdi*8]
    1b75:	48 ff c7             	inc    rdi
    1b78:	4d 8b 38             	mov    r15,QWORD PTR [r8]
    1b7b:	49 01 d7             	add    r15,rdx
    1b7e:	4d 01 37             	add    QWORD PTR [r15],r14
    1b81:	4c 8b 00             	mov    r8,QWORD PTR [rax]
    1b84:	48 01 f0             	add    rax,rsi
    1b87:	4d 8b 78 08          	mov    r15,QWORD PTR [r8+0x8]
    1b8b:	4d 8b 04 ff          	mov    r8,QWORD PTR [r15+rdi*8]
    1b8f:	48 ff c7             	inc    rdi
    1b92:	4d 8b 38             	mov    r15,QWORD PTR [r8]
    1b95:	49 01 d7             	add    r15,rdx
    1b98:	4d 01 37             	add    QWORD PTR [r15],r14
    1b9b:	48 39 df             	cmp    rdi,rbx
    1b9e:	0f 84 de 00 00 00    	je     1c82 <mat_trgsw_monomial_sample+0x682>
    1ba4:	48 89 4c 24 08       	mov    QWORD PTR [rsp+0x8],rcx
    1ba9:	44 8b 04 24          	mov    r8d,DWORD PTR [rsp]
    1bad:	48 8b 08             	mov    rcx,QWORD PTR [rax]
    1bb0:	48 01 f0             	add    rax,rsi
    1bb3:	4c 8b 79 08          	mov    r15,QWORD PTR [rcx+0x8]
    1bb7:	49 8b 0c ff          	mov    rcx,QWORD PTR [r15+rdi*8]
    1bbb:	4c 8b 39             	mov    r15,QWORD PTR [rcx]
    1bbe:	48 8b 08             	mov    rcx,QWORD PTR [rax]
    1bc1:	48 01 f0             	add    rax,rsi
    1bc4:	49 01 d7             	add    r15,rdx
    1bc7:	4d 01 37             	add    QWORD PTR [r15],r14
    1bca:	4c 8b 79 08          	mov    r15,QWORD PTR [rcx+0x8]
    1bce:	49 8b 4c ff 08       	mov    rcx,QWORD PTR [r15+rdi*8+0x8]
    1bd3:	4c 8b 39             	mov    r15,QWORD PTR [rcx]
    1bd6:	48 8b 08             	mov    rcx,QWORD PTR [rax]
    1bd9:	48 01 f0             	add    rax,rsi
    1bdc:	49 01 d7             	add    r15,rdx
    1bdf:	4d 01 37             	add    QWORD PTR [r15],r14
    1be2:	4c 8b 79 08          	mov    r15,QWORD PTR [rcx+0x8]
    1be6:	49 8b 4c ff 10       	mov    rcx,QWORD PTR [r15+rdi*8+0x10]
    1beb:	4c 8b 39             	mov    r15,QWORD PTR [rcx]
    1bee:	48 8b 08             	mov    rcx,QWORD PTR [rax]
    1bf1:	48 01 f0             	add    rax,rsi
    1bf4:	49 01 d7             	add    r15,rdx
    1bf7:	4d 01 37             	add    QWORD PTR [r15],r14
    1bfa:	4c 8b 79 08          	mov    r15,QWORD PTR [rcx+0x8]
    1bfe:	49 8b 4c ff 18       	mov    rcx,QWORD PTR [r15+rdi*8+0x18]
    1c03:	4c 8b 39             	mov    r15,QWORD PTR [rcx]
    1c06:	48 8b 08             	mov    rcx,QWORD PTR [rax]
    1c09:	48 01 f0             	add    rax,rsi
    1c0c:	49 01 d7             	add    r15,rdx
    1c0f:	4d 01 37             	add    QWORD PTR [r15],r14
    1c12:	4c 8b 79 08          	mov    r15,QWORD PTR [rcx+0x8]
    1c16:	49 8b 4c ff 20       	mov    rcx,QWORD PTR [r15+rdi*8+0x20]
    1c1b:	4c 8b 39             	mov    r15,QWORD PTR [rcx]
    1c1e:	48 8b 08             	mov    rcx,QWORD PTR [rax]
    1c21:	48 01 f0             	add    rax,rsi
    1c24:	49 01 d7             	add    r15,rdx
    1c27:	4d 01 37             	add    QWORD PTR [r15],r14
    1c2a:	4c 8b 79 08          	mov    r15,QWORD PTR [rcx+0x8]
    1c2e:	49 8b 4c ff 28       	mov    rcx,QWORD PTR [r15+rdi*8+0x28]
    1c33:	4c 8b 39             	mov    r15,QWORD PTR [rcx]
    1c36:	48 8b 08             	mov    rcx,QWORD PTR [rax]
    1c39:	48 01 f0             	add    rax,rsi
    1c3c:	49 01 d7             	add    r15,rdx
    1c3f:	4d 01 37             	add    QWORD PTR [r15],r14
    1c42:	4c 8b 79 08          	mov    r15,QWORD PTR [rcx+0x8]
    1c46:	49 8b 4c ff 30       	mov    rcx,QWORD PTR [r15+rdi*8+0x30]
    1c4b:	4c 8b 39             	mov    r15,QWORD PTR [rcx]
    1c4e:	48 8b 08             	mov    rcx,QWORD PTR [rax]
    1c51:	48 01 f0             	add    rax,rsi
    1c54:	49 01 d7             	add    r15,rdx
    1c57:	4d 01 37             	add    QWORD PTR [r15],r14
    1c5a:	4c 8b 79 08          	mov    r15,QWORD PTR [rcx+0x8]
    1c5e:	49 8b 4c ff 38       	mov    rcx,QWORD PTR [r15+rdi*8+0x38]
    1c63:	48 83 c7 08          	add    rdi,0x8
    1c67:	4c 8b 39             	mov    r15,QWORD PTR [rcx]
    1c6a:	49 01 d7             	add    r15,rdx
    1c6d:	4d 01 37             	add    QWORD PTR [r15],r14
    1c70:	48 39 df             	cmp    rdi,rbx
    1c73:	0f 85 34 ff ff ff    	jne    1bad <mat_trgsw_monomial_sample+0x5ad>
    1c79:	44 89 04 24          	mov    DWORD PTR [rsp],r8d
    1c7d:	48 8b 4c 24 08       	mov    rcx,QWORD PTR [rsp+0x8]
    1c82:	44 8b 74 24 04       	mov    r14d,DWORD PTR [rsp+0x4]
    1c87:	49 ff c3             	inc    r11
    1c8a:	49 83 c5 08          	add    r13,0x8
    1c8e:	45 29 f2             	sub    r10d,r14d
    1c91:	4d 39 d9             	cmp    r9,r11
    1c94:	0f 85 16 fc ff ff    	jne    18b0 <mat_trgsw_monomial_sample+0x2b0>
    1c9a:	48 83 c4 28          	add    rsp,0x28
    1c9e:	5b                   	pop    rbx
    1c9f:	5d                   	pop    rbp
    1ca0:	41 5c                	pop    r12
    1ca2:	41 5d                	pop    r13
    1ca4:	41 5e                	pop    r14
    1ca6:	41 5f                	pop    r15
    1ca8:	c3                   	ret
    1ca9:	44 89 44 24 08       	mov    DWORD PTR [rsp+0x8],r8d
    1cae:	48 89 4c 24 10       	mov    QWORD PTR [rsp+0x10],rcx
    1cb3:	e9 93 fb ff ff       	jmp    184b <mat_trgsw_monomial_sample+0x24b>
    1cb8:	49 8b 04 24          	mov    rax,QWORD PTR [r12]
    1cbc:	31 f6                	xor    esi,esi
    1cbe:	48 89 4c 24 10       	mov    QWORD PTR [rsp+0x10],rcx
    1cc3:	48 8b 3c d8          	mov    rdi,QWORD PTR [rax+rbx*8]
    1cc7:	bb 02 00 00 00       	mov    ebx,0x2
    1ccc:	e8 00 00 00 00       	call   1cd1 <mat_trgsw_monomial_sample+0x6d1>
    1cd1:	49 8b 55 00          	mov    rdx,QWORD PTR [r13+0x0]
    1cd5:	48 8b 4c 24 10       	mov    rcx,QWORD PTR [rsp+0x10]
    1cda:	44 8b 44 24 08       	mov    r8d,DWORD PTR [rsp+0x8]
    1cdf:	e9 01 fa ff ff       	jmp    16e5 <mat_trgsw_monomial_sample+0xe5>
    1ce4:	66 66 2e 0f 1f 84 00 	data16 cs nop WORD PTR [rax+rax*1+0x0]
    1ceb:	00 00 00 00
    1cef:	90                   	nop

0000000000001cf0 <mat_trgsw_to_DFT>:
    1cf0:	f3 0f 1e fa          	endbr64
    1cf4:	41 56                	push   r14
    1cf6:	41 55                	push   r13
    1cf8:	41 54                	push   r12
    1cfa:	55                   	push   rbp
    1cfb:	48 89 f5             	mov    rbp,rsi
    1cfe:	53                   	push   rbx
    1cff:	48 8b 06             	mov    rax,QWORD PTR [rsi]
    1d02:	48 8b 30             	mov    rsi,QWORD PTR [rax]
    1d05:	8b 56 14             	mov    edx,DWORD PTR [rsi+0x14]
    1d08:	03 56 10             	add    edx,DWORD PTR [rsi+0x10]
    1d0b:	0f af 55 08          	imul   edx,DWORD PTR [rbp+0x8]
    1d0f:	85 d2                	test   edx,edx
    1d11:	0f 84 22 02 00 00    	je     1f39 <mat_trgsw_to_DFT+0x249>
    1d17:	4c 63 ea             	movsxd r13,edx
    1d1a:	49 89 fc             	mov    r12,rdi
    1d1d:	31 db                	xor    ebx,ebx
    1d1f:	4d 8d 75 ff          	lea    r14,[r13-0x1]
    1d23:	41 83 e6 07          	and    r14d,0x7
    1d27:	0f 84 ea 01 00 00    	je     1f17 <mat_trgsw_to_DFT+0x227>
    1d2d:	48 8b 0f             	mov    rcx,QWORD PTR [rdi]
    1d30:	48 8b 3c 19          	mov    rdi,QWORD PTR [rcx+rbx*1]
    1d34:	bb 01 00 00 00       	mov    ebx,0x1
    1d39:	e8 00 00 00 00       	call   1d3e <mat_trgsw_to_DFT+0x4e>
    1d3e:	48 8b 75 00          	mov    rsi,QWORD PTR [rbp+0x0]
    1d42:	48 8b 76 08          	mov    rsi,QWORD PTR [rsi+0x8]
    1d46:	49 83 fe 01          	cmp    r14,0x1
    1d4a:	0f 84 c7 01 00 00    	je     1f17 <mat_trgsw_to_DFT+0x227>
    1d50:	49 83 fe 02          	cmp    r14,0x2
    1d54:	0f 84 a0 00 00 00    	je     1dfa <mat_trgsw_to_DFT+0x10a>
    1d5a:	49 83 fe 03          	cmp    r14,0x3
    1d5e:	74 79                	je     1dd9 <mat_trgsw_to_DFT+0xe9>
    1d60:	49 83 fe 04          	cmp    r14,0x4
    1d64:	74 52                	je     1db8 <mat_trgsw_to_DFT+0xc8>
    1d66:	49 83 fe 05          	cmp    r14,0x5
    1d6a:	74 2b                	je     1d97 <mat_trgsw_to_DFT+0xa7>
    1d6c:	49 83 fe 06          	cmp    r14,0x6
    1d70:	0f 85 d2 01 00 00    	jne    1f48 <mat_trgsw_to_DFT+0x258>
    1d76:	4d 8b 04 24          	mov    r8,QWORD PTR [r12]
    1d7a:	4c 8d 34 dd 00 00 00 	lea    r14,[rbx*8+0x0]
    1d81:	00
    1d82:	48 ff c3             	inc    rbx
    1d85:	4b 8b 3c 30          	mov    rdi,QWORD PTR [r8+r14*1]
    1d89:	e8 00 00 00 00       	call   1d8e <mat_trgsw_to_DFT+0x9e>
    1d8e:	4c 8b 4d 00          	mov    r9,QWORD PTR [rbp+0x0]
    1d92:	4b 8b 74 31 08       	mov    rsi,QWORD PTR [r9+r14*1+0x8]
    1d97:	4d 8b 14 24          	mov    r10,QWORD PTR [r12]
    1d9b:	4c 8d 34 dd 00 00 00 	lea    r14,[rbx*8+0x0]
    1da2:	00
    1da3:	48 ff c3             	inc    rbx
    1da6:	4b 8b 3c 32          	mov    rdi,QWORD PTR [r10+r14*1]
    1daa:	e8 00 00 00 00       	call   1daf <mat_trgsw_to_DFT+0xbf>
    1daf:	4c 8b 5d 00          	mov    r11,QWORD PTR [rbp+0x0]
    1db3:	4b 8b 74 33 08       	mov    rsi,QWORD PTR [r11+r14*1+0x8]
    1db8:	49 8b 04 24          	mov    rax,QWORD PTR [r12]
    1dbc:	4c 8d 34 dd 00 00 00 	lea    r14,[rbx*8+0x0]
    1dc3:	00
    1dc4:	48 ff c3             	inc    rbx
    1dc7:	4a 8b 3c 30          	mov    rdi,QWORD PTR [rax+r14*1]
    1dcb:	e8 00 00 00 00       	call   1dd0 <mat_trgsw_to_DFT+0xe0>
    1dd0:	48 8b 55 00          	mov    rdx,QWORD PTR [rbp+0x0]
    1dd4:	4a 8b 74 32 08       	mov    rsi,QWORD PTR [rdx+r14*1+0x8]
    1dd9:	49 8b 0c 24          	mov    rcx,QWORD PTR [r12]
    1ddd:	4c 8d 34 dd 00 00 00 	lea    r14,[rbx*8+0x0]
    1de4:	00
    1de5:	48 ff c3             	inc    rbx
    1de8:	4a 8b 3c 31          	mov    rdi,QWORD PTR [rcx+r14*1]
    1dec:	e8 00 00 00 00       	call   1df1 <mat_trgsw_to_DFT+0x101>
    1df1:	48 8b 75 00          	mov    rsi,QWORD PTR [rbp+0x0]
    1df5:	4a 8b 74 36 08       	mov    rsi,QWORD PTR [rsi+r14*1+0x8]
    1dfa:	49 8b 3c 24          	mov    rdi,QWORD PTR [r12]
    1dfe:	4c 8d 34 dd 00 00 00 	lea    r14,[rbx*8+0x0]
    1e05:	00
    1e06:	48 ff c3             	inc    rbx
    1e09:	4a 8b 3c 37          	mov    rdi,QWORD PTR [rdi+r14*1]
    1e0d:	e8 00 00 00 00       	call   1e12 <mat_trgsw_to_DFT+0x122>
    1e12:	4c 8b 45 00          	mov    r8,QWORD PTR [rbp+0x0]
    1e16:	4b 8b 74 30 08       	mov    rsi,QWORD PTR [r8+r14*1+0x8]
    1e1b:	e9 f7 00 00 00       	jmp    1f17 <mat_trgsw_to_DFT+0x227>
    1e20:	4c 8b 5d 00          	mov    r11,QWORD PTR [rbp+0x0]
    1e24:	49 8b 04 24          	mov    rax,QWORD PTR [r12]
    1e28:	4b 8b 74 33 08       	mov    rsi,QWORD PTR [r11+r14*1+0x8]
    1e2d:	4a 8b 3c d0          	mov    rdi,QWORD PTR [rax+r10*8]
    1e31:	4e 8d 34 d5 00 00 00 	lea    r14,[r10*8+0x0]
    1e38:	00
    1e39:	e8 00 00 00 00       	call   1e3e <mat_trgsw_to_DFT+0x14e>
    1e3e:	48 8b 55 00          	mov    rdx,QWORD PTR [rbp+0x0]
    1e42:	49 8b 3c 24          	mov    rdi,QWORD PTR [r12]
    1e46:	48 8d 4b 02          	lea    rcx,[rbx+0x2]
    1e4a:	4a 8b 74 32 08       	mov    rsi,QWORD PTR [rdx+r14*1+0x8]
    1e4f:	48 8b 3c cf          	mov    rdi,QWORD PTR [rdi+rcx*8]
    1e53:	4c 8d 34 cd 00 00 00 	lea    r14,[rcx*8+0x0]
    1e5a:	00
    1e5b:	e8 00 00 00 00       	call   1e60 <mat_trgsw_to_DFT+0x170>
    1e60:	4d 8b 0c 24          	mov    r9,QWORD PTR [r12]
    1e64:	48 8b 75 00          	mov    rsi,QWORD PTR [rbp+0x0]
    1e68:	4c 8d 43 03          	lea    r8,[rbx+0x3]
    1e6c:	4b 8b 3c c1          	mov    rdi,QWORD PTR [r9+r8*8]
    1e70:	4a 8b 74 36 08       	mov    rsi,QWORD PTR [rsi+r14*1+0x8]
    1e75:	4e 8d 34 c5 00 00 00 	lea    r14,[r8*8+0x0]
    1e7c:	00
    1e7d:	e8 00 00 00 00       	call   1e82 <mat_trgsw_to_DFT+0x192>
    1e82:	4c 8b 5d 00          	mov    r11,QWORD PTR [rbp+0x0]
    1e86:	49 8b 04 24          	mov    rax,QWORD PTR [r12]
    1e8a:	4c 8d 53 04          	lea    r10,[rbx+0x4]
    1e8e:	4b 8b 74 33 08       	mov    rsi,QWORD PTR [r11+r14*1+0x8]
    1e93:	4a 8b 3c d0          	mov    rdi,QWORD PTR [rax+r10*8]
    1e97:	4e 8d 34 d5 00 00 00 	lea    r14,[r10*8+0x0]
    1e9e:	00
    1e9f:	e8 00 00 00 00       	call   1ea4 <mat_trgsw_to_DFT+0x1b4>
    1ea4:	48 8b 55 00          	mov    rdx,QWORD PTR [rbp+0x0]
    1ea8:	49 8b 3c 24          	mov    rdi,QWORD PTR [r12]
    1eac:	48 8d 4b 05          	lea    rcx,[rbx+0x5]
    1eb0:	4a 8b 74 32 08       	mov    rsi,QWORD PTR [rdx+r14*1+0x8]
    1eb5:	48 8b 3c cf          	mov    rdi,QWORD PTR [rdi+rcx*8]
    1eb9:	4c 8d 34 cd 00 00 00 	lea    r14,[rcx*8+0x0]
    1ec0:	00
    1ec1:	e8 00 00 00 00       	call   1ec6 <mat_trgsw_to_DFT+0x1d6>
    1ec6:	4d 8b 0c 24          	mov    r9,QWORD PTR [r12]
    1eca:	48 8b 75 00          	mov    rsi,QWORD PTR [rbp+0x0]
    1ece:	4c 8d 43 06          	lea    r8,[rbx+0x6]
    1ed2:	4a 8b 74 36 08       	mov    rsi,QWORD PTR [rsi+r14*1+0x8]
    1ed7:	4b 8b 3c c1          	mov    rdi,QWORD PTR [r9+r8*8]
    1edb:	4e 8d 34 c5 00 00 00 	lea    r14,[r8*8+0x0]
    1ee2:	00
    1ee3:	e8 00 00 00 00       	call   1ee8 <mat_trgsw_to_DFT+0x1f8>
    1ee8:	4c 8b 5d 00          	mov    r11,QWORD PTR [rbp+0x0]
    1eec:	49 8b 04 24          	mov    rax,QWORD PTR [r12]
    1ef0:	4c 8d 53 07          	lea    r10,[rbx+0x7]
    1ef4:	48 83 c3 08          	add    rbx,0x8
    1ef8:	4b 8b 74 33 08       	mov    rsi,QWORD PTR [r11+r14*1+0x8]
    1efd:	4a 8b 3c d0          	mov    rdi,QWORD PTR [rax+r10*8]
    1f01:	4e 8d 34 d5 00 00 00 	lea    r14,[r10*8+0x0]
    1f08:	00
    1f09:	e8 00 00 00 00       	call   1f0e <mat_trgsw_to_DFT+0x21e>
    1f0e:	48 8b 4d 00          	mov    rcx,QWORD PTR [rbp+0x0]
    1f12:	4a 8b 74 31 08       	mov    rsi,QWORD PTR [rcx+r14*1+0x8]
    1f17:	4d 8b 0c 24          	mov    r9,QWORD PTR [r12]
    1f1b:	4c 8d 34 dd 00 00 00 	lea    r14,[rbx*8+0x0]
    1f22:	00
    1f23:	49 8b 3c d9          	mov    rdi,QWORD PTR [r9+rbx*8]
    1f27:	e8 00 00 00 00       	call   1f2c <mat_trgsw_to_DFT+0x23c>
    1f2c:	4c 8d 53 01          	lea    r10,[rbx+0x1]
    1f30:	4d 39 ea             	cmp    r10,r13
    1f33:	0f 85 e7 fe ff ff    	jne    1e20 <mat_trgsw_to_DFT+0x130>
    1f39:	5b                   	pop    rbx
    1f3a:	5d                   	pop    rbp
    1f3b:	41 5c                	pop    r12
    1f3d:	41 5d                	pop    r13
    1f3f:	41 5e                	pop    r14
    1f41:	c3                   	ret
    1f42:	66 0f 1f 44 00 00    	nop    WORD PTR [rax+rax*1+0x0]
    1f48:	49 8b 1c 24          	mov    rbx,QWORD PTR [r12]
    1f4c:	41 be 08 00 00 00    	mov    r14d,0x8
    1f52:	4a 8b 3c 33          	mov    rdi,QWORD PTR [rbx+r14*1]
    1f56:	bb 02 00 00 00       	mov    ebx,0x2
    1f5b:	e8 00 00 00 00       	call   1f60 <mat_trgsw_to_DFT+0x270>
    1f60:	48 8b 7d 00          	mov    rdi,QWORD PTR [rbp+0x0]
    1f64:	4a 8b 74 37 08       	mov    rsi,QWORD PTR [rdi+r14*1+0x8]
    1f69:	e9 08 fe ff ff       	jmp    1d76 <mat_trgsw_to_DFT+0x86>
    1f6e:	66 90                	xchg   ax,ax

0000000000001f70 <mat_trgsw_monomial_DFT_sample>:
    1f70:	f3 0f 1e fa          	endbr64
    1f74:	41 57                	push   r15
    1f76:	41 56                	push   r14
    1f78:	41 55                	push   r13
    1f7a:	41 54                	push   r12
    1f7c:	55                   	push   rbp
    1f7d:	48 89 fd             	mov    rbp,rdi
    1f80:	53                   	push   rbx
    1f81:	48 83 ec 48          	sub    rsp,0x48
    1f85:	48 8b 01             	mov    rax,QWORD PTR [rcx]
    1f88:	4c 8b 67 08          	mov    r12,QWORD PTR [rdi+0x8]
    1f8c:	48 89 74 24 20       	mov    QWORD PTR [rsp+0x20],rsi
    1f91:	89 54 24 2c          	mov    DWORD PTR [rsp+0x2c],edx
    1f95:	48 8b 37             	mov    rsi,QWORD PTR [rdi]
    1f98:	bf 10 00 00 00       	mov    edi,0x10
    1f9d:	48 8b 10             	mov    rdx,QWORD PTR [rax]
    1fa0:	48 89 4c 24 30       	mov    QWORD PTR [rsp+0x30],rcx
    1fa5:	4c 8b 06             	mov    r8,QWORD PTR [rsi]
    1fa8:	4c 89 64 24 18       	mov    QWORD PTR [rsp+0x18],r12
    1fad:	48 8b 0a             	mov    rcx,QWORD PTR [rdx]
    1fb0:	45 8b 70 14          	mov    r14d,DWORD PTR [r8+0x14]
    1fb4:	45 8b 68 10          	mov    r13d,DWORD PTR [r8+0x10]
    1fb8:	48 8b 19             	mov    rbx,QWORD PTR [rcx]
    1fbb:	44 8b 7b 08          	mov    r15d,DWORD PTR [rbx+0x8]
    1fbf:	e8 00 00 00 00       	call   1fc4 <mat_trgsw_monomial_DFT_sample+0x54>
    1fc4:	43 8d 3c 2e          	lea    edi,[r14+r13*1]
    1fc8:	41 0f af fc          	imul   edi,r12d
    1fcc:	48 89 c3             	mov    rbx,rax
    1fcf:	4c 63 e7             	movsxd r12,edi
    1fd2:	4a 8d 3c e5 00 00 00 	lea    rdi,[r12*8+0x0]
    1fd9:	00
    1fda:	4c 89 64 24 10       	mov    QWORD PTR [rsp+0x10],r12
    1fdf:	e8 00 00 00 00       	call   1fe4 <mat_trgsw_monomial_DFT_sample+0x74>
    1fe4:	48 89 03             	mov    QWORD PTR [rbx],rax
    1fe7:	4d 85 e4             	test   r12,r12
    1fea:	0f 84 48 01 00 00    	je     2138 <mat_trgsw_monomial_DFT_sample+0x1c8>
    1ff0:	4d 89 e1             	mov    r9,r12
    1ff3:	45 31 e4             	xor    r12d,r12d
    1ff6:	48 89 c1             	mov    rcx,rax
    1ff9:	49 ff c9             	dec    r9
    1ffc:	41 83 e1 03          	and    r9d,0x3
    2000:	4c 89 4c 24 08       	mov    QWORD PTR [rsp+0x8],r9
    2005:	0f 84 fe 00 00 00    	je     2109 <mat_trgsw_monomial_DFT_sample+0x199>
    200b:	44 89 fa             	mov    edx,r15d
    200e:	44 89 f6             	mov    esi,r14d
    2011:	44 89 ef             	mov    edi,r13d
    2014:	48 89 44 24 38       	mov    QWORD PTR [rsp+0x38],rax
    2019:	e8 00 00 00 00       	call   201e <mat_trgsw_monomial_DFT_sample+0xae>
    201e:	4c 8b 54 24 38       	mov    r10,QWORD PTR [rsp+0x38]
    2023:	4c 8b 5c 24 08       	mov    r11,QWORD PTR [rsp+0x8]
    2028:	41 bc 01 00 00 00    	mov    r12d,0x1
    202e:	48 8b 0b             	mov    rcx,QWORD PTR [rbx]
    2031:	49 89 02             	mov    QWORD PTR [r10],rax
    2034:	49 83 fb 01          	cmp    r11,0x1
    2038:	0f 84 cb 00 00 00    	je     2109 <mat_trgsw_monomial_DFT_sample+0x199>
    203e:	49 83 fb 02          	cmp    r11,0x2
    2042:	74 1f                	je     2063 <mat_trgsw_monomial_DFT_sample+0xf3>
    2044:	44 89 fa             	mov    edx,r15d
    2047:	44 89 f6             	mov    esi,r14d
    204a:	4c 8d 61 08          	lea    r12,[rcx+0x8]
    204e:	44 89 ef             	mov    edi,r13d
    2051:	e8 00 00 00 00       	call   2056 <mat_trgsw_monomial_DFT_sample+0xe6>
    2056:	48 8b 0b             	mov    rcx,QWORD PTR [rbx]
    2059:	49 89 04 24          	mov    QWORD PTR [r12],rax
    205d:	41 bc 02 00 00 00    	mov    r12d,0x2
    2063:	4a 8d 04 e1          	lea    rax,[rcx+r12*8]
    2067:	44 89 fa             	mov    edx,r15d
    206a:	44 89 f6             	mov    esi,r14d
    206d:	44 89 ef             	mov    edi,r13d
    2070:	48 89 44 24 08       	mov    QWORD PTR [rsp+0x8],rax
    2075:	49 ff c4             	inc    r12
    2078:	e8 00 00 00 00       	call   207d <mat_trgsw_monomial_DFT_sample+0x10d>
    207d:	48 8b 54 24 08       	mov    rdx,QWORD PTR [rsp+0x8]
    2082:	48 8b 0b             	mov    rcx,QWORD PTR [rbx]
    2085:	48 89 02             	mov    QWORD PTR [rdx],rax
    2088:	eb 7f                	jmp    2109 <mat_trgsw_monomial_DFT_sample+0x199>
    208a:	66 0f 1f 44 00 00    	nop    WORD PTR [rax+rax*1+0x0]
    2090:	48 8d 14 fd 00 00 00 	lea    rdx,[rdi*8+0x0]
    2097:	00
    2098:	44 89 f6             	mov    esi,r14d
    209b:	44 89 ef             	mov    edi,r13d
    209e:	48 03 13             	add    rdx,QWORD PTR [rbx]
    20a1:	48 89 54 24 08       	mov    QWORD PTR [rsp+0x8],rdx
    20a6:	44 89 fa             	mov    edx,r15d
    20a9:	e8 00 00 00 00       	call   20ae <mat_trgsw_monomial_DFT_sample+0x13e>
    20ae:	48 8b 4c 24 08       	mov    rcx,QWORD PTR [rsp+0x8]
    20b3:	4e 8d 04 e5 10 00 00 	lea    r8,[r12*8+0x10]
    20ba:	00
    20bb:	44 89 fa             	mov    edx,r15d
    20be:	4c 03 03             	add    r8,QWORD PTR [rbx]
    20c1:	44 89 f6             	mov    esi,r14d
    20c4:	44 89 ef             	mov    edi,r13d
    20c7:	48 89 01             	mov    QWORD PTR [rcx],rax
    20ca:	4c 89 44 24 08       	mov    QWORD PTR [rsp+0x8],r8
    20cf:	e8 00 00 00 00       	call   20d4 <mat_trgsw_monomial_DFT_sample+0x164>
    20d4:	48 8b 74 24 08       	mov    rsi,QWORD PTR [rsp+0x8]
    20d9:	4a 8d 3c e5 18 00 00 	lea    rdi,[r12*8+0x18]
    20e0:	00
    20e1:	44 89 fa             	mov    edx,r15d
    20e4:	48 03 3b             	add    rdi,QWORD PTR [rbx]
    20e7:	49 83 c4 04          	add    r12,0x4
    20eb:	48 89 06             	mov    QWORD PTR [rsi],rax
    20ee:	44 89 f6             	mov    esi,r14d
    20f1:	48 89 7c 24 08       	mov    QWORD PTR [rsp+0x8],rdi
    20f6:	44 89 ef             	mov    edi,r13d
    20f9:	e8 00 00 00 00       	call   20fe <mat_trgsw_monomial_DFT_sample+0x18e>
    20fe:	4c 8b 4c 24 08       	mov    r9,QWORD PTR [rsp+0x8]
    2103:	48 8b 0b             	mov    rcx,QWORD PTR [rbx]
    2106:	49 89 01             	mov    QWORD PTR [r9],rax
    2109:	4a 8d 34 e1          	lea    rsi,[rcx+r12*8]
    210d:	44 89 ef             	mov    edi,r13d
    2110:	44 89 fa             	mov    edx,r15d
    2113:	48 89 74 24 08       	mov    QWORD PTR [rsp+0x8],rsi
    2118:	44 89 f6             	mov    esi,r14d
    211b:	e8 00 00 00 00       	call   2120 <mat_trgsw_monomial_DFT_sample+0x1b0>
    2120:	4c 8b 44 24 08       	mov    r8,QWORD PTR [rsp+0x8]
    2125:	49 8d 7c 24 01       	lea    rdi,[r12+0x1]
    212a:	49 89 00             	mov    QWORD PTR [r8],rax
    212d:	48 39 7c 24 10       	cmp    QWORD PTR [rsp+0x10],rdi
    2132:	0f 85 58 ff ff ff    	jne    2090 <mat_trgsw_monomial_DFT_sample+0x120>
    2138:	4c 8b 7c 24 18       	mov    r15,QWORD PTR [rsp+0x18]
    213d:	48 8b 4c 24 30       	mov    rcx,QWORD PTR [rsp+0x30]
    2142:	48 89 df             	mov    rdi,rbx
    2145:	48 8b 74 24 20       	mov    rsi,QWORD PTR [rsp+0x20]
    214a:	8b 54 24 2c          	mov    edx,DWORD PTR [rsp+0x2c]
    214e:	4c 89 7b 08          	mov    QWORD PTR [rbx+0x8],r15
    2152:	e8 00 00 00 00       	call   2157 <mat_trgsw_monomial_DFT_sample+0x1e7>
    2157:	48 8b 0b             	mov    rcx,QWORD PTR [rbx]
    215a:	48 8b 31             	mov    rsi,QWORD PTR [rcx]
    215d:	44 8b 76 14          	mov    r14d,DWORD PTR [rsi+0x14]
    2161:	44 03 76 10          	add    r14d,DWORD PTR [rsi+0x10]
    2165:	44 0f af 73 08       	imul   r14d,DWORD PTR [rbx+0x8]
    216a:	4d 63 ee             	movsxd r13,r14d
    216d:	45 85 f6             	test   r14d,r14d
    2170:	0f 84 4d 03 00 00    	je     24c3 <mat_trgsw_monomial_DFT_sample+0x553>
    2176:	4d 8d 7d ff          	lea    r15,[r13-0x1]
    217a:	45 31 e4             	xor    r12d,r12d
    217d:	41 83 e7 07          	and    r15d,0x7
    2181:	0f 84 eb 01 00 00    	je     2372 <mat_trgsw_monomial_DFT_sample+0x402>
    2187:	4c 8b 4d 00          	mov    r9,QWORD PTR [rbp+0x0]
    218b:	4b 8b 3c 21          	mov    rdi,QWORD PTR [r9+r12*1]
    218f:	41 bc 01 00 00 00    	mov    r12d,0x1
    2195:	e8 00 00 00 00       	call   219a <mat_trgsw_monomial_DFT_sample+0x22a>
    219a:	4c 8b 13             	mov    r10,QWORD PTR [rbx]
    219d:	49 8b 72 08          	mov    rsi,QWORD PTR [r10+0x8]
    21a1:	49 83 ff 01          	cmp    r15,0x1
    21a5:	0f 84 c7 01 00 00    	je     2372 <mat_trgsw_monomial_DFT_sample+0x402>
    21ab:	49 83 ff 02          	cmp    r15,0x2
    21af:	0f 84 9c 00 00 00    	je     2251 <mat_trgsw_monomial_DFT_sample+0x2e1>
    21b5:	49 83 ff 03          	cmp    r15,0x3
    21b9:	74 76                	je     2231 <mat_trgsw_monomial_DFT_sample+0x2c1>
    21bb:	49 83 ff 04          	cmp    r15,0x4
    21bf:	74 50                	je     2211 <mat_trgsw_monomial_DFT_sample+0x2a1>
    21c1:	49 83 ff 05          	cmp    r15,0x5
    21c5:	74 2a                	je     21f1 <mat_trgsw_monomial_DFT_sample+0x281>
    21c7:	49 83 ff 06          	cmp    r15,0x6
    21cb:	0f 85 17 03 00 00    	jne    24e8 <mat_trgsw_monomial_DFT_sample+0x578>
    21d1:	48 8b 55 00          	mov    rdx,QWORD PTR [rbp+0x0]
    21d5:	4e 8d 3c e5 00 00 00 	lea    r15,[r12*8+0x0]
    21dc:	00
    21dd:	49 ff c4             	inc    r12
    21e0:	4a 8b 3c 3a          	mov    rdi,QWORD PTR [rdx+r15*1]
    21e4:	e8 00 00 00 00       	call   21e9 <mat_trgsw_monomial_DFT_sample+0x279>
    21e9:	48 8b 0b             	mov    rcx,QWORD PTR [rbx]
    21ec:	4a 8b 74 39 08       	mov    rsi,QWORD PTR [rcx+r15*1+0x8]
    21f1:	4c 8b 45 00          	mov    r8,QWORD PTR [rbp+0x0]
    21f5:	4e 8d 34 e5 00 00 00 	lea    r14,[r12*8+0x0]
    21fc:	00
    21fd:	49 ff c4             	inc    r12
    2200:	4b 8b 3c 30          	mov    rdi,QWORD PTR [r8+r14*1]
    2204:	e8 00 00 00 00       	call   2209 <mat_trgsw_monomial_DFT_sample+0x299>
    2209:	48 8b 33             	mov    rsi,QWORD PTR [rbx]
    220c:	4a 8b 74 36 08       	mov    rsi,QWORD PTR [rsi+r14*1+0x8]
    2211:	48 8b 7d 00          	mov    rdi,QWORD PTR [rbp+0x0]
    2215:	4e 8d 3c e5 00 00 00 	lea    r15,[r12*8+0x0]
    221c:	00
    221d:	49 ff c4             	inc    r12
    2220:	4a 8b 3c 3f          	mov    rdi,QWORD PTR [rdi+r15*1]
    2224:	e8 00 00 00 00       	call   2229 <mat_trgsw_monomial_DFT_sample+0x2b9>
    2229:	4c 8b 0b             	mov    r9,QWORD PTR [rbx]
    222c:	4b 8b 74 39 08       	mov    rsi,QWORD PTR [r9+r15*1+0x8]
    2231:	4c 8b 55 00          	mov    r10,QWORD PTR [rbp+0x0]
    2235:	4e 8d 34 e5 00 00 00 	lea    r14,[r12*8+0x0]
    223c:	00
    223d:	49 ff c4             	inc    r12
    2240:	4b 8b 3c 32          	mov    rdi,QWORD PTR [r10+r14*1]
    2244:	e8 00 00 00 00       	call   2249 <mat_trgsw_monomial_DFT_sample+0x2d9>
    2249:	4c 8b 1b             	mov    r11,QWORD PTR [rbx]
    224c:	4b 8b 74 33 08       	mov    rsi,QWORD PTR [r11+r14*1+0x8]
    2251:	48 8b 45 00          	mov    rax,QWORD PTR [rbp+0x0]
    2255:	4e 8d 3c e5 00 00 00 	lea    r15,[r12*8+0x0]
    225c:	00
    225d:	49 ff c4             	inc    r12
    2260:	4a 8b 3c 38          	mov    rdi,QWORD PTR [rax+r15*1]
    2264:	e8 00 00 00 00       	call   2269 <mat_trgsw_monomial_DFT_sample+0x2f9>
    2269:	48 8b 13             	mov    rdx,QWORD PTR [rbx]
    226c:	4a 8b 74 3a 08       	mov    rsi,QWORD PTR [rdx+r15*1+0x8]
    2271:	e9 fc 00 00 00       	jmp    2372 <mat_trgsw_monomial_DFT_sample+0x402>
    2276:	66 2e 0f 1f 84 00 00 	cs nop WORD PTR [rax+rax*1+0x0]
    227d:	00 00 00
    2280:	4c 8b 5d 00          	mov    r11,QWORD PTR [rbp+0x0]
    2284:	4a 8b 74 31 08       	mov    rsi,QWORD PTR [rcx+r14*1+0x8]
    2289:	4e 8d 3c c5 00 00 00 	lea    r15,[r8*8+0x0]
    2290:	00
    2291:	4b 8b 3c c3          	mov    rdi,QWORD PTR [r11+r8*8]
    2295:	e8 00 00 00 00       	call   229a <mat_trgsw_monomial_DFT_sample+0x32a>
    229a:	48 8b 13             	mov    rdx,QWORD PTR [rbx]
    229d:	48 8b 4d 00          	mov    rcx,QWORD PTR [rbp+0x0]
    22a1:	49 8d 44 24 02       	lea    rax,[r12+0x2]
    22a6:	4c 8d 34 c5 00 00 00 	lea    r14,[rax*8+0x0]
    22ad:	00
    22ae:	4a 8b 74 3a 08       	mov    rsi,QWORD PTR [rdx+r15*1+0x8]
    22b3:	48 8b 3c c1          	mov    rdi,QWORD PTR [rcx+rax*8]
    22b7:	e8 00 00 00 00       	call   22bc <mat_trgsw_monomial_DFT_sample+0x34c>
    22bc:	48 8b 33             	mov    rsi,QWORD PTR [rbx]
    22bf:	48 8b 7d 00          	mov    rdi,QWORD PTR [rbp+0x0]
    22c3:	4d 8d 44 24 03       	lea    r8,[r12+0x3]
    22c8:	4e 8d 3c c5 00 00 00 	lea    r15,[r8*8+0x0]
    22cf:	00
    22d0:	4a 8b 3c c7          	mov    rdi,QWORD PTR [rdi+r8*8]
    22d4:	4a 8b 74 36 08       	mov    rsi,QWORD PTR [rsi+r14*1+0x8]
    22d9:	e8 00 00 00 00       	call   22de <mat_trgsw_monomial_DFT_sample+0x36e>
    22de:	4c 8b 13             	mov    r10,QWORD PTR [rbx]
    22e1:	4c 8b 5d 00          	mov    r11,QWORD PTR [rbp+0x0]
    22e5:	4d 8d 4c 24 04       	lea    r9,[r12+0x4]
    22ea:	4e 8d 34 cd 00 00 00 	lea    r14,[r9*8+0x0]
    22f1:	00
    22f2:	4b 8b 74 3a 08       	mov    rsi,QWORD PTR [r10+r15*1+0x8]
    22f7:	4b 8b 3c cb          	mov    rdi,QWORD PTR [r11+r9*8]
    22fb:	e8 00 00 00 00       	call   2300 <mat_trgsw_monomial_DFT_sample+0x390>
    2300:	48 8b 13             	mov    rdx,QWORD PTR [rbx]
    2303:	48 8b 4d 00          	mov    rcx,QWORD PTR [rbp+0x0]
    2307:	49 8d 44 24 05       	lea    rax,[r12+0x5]
    230c:	4c 8d 3c c5 00 00 00 	lea    r15,[rax*8+0x0]
    2313:	00
    2314:	4a 8b 74 32 08       	mov    rsi,QWORD PTR [rdx+r14*1+0x8]
    2319:	48 8b 3c c1          	mov    rdi,QWORD PTR [rcx+rax*8]
    231d:	e8 00 00 00 00       	call   2322 <mat_trgsw_monomial_DFT_sample+0x3b2>
    2322:	48 8b 33             	mov    rsi,QWORD PTR [rbx]
    2325:	48 8b 7d 00          	mov    rdi,QWORD PTR [rbp+0x0]
    2329:	4d 8d 44 24 06       	lea    r8,[r12+0x6]
    232e:	4e 8d 34 c5 00 00 00 	lea    r14,[r8*8+0x0]
    2335:	00
    2336:	4a 8b 74 3e 08       	mov    rsi,QWORD PTR [rsi+r15*1+0x8]
    233b:	4a 8b 3c c7          	mov    rdi,QWORD PTR [rdi+r8*8]
    233f:	e8 00 00 00 00       	call   2344 <mat_trgsw_monomial_DFT_sample+0x3d4>
    2344:	4c 8b 13             	mov    r10,QWORD PTR [rbx]
    2347:	4c 8b 5d 00          	mov    r11,QWORD PTR [rbp+0x0]
    234b:	4d 8d 4c 24 07       	lea    r9,[r12+0x7]
    2350:	4e 8d 3c cd 00 00 00 	lea    r15,[r9*8+0x0]
    2357:	00
    2358:	49 83 c4 08          	add    r12,0x8
    235c:	4b 8b 74 32 08       	mov    rsi,QWORD PTR [r10+r14*1+0x8]
    2361:	4b 8b 3c cb          	mov    rdi,QWORD PTR [r11+r9*8]
    2365:	e8 00 00 00 00       	call   236a <mat_trgsw_monomial_DFT_sample+0x3fa>
    236a:	48 8b 03             	mov    rax,QWORD PTR [rbx]
    236d:	4a 8b 74 38 08       	mov    rsi,QWORD PTR [rax+r15*1+0x8]
    2372:	48 8b 4d 00          	mov    rcx,QWORD PTR [rbp+0x0]
    2376:	4e 8d 34 e5 00 00 00 	lea    r14,[r12*8+0x0]
    237d:	00
    237e:	4a 8b 3c e1          	mov    rdi,QWORD PTR [rcx+r12*8]
    2382:	e8 00 00 00 00       	call   2387 <mat_trgsw_monomial_DFT_sample+0x417>
    2387:	4d 8d 44 24 01       	lea    r8,[r12+0x1]
    238c:	48 8b 0b             	mov    rcx,QWORD PTR [rbx]
    238f:	4d 39 e8             	cmp    r8,r13
    2392:	0f 85 e8 fe ff ff    	jne    2280 <mat_trgsw_monomial_DFT_sample+0x310>
    2398:	48 8b 39             	mov    rdi,QWORD PTR [rcx]
    239b:	8b 6f 14             	mov    ebp,DWORD PTR [rdi+0x14]
    239e:	03 6f 10             	add    ebp,DWORD PTR [rdi+0x10]
    23a1:	0f af 6b 08          	imul   ebp,DWORD PTR [rbx+0x8]
    23a5:	4c 63 ed             	movsxd r13,ebp
    23a8:	85 ed                	test   ebp,ebp
    23aa:	0f 84 13 01 00 00    	je     24c3 <mat_trgsw_monomial_DFT_sample+0x553>
    23b0:	4d 8d 65 ff          	lea    r12,[r13-0x1]
    23b4:	45 31 ff             	xor    r15d,r15d
    23b7:	41 83 e4 07          	and    r12d,0x7
    23bb:	0f 84 f1 00 00 00    	je     24b2 <mat_trgsw_monomial_DFT_sample+0x542>
    23c1:	e8 00 00 00 00       	call   23c6 <mat_trgsw_monomial_DFT_sample+0x456>
    23c6:	48 8b 33             	mov    rsi,QWORD PTR [rbx]
    23c9:	41 bf 01 00 00 00    	mov    r15d,0x1
    23cf:	4a 8b 3c fe          	mov    rdi,QWORD PTR [rsi+r15*8]
    23d3:	49 83 fc 01          	cmp    r12,0x1
    23d7:	0f 84 d5 00 00 00    	je     24b2 <mat_trgsw_monomial_DFT_sample+0x542>
    23dd:	49 83 fc 02          	cmp    r12,0x2
    23e1:	74 58                	je     243b <mat_trgsw_monomial_DFT_sample+0x4cb>
    23e3:	49 83 fc 03          	cmp    r12,0x3
    23e7:	74 43                	je     242c <mat_trgsw_monomial_DFT_sample+0x4bc>
    23e9:	49 83 fc 04          	cmp    r12,0x4
    23ed:	74 2e                	je     241d <mat_trgsw_monomial_DFT_sample+0x4ad>
    23ef:	49 83 fc 05          	cmp    r12,0x5
    23f3:	74 19                	je     240e <mat_trgsw_monomial_DFT_sample+0x49e>
    23f5:	49 83 fc 06          	cmp    r12,0x6
    23f9:	0f 85 11 01 00 00    	jne    2510 <mat_trgsw_monomial_DFT_sample+0x5a0>
    23ff:	e8 00 00 00 00       	call   2404 <mat_trgsw_monomial_DFT_sample+0x494>
    2404:	4c 8b 0b             	mov    r9,QWORD PTR [rbx]
    2407:	49 ff c7             	inc    r15
    240a:	4b 8b 3c f9          	mov    rdi,QWORD PTR [r9+r15*8]
    240e:	e8 00 00 00 00       	call   2413 <mat_trgsw_monomial_DFT_sample+0x4a3>
    2413:	4c 8b 13             	mov    r10,QWORD PTR [rbx]
    2416:	49 ff c7             	inc    r15
    2419:	4b 8b 3c fa          	mov    rdi,QWORD PTR [r10+r15*8]
    241d:	e8 00 00 00 00       	call   2422 <mat_trgsw_monomial_DFT_sample+0x4b2>
    2422:	4c 8b 1b             	mov    r11,QWORD PTR [rbx]
    2425:	49 ff c7             	inc    r15
    2428:	4b 8b 3c fb          	mov    rdi,QWORD PTR [r11+r15*8]
    242c:	e8 00 00 00 00       	call   2431 <mat_trgsw_monomial_DFT_sample+0x4c1>
    2431:	48 8b 03             	mov    rax,QWORD PTR [rbx]
    2434:	49 ff c7             	inc    r15
    2437:	4a 8b 3c f8          	mov    rdi,QWORD PTR [rax+r15*8]
    243b:	e8 00 00 00 00       	call   2440 <mat_trgsw_monomial_DFT_sample+0x4d0>
    2440:	48 8b 13             	mov    rdx,QWORD PTR [rbx]
    2443:	49 ff c7             	inc    r15
    2446:	4a 8b 3c fa          	mov    rdi,QWORD PTR [rdx+r15*8]
    244a:	eb 66                	jmp    24b2 <mat_trgsw_monomial_DFT_sample+0x542>
    244c:	0f 1f 40 00          	nop    DWORD PTR [rax+0x0]
    2450:	4a 8b 3c f1          	mov    rdi,QWORD PTR [rcx+r14*8]
    2454:	e8 00 00 00 00       	call   2459 <mat_trgsw_monomial_DFT_sample+0x4e9>
    2459:	4c 8b 03             	mov    r8,QWORD PTR [rbx]
    245c:	4b 8b 7c f8 10       	mov    rdi,QWORD PTR [r8+r15*8+0x10]
    2461:	e8 00 00 00 00       	call   2466 <mat_trgsw_monomial_DFT_sample+0x4f6>
    2466:	48 8b 2b             	mov    rbp,QWORD PTR [rbx]
    2469:	4a 8b 7c fd 18       	mov    rdi,QWORD PTR [rbp+r15*8+0x18]
    246e:	e8 00 00 00 00       	call   2473 <mat_trgsw_monomial_DFT_sample+0x503>
    2473:	4c 8b 23             	mov    r12,QWORD PTR [rbx]
    2476:	4b 8b 7c fc 20       	mov    rdi,QWORD PTR [r12+r15*8+0x20]
    247b:	e8 00 00 00 00       	call   2480 <mat_trgsw_monomial_DFT_sample+0x510>
    2480:	48 8b 33             	mov    rsi,QWORD PTR [rbx]
    2483:	4a 8b 7c fe 28       	mov    rdi,QWORD PTR [rsi+r15*8+0x28]
    2488:	e8 00 00 00 00       	call   248d <mat_trgsw_monomial_DFT_sample+0x51d>
    248d:	48 8b 3b             	mov    rdi,QWORD PTR [rbx]
    2490:	4a 8b 7c ff 30       	mov    rdi,QWORD PTR [rdi+r15*8+0x30]
    2495:	e8 00 00 00 00       	call   249a <mat_trgsw_monomial_DFT_sample+0x52a>
    249a:	4c 8b 0b             	mov    r9,QWORD PTR [rbx]
    249d:	4b 8b 7c f9 38       	mov    rdi,QWORD PTR [r9+r15*8+0x38]
    24a2:	49 83 c7 08          	add    r15,0x8
    24a6:	e8 00 00 00 00       	call   24ab <mat_trgsw_monomial_DFT_sample+0x53b>
    24ab:	4c 8b 13             	mov    r10,QWORD PTR [rbx]
    24ae:	4b 8b 3c fa          	mov    rdi,QWORD PTR [r10+r15*8]
    24b2:	e8 00 00 00 00       	call   24b7 <mat_trgsw_monomial_DFT_sample+0x547>
    24b7:	4d 8d 77 01          	lea    r14,[r15+0x1]
    24bb:	48 8b 0b             	mov    rcx,QWORD PTR [rbx]
    24be:	4d 39 ee             	cmp    r14,r13
    24c1:	75 8d                	jne    2450 <mat_trgsw_monomial_DFT_sample+0x4e0>
    24c3:	48 89 cf             	mov    rdi,rcx
    24c6:	e8 00 00 00 00       	call   24cb <mat_trgsw_monomial_DFT_sample+0x55b>
    24cb:	48 83 c4 48          	add    rsp,0x48
    24cf:	48 89 df             	mov    rdi,rbx
    24d2:	5b                   	pop    rbx
    24d3:	5d                   	pop    rbp
    24d4:	41 5c                	pop    r12
    24d6:	41 5d                	pop    r13
    24d8:	41 5e                	pop    r14
    24da:	41 5f                	pop    r15
    24dc:	e9 00 00 00 00       	jmp    24e1 <mat_trgsw_monomial_DFT_sample+0x571>
    24e1:	0f 1f 80 00 00 00 00 	nop    DWORD PTR [rax+0x0]
    24e8:	4c 8b 5d 00          	mov    r11,QWORD PTR [rbp+0x0]
    24ec:	41 be 08 00 00 00    	mov    r14d,0x8
    24f2:	41 bc 02 00 00 00    	mov    r12d,0x2
    24f8:	4b 8b 3c 33          	mov    rdi,QWORD PTR [r11+r14*1]
    24fc:	e8 00 00 00 00       	call   2501 <mat_trgsw_monomial_DFT_sample+0x591>
    2501:	48 8b 03             	mov    rax,QWORD PTR [rbx]
    2504:	4a 8b 74 30 08       	mov    rsi,QWORD PTR [rax+r14*1+0x8]
    2509:	e9 c3 fc ff ff       	jmp    21d1 <mat_trgsw_monomial_DFT_sample+0x261>
    250e:	66 90                	xchg   ax,ax
    2510:	e8 00 00 00 00       	call   2515 <mat_trgsw_monomial_DFT_sample+0x5a5>
    2515:	48 8b 3b             	mov    rdi,QWORD PTR [rbx]
    2518:	41 bf 02 00 00 00    	mov    r15d,0x2
    251e:	4a 8b 3c ff          	mov    rdi,QWORD PTR [rdi+r15*8]
    2522:	e9 d8 fe ff ff       	jmp    23ff <mat_trgsw_monomial_DFT_sample+0x48f>
    2527:	66 0f 1f 84 00 00 00 	nop    WORD PTR [rax+rax*1+0x0]
    252e:	00 00

0000000000002530 <mat_trgsw_alloc_mul_scratch>:
    2530:	f3 0f 1e fa          	endbr64
    2534:	41 54                	push   r12
    2536:	41 89 f4             	mov    r12d,esi
    2539:	55                   	push   rbp
    253a:	89 fd                	mov    ebp,edi
    253c:	bf 18 00 00 00       	mov    edi,0x18
    2541:	53                   	push   rbx
    2542:	e8 00 00 00 00       	call   2547 <mat_trgsw_alloc_mul_scratch+0x17>
    2547:	89 ee                	mov    esi,ebp
    2549:	44 89 e7             	mov    edi,r12d
    254c:	48 89 c3             	mov    rbx,rax
    254f:	e8 00 00 00 00       	call   2554 <mat_trgsw_alloc_mul_scratch+0x24>
    2554:	89 ee                	mov    esi,ebp
    2556:	44 89 e7             	mov    edi,r12d
    2559:	48 89 03             	mov    QWORD PTR [rbx],rax
    255c:	e8 00 00 00 00       	call   2561 <mat_trgsw_alloc_mul_scratch+0x31>
    2561:	89 6b 10             	mov    DWORD PTR [rbx+0x10],ebp
    2564:	48 89 43 08          	mov    QWORD PTR [rbx+0x8],rax
    2568:	48 89 d8             	mov    rax,rbx
    256b:	5b                   	pop    rbx
    256c:	5d                   	pop    rbp
    256d:	41 5c                	pop    r12
    256f:	c3                   	ret

0000000000002570 <free_mat_trgsw_mul_scratch>:
    2570:	f3 0f 1e fa          	endbr64
    2574:	55                   	push   rbp
    2575:	53                   	push   rbx
    2576:	48 89 fb             	mov    rbx,rdi
    2579:	48 83 ec 08          	sub    rsp,0x8
    257d:	8b 77 10             	mov    esi,DWORD PTR [rdi+0x10]
    2580:	48 8b 3f             	mov    rdi,QWORD PTR [rdi]
    2583:	e8 00 00 00 00       	call   2588 <free_mat_trgsw_mul_scratch+0x18>
    2588:	8b 43 10             	mov    eax,DWORD PTR [rbx+0x10]
    258b:	85 c0                	test   eax,eax
    258d:	0f 84 e2 00 00 00    	je     2675 <free_mat_trgsw_mul_scratch+0x105>
    2593:	31 ed                	xor    ebp,ebp
    2595:	48 8b 53 08          	mov    rdx,QWORD PTR [rbx+0x8]
    2599:	48 8b 3c ea          	mov    rdi,QWORD PTR [rdx+rbp*8]
    259d:	e8 00 00 00 00       	call   25a2 <free_mat_trgsw_mul_scratch+0x32>
    25a2:	48 63 73 10          	movsxd rsi,DWORD PTR [rbx+0x10]
    25a6:	48 8d 4d 01          	lea    rcx,[rbp+0x1]
    25aa:	48 39 f1             	cmp    rcx,rsi
    25ad:	0f 83 c2 00 00 00    	jae    2675 <free_mat_trgsw_mul_scratch+0x105>
    25b3:	48 8b 7b 08          	mov    rdi,QWORD PTR [rbx+0x8]
    25b7:	48 8b 3c cf          	mov    rdi,QWORD PTR [rdi+rcx*8]
    25bb:	e8 00 00 00 00       	call   25c0 <free_mat_trgsw_mul_scratch+0x50>
    25c0:	4c 63 4b 10          	movsxd r9,DWORD PTR [rbx+0x10]
    25c4:	4c 8d 45 02          	lea    r8,[rbp+0x2]
    25c8:	4d 39 c8             	cmp    r8,r9
    25cb:	0f 83 a4 00 00 00    	jae    2675 <free_mat_trgsw_mul_scratch+0x105>
    25d1:	4c 8b 53 08          	mov    r10,QWORD PTR [rbx+0x8]
    25d5:	4b 8b 3c c2          	mov    rdi,QWORD PTR [r10+r8*8]
    25d9:	e8 00 00 00 00       	call   25de <free_mat_trgsw_mul_scratch+0x6e>
    25de:	48 63 43 10          	movsxd rax,DWORD PTR [rbx+0x10]
    25e2:	4c 8d 5d 03          	lea    r11,[rbp+0x3]
    25e6:	49 39 c3             	cmp    r11,rax
    25e9:	0f 83 86 00 00 00    	jae    2675 <free_mat_trgsw_mul_scratch+0x105>
    25ef:	48 8b 53 08          	mov    rdx,QWORD PTR [rbx+0x8]
    25f3:	4a 8b 3c da          	mov    rdi,QWORD PTR [rdx+r11*8]
    25f7:	e8 00 00 00 00       	call   25fc <free_mat_trgsw_mul_scratch+0x8c>
    25fc:	48 63 73 10          	movsxd rsi,DWORD PTR [rbx+0x10]
    2600:	48 8d 4d 04          	lea    rcx,[rbp+0x4]
    2604:	48 39 f1             	cmp    rcx,rsi
    2607:	73 6c                	jae    2675 <free_mat_trgsw_mul_scratch+0x105>
    2609:	48 8b 7b 08          	mov    rdi,QWORD PTR [rbx+0x8]
    260d:	48 8b 3c cf          	mov    rdi,QWORD PTR [rdi+rcx*8]
    2611:	e8 00 00 00 00       	call   2616 <free_mat_trgsw_mul_scratch+0xa6>
    2616:	4c 63 4b 10          	movsxd r9,DWORD PTR [rbx+0x10]
    261a:	4c 8d 45 05          	lea    r8,[rbp+0x5]
    261e:	4d 39 c8             	cmp    r8,r9
    2621:	73 52                	jae    2675 <free_mat_trgsw_mul_scratch+0x105>
    2623:	4c 8b 53 08          	mov    r10,QWORD PTR [rbx+0x8]
    2627:	4b 8b 3c c2          	mov    rdi,QWORD PTR [r10+r8*8]
    262b:	e8 00 00 00 00       	call   2630 <free_mat_trgsw_mul_scratch+0xc0>
    2630:	48 63 43 10          	movsxd rax,DWORD PTR [rbx+0x10]
    2634:	4c 8d 5d 06          	lea    r11,[rbp+0x6]
    2638:	49 39 c3             	cmp    r11,rax
    263b:	73 38                	jae    2675 <free_mat_trgsw_mul_scratch+0x105>
    263d:	48 8b 53 08          	mov    rdx,QWORD PTR [rbx+0x8]
    2641:	4a 8b 3c da          	mov    rdi,QWORD PTR [rdx+r11*8]
    2645:	e8 00 00 00 00       	call   264a <free_mat_trgsw_mul_scratch+0xda>
    264a:	48 63 73 10          	movsxd rsi,DWORD PTR [rbx+0x10]
    264e:	48 8d 4d 07          	lea    rcx,[rbp+0x7]
    2652:	48 39 f1             	cmp    rcx,rsi
    2655:	73 1e                	jae    2675 <free_mat_trgsw_mul_scratch+0x105>
    2657:	48 8b 7b 08          	mov    rdi,QWORD PTR [rbx+0x8]
    265b:	48 83 c5 08          	add    rbp,0x8
    265f:	48 8b 3c cf          	mov    rdi,QWORD PTR [rdi+rcx*8]
    2663:	e8 00 00 00 00       	call   2668 <free_mat_trgsw_mul_scratch+0xf8>
    2668:	4c 63 43 10          	movsxd r8,DWORD PTR [rbx+0x10]
    266c:	4c 39 c5             	cmp    rbp,r8
    266f:	0f 82 20 ff ff ff    	jb     2595 <free_mat_trgsw_mul_scratch+0x25>
    2675:	48 8b 7b 08          	mov    rdi,QWORD PTR [rbx+0x8]
    2679:	e8 00 00 00 00       	call   267e <free_mat_trgsw_mul_scratch+0x10e>
    267e:	48 83 c4 08          	add    rsp,0x8
    2682:	48 89 df             	mov    rdi,rbx
    2685:	5b                   	pop    rbx
    2686:	5d                   	pop    rbp
    2687:	e9 00 00 00 00       	jmp    268c <free_mat_trgsw_mul_scratch+0x11c>
    268c:	0f 1f 40 00          	nop    DWORD PTR [rax+0x0]

0000000000002690 <mat_trgsw_mul_pvmtmlwe_DFT>:
    2690:	f3 0f 1e fa          	endbr64
    2694:	41 56                	push   r14
    2696:	41 55                	push   r13
    2698:	49 89 fd             	mov    r13,rdi
    269b:	41 54                	push   r12
    269d:	49 89 d4             	mov    r12,rdx
    26a0:	55                   	push   rbp
    26a1:	53                   	push   rbx
    26a2:	48 89 cb             	mov    rbx,rcx
    26a5:	8b 6e 10             	mov    ebp,DWORD PTR [rsi+0x10]
    26a8:	8b 4a 08             	mov    ecx,DWORD PTR [rdx+0x8]
    26ab:	48 8b 3b             	mov    rdi,QWORD PTR [rbx]
    26ae:	8b 52 0c             	mov    edx,DWORD PTR [rdx+0xc]
    26b1:	03 6e 14             	add    ebp,DWORD PTR [rsi+0x14]
    26b4:	0f af e9             	imul   ebp,ecx
    26b7:	e8 00 00 00 00       	call   26bc <mat_trgsw_mul_pvmtmlwe_DFT+0x2c>
    26bc:	85 ed                	test   ebp,ebp
    26be:	0f 84 da 00 00 00    	je     279e <mat_trgsw_mul_pvmtmlwe_DFT+0x10e>
    26c4:	4c 63 f5             	movsxd r14,ebp
    26c7:	31 ed                	xor    ebp,ebp
    26c9:	4c 89 f0             	mov    rax,r14
    26cc:	83 e0 03             	and    eax,0x3
    26cf:	74 68                	je     2739 <mat_trgsw_mul_pvmtmlwe_DFT+0xa9>
    26d1:	48 83 f8 01          	cmp    rax,0x1
    26d5:	74 3e                	je     2715 <mat_trgsw_mul_pvmtmlwe_DFT+0x85>
    26d7:	48 83 f8 02          	cmp    rax,0x2
    26db:	74 19                	je     26f6 <mat_trgsw_mul_pvmtmlwe_DFT+0x66>
    26dd:	48 8b 13             	mov    rdx,QWORD PTR [rbx]
    26e0:	48 8b 4b 08          	mov    rcx,QWORD PTR [rbx+0x8]
    26e4:	48 8b 34 2a          	mov    rsi,QWORD PTR [rdx+rbp*1]
    26e8:	48 8b 3c 29          	mov    rdi,QWORD PTR [rcx+rbp*1]
    26ec:	bd 01 00 00 00       	mov    ebp,0x1
    26f1:	e8 00 00 00 00       	call   26f6 <mat_trgsw_mul_pvmtmlwe_DFT+0x66>
    26f6:	48 8b 33             	mov    rsi,QWORD PTR [rbx]
    26f9:	4c 8b 43 08          	mov    r8,QWORD PTR [rbx+0x8]
    26fd:	48 8d 3c ed 00 00 00 	lea    rdi,[rbp*8+0x0]
    2704:	00
    2705:	48 ff c5             	inc    rbp
    2708:	48 8b 34 3e          	mov    rsi,QWORD PTR [rsi+rdi*1]
    270c:	49 8b 3c 38          	mov    rdi,QWORD PTR [r8+rdi*1]
    2710:	e8 00 00 00 00       	call   2715 <mat_trgsw_mul_pvmtmlwe_DFT+0x85>
    2715:	4c 8b 13             	mov    r10,QWORD PTR [rbx]
    2718:	4c 8b 5b 08          	mov    r11,QWORD PTR [rbx+0x8]
    271c:	4c 8d 0c ed 00 00 00 	lea    r9,[rbp*8+0x0]
    2723:	00
    2724:	48 ff c5             	inc    rbp
    2727:	4b 8b 34 0a          	mov    rsi,QWORD PTR [r10+r9*1]
    272b:	4b 8b 3c 0b          	mov    rdi,QWORD PTR [r11+r9*1]
    272f:	e8 00 00 00 00       	call   2734 <mat_trgsw_mul_pvmtmlwe_DFT+0xa4>
    2734:	4c 39 f5             	cmp    rbp,r14
    2737:	74 65                	je     279e <mat_trgsw_mul_pvmtmlwe_DFT+0x10e>
    2739:	48 8b 03             	mov    rax,QWORD PTR [rbx]
    273c:	48 8b 53 08          	mov    rdx,QWORD PTR [rbx+0x8]
    2740:	48 8b 34 e8          	mov    rsi,QWORD PTR [rax+rbp*8]
    2744:	48 8b 3c ea          	mov    rdi,QWORD PTR [rdx+rbp*8]
    2748:	e8 00 00 00 00       	call   274d <mat_trgsw_mul_pvmtmlwe_DFT+0xbd>
    274d:	4c 8b 43 08          	mov    r8,QWORD PTR [rbx+0x8]
    2751:	48 8b 3b             	mov    rdi,QWORD PTR [rbx]
    2754:	48 8d 4d 01          	lea    rcx,[rbp+0x1]
    2758:	48 8b 34 cf          	mov    rsi,QWORD PTR [rdi+rcx*8]
    275c:	49 8b 3c c8          	mov    rdi,QWORD PTR [r8+rcx*8]
    2760:	e8 00 00 00 00       	call   2765 <mat_trgsw_mul_pvmtmlwe_DFT+0xd5>
    2765:	4c 8b 53 08          	mov    r10,QWORD PTR [rbx+0x8]
    2769:	48 8b 33             	mov    rsi,QWORD PTR [rbx]
    276c:	4c 8d 4d 02          	lea    r9,[rbp+0x2]
    2770:	4a 8b 34 ce          	mov    rsi,QWORD PTR [rsi+r9*8]
    2774:	4b 8b 3c ca          	mov    rdi,QWORD PTR [r10+r9*8]
    2778:	e8 00 00 00 00       	call   277d <mat_trgsw_mul_pvmtmlwe_DFT+0xed>
    277d:	48 8b 03             	mov    rax,QWORD PTR [rbx]
    2780:	48 8b 53 08          	mov    rdx,QWORD PTR [rbx+0x8]
    2784:	4c 8d 5d 03          	lea    r11,[rbp+0x3]
    2788:	48 83 c5 04          	add    rbp,0x4
    278c:	4a 8b 34 d8          	mov    rsi,QWORD PTR [rax+r11*8]
    2790:	4a 8b 3c da          	mov    rdi,QWORD PTR [rdx+r11*8]
    2794:	e8 00 00 00 00       	call   2799 <mat_trgsw_mul_pvmtmlwe_DFT+0x109>
    2799:	4c 39 f5             	cmp    rbp,r14
    279c:	75 9b                	jne    2739 <mat_trgsw_mul_pvmtmlwe_DFT+0xa9>
    279e:	48 8b 53 08          	mov    rdx,QWORD PTR [rbx+0x8]
    27a2:	5b                   	pop    rbx
    27a3:	4c 89 e6             	mov    rsi,r12
    27a6:	4c 89 ef             	mov    rdi,r13
    27a9:	5d                   	pop    rbp
    27aa:	41 5c                	pop    r12
    27ac:	41 5d                	pop    r13
    27ae:	41 5e                	pop    r14
    27b0:	e9 4b d8 ff ff       	jmp    0 <mat_trgsw_mul_pvmtmlwe_DFT_from_dec>
    27b5:	66 66 2e 0f 1f 84 00 	data16 cs nop WORD PTR [rax+rax*1+0x0]
    27bc:	00 00 00 00

00000000000027c0 <mat_trgsw_mul_pvmtmlwe_sub_DFT>:
    27c0:	f3 0f 1e fa          	endbr64
    27c4:	55                   	push   rbp
    27c5:	41 b9 01 00 00 00    	mov    r9d,0x1
    27cb:	48 89 e5             	mov    rbp,rsp
    27ce:	41 57                	push   r15
    27d0:	41 56                	push   r14
    27d2:	41 55                	push   r13
    27d4:	41 54                	push   r12
    27d6:	53                   	push   rbx
    27d7:	4c 89 c3             	mov    rbx,r8
    27da:	48 83 e4 e0          	and    rsp,0xffffffffffffffe0
    27de:	48 81 ec a0 00 00 00 	sub    rsp,0xa0
    27e5:	8b 46 14             	mov    eax,DWORD PTR [rsi+0x14]
    27e8:	4c 8b 7e 08          	mov    r15,QWORD PTR [rsi+0x8]
    27ec:	48 89 54 24 48       	mov    QWORD PTR [rsp+0x48],rdx
    27f1:	8b 56 10             	mov    edx,DWORD PTR [rsi+0x10]
    27f4:	4c 63 59 08          	movsxd r11,DWORD PTR [rcx+0x8]
    27f8:	48 89 7c 24 10       	mov    QWORD PTR [rsp+0x10],rdi
    27fd:	8b 79 0c             	mov    edi,DWORD PTR [rcx+0xc]
    2800:	4d 8b 00             	mov    r8,QWORD PTR [r8]
    2803:	48 89 4c 24 08       	mov    QWORD PTR [rsp+0x8],rcx
    2808:	89 44 24 2c          	mov    DWORD PTR [rsp+0x2c],eax
    280c:	49 8b 0f             	mov    rcx,QWORD PTR [r15]
    280f:	01 d0                	add    eax,edx
    2811:	41 0f af c3          	imul   eax,r11d
    2815:	48 89 74 24 18       	mov    QWORD PTR [rsp+0x18],rsi
    281a:	44 8d 6f ff          	lea    r13d,[rdi-0x1]
    281e:	c4 42 c1 f7 d1       	shlx   r10,r9,rdi
    2823:	8b 71 08             	mov    esi,DWORD PTR [rcx+0x8]
    2826:	89 54 24 24          	mov    DWORD PTR [rsp+0x24],edx
    282a:	c4 42 91 f7 e9       	shlx   r13,r9,r13
    282f:	4c 89 5c 24 30       	mov    QWORD PTR [rsp+0x30],r11
    2834:	89 44 24 20          	mov    DWORD PTR [rsp+0x20],eax
    2838:	89 b4 24 94 00 00 00 	mov    DWORD PTR [rsp+0x94],esi
    283f:	4d 85 db             	test   r11,r11
    2842:	0f 84 9d 08 00 00    	je     30e5 <mat_trgsw_mul_pvmtmlwe_sub_DFT+0x925>
    2848:	49 8d 72 ff          	lea    rsi,[r10-0x1]
    284c:	4d 89 dc             	mov    r12,r11
    284f:	4c 63 f7             	movsxd r14,edi
    2852:	31 c0                	xor    eax,eax
    2854:	31 c9                	xor    ecx,ecx
    2856:	31 d2                	xor    edx,edx
    2858:	49 ba 00 00 00 00 00 	movabs r10,0x8000000000000000
    285f:	00 00 80
    2862:	41 83 e3 07          	and    r11d,0x7
    2866:	0f 84 8b 00 00 00    	je     28f7 <mat_trgsw_mul_pvmtmlwe_sub_DFT+0x137>
    286c:	49 83 fb 01          	cmp    r11,0x1
    2870:	74 6e                	je     28e0 <mat_trgsw_mul_pvmtmlwe_sub_DFT+0x120>
    2872:	49 83 fb 02          	cmp    r11,0x2
    2876:	74 5b                	je     28d3 <mat_trgsw_mul_pvmtmlwe_sub_DFT+0x113>
    2878:	49 83 fb 03          	cmp    r11,0x3
    287c:	74 48                	je     28c6 <mat_trgsw_mul_pvmtmlwe_sub_DFT+0x106>
    287e:	49 83 fb 04          	cmp    r11,0x4
    2882:	74 35                	je     28b9 <mat_trgsw_mul_pvmtmlwe_sub_DFT+0xf9>
    2884:	49 83 fb 05          	cmp    r11,0x5
    2888:	74 22                	je     28ac <mat_trgsw_mul_pvmtmlwe_sub_DFT+0xec>
    288a:	49 83 fb 06          	cmp    r11,0x6
    288e:	41 bb 01 00 00 00    	mov    r11d,0x1
    2894:	0f 45 c7             	cmovne eax,edi
    2897:	49 0f 45 ca          	cmovne rcx,r10
    289b:	49 0f 45 d3          	cmovne rdx,r11
    289f:	c4 42 fb f7 ca       	shrx   r9,r10,rax
    28a4:	48 ff c2             	inc    rdx
    28a7:	4c 01 c9             	add    rcx,r9
    28aa:	01 f8                	add    eax,edi
    28ac:	c4 42 fb f7 da       	shrx   r11,r10,rax
    28b1:	48 ff c2             	inc    rdx
    28b4:	4c 01 d9             	add    rcx,r11
    28b7:	01 f8                	add    eax,edi
    28b9:	c4 42 fb f7 ca       	shrx   r9,r10,rax
    28be:	48 ff c2             	inc    rdx
    28c1:	4c 01 c9             	add    rcx,r9
    28c4:	01 f8                	add    eax,edi
    28c6:	c4 42 fb f7 da       	shrx   r11,r10,rax
    28cb:	48 ff c2             	inc    rdx
    28ce:	4c 01 d9             	add    rcx,r11
    28d1:	01 f8                	add    eax,edi
    28d3:	c4 42 fb f7 ca       	shrx   r9,r10,rax
    28d8:	48 ff c2             	inc    rdx
    28db:	4c 01 c9             	add    rcx,r9
    28de:	01 f8                	add    eax,edi
    28e0:	4c 8b 4c 24 30       	mov    r9,QWORD PTR [rsp+0x30]
    28e5:	48 ff c2             	inc    rdx
    28e8:	c4 42 fb f7 da       	shrx   r11,r10,rax
    28ed:	01 f8                	add    eax,edi
    28ef:	4c 01 d9             	add    rcx,r11
    28f2:	4c 39 ca             	cmp    rdx,r9
    28f5:	74 5e                	je     2955 <mat_trgsw_mul_pvmtmlwe_sub_DFT+0x195>
    28f7:	c4 42 fb f7 da       	shrx   r11,r10,rax
    28fc:	01 f8                	add    eax,edi
    28fe:	4c 01 d9             	add    rcx,r11
    2901:	48 83 c2 08          	add    rdx,0x8
    2905:	c4 42 fb f7 ca       	shrx   r9,r10,rax
    290a:	01 f8                	add    eax,edi
    290c:	4c 01 c9             	add    rcx,r9
    290f:	c4 42 fb f7 da       	shrx   r11,r10,rax
    2914:	01 f8                	add    eax,edi
    2916:	4c 01 d9             	add    rcx,r11
    2919:	c4 42 fb f7 ca       	shrx   r9,r10,rax
    291e:	01 f8                	add    eax,edi
    2920:	4c 01 c9             	add    rcx,r9
    2923:	c4 42 fb f7 da       	shrx   r11,r10,rax
    2928:	01 f8                	add    eax,edi
    292a:	4c 01 d9             	add    rcx,r11
    292d:	c4 42 fb f7 ca       	shrx   r9,r10,rax
    2932:	01 f8                	add    eax,edi
    2934:	4c 01 c9             	add    rcx,r9
    2937:	c4 42 fb f7 da       	shrx   r11,r10,rax
    293c:	4c 01 d9             	add    rcx,r11
    293f:	4c 8b 5c 24 30       	mov    r11,QWORD PTR [rsp+0x30]
    2944:	01 f8                	add    eax,edi
    2946:	c4 42 fb f7 ca       	shrx   r9,r10,rax
    294b:	01 f8                	add    eax,edi
    294d:	4c 01 c9             	add    rcx,r9
    2950:	4c 39 da             	cmp    rdx,r11
    2953:	75 a2                	jne    28f7 <mat_trgsw_mul_pvmtmlwe_sub_DFT+0x137>
    2955:	8b 7c 24 2c          	mov    edi,DWORD PTR [rsp+0x2c]
    2959:	44 89 f2             	mov    edx,r14d
    295c:	4c 89 44 24 50       	mov    QWORD PTR [rsp+0x50],r8
    2961:	62 f2 fd 08 7c e9    	vpbroadcastq xmm5,rcx
    2967:	f7 da                	neg    edx
    2969:	48 89 1c 24          	mov    QWORD PTR [rsp],rbx
    296d:	62 f2 fd 08 7c e6    	vpbroadcastq xmm4,rsi
    2973:	62 d2 fd 08 7c dd    	vpbroadcastq xmm3,r13
    2979:	89 f8                	mov    eax,edi
    297b:	89 54 24 28          	mov    DWORD PTR [rsp+0x28],edx
    297f:	ba 40 00 00 00       	mov    edx,0x40
    2984:	62 f2 fd 28 7c d1    	vpbroadcastq ymm2,rcx
    298a:	41 0f af c4          	imul   eax,r12d
    298e:	4c 63 e7             	movsxd r12,edi
    2991:	62 f2 fd 28 7c ce    	vpbroadcastq ymm1,rsi
    2997:	44 29 f2             	sub    edx,r14d
    299a:	4c 89 64 24 78       	mov    QWORD PTR [rsp+0x78],r12
    299f:	4c 63 a4 24 94 00 00 	movsxd r12,DWORD PTR [rsp+0x94]
    29a6:	00
    29a7:	4c 8b 74 24 30       	mov    r14,QWORD PTR [rsp+0x30]
    29ac:	4c 63 d0             	movsxd r10,eax
    29af:	4d 89 e3             	mov    r11,r12
    29b2:	48 63 44 24 24       	movsxd rax,DWORD PTR [rsp+0x24]
    29b7:	4d 8d 4c 24 ff       	lea    r9,[r12-0x1]
    29bc:	49 c1 eb 02          	shr    r11,0x2
    29c0:	49 c1 e6 03          	shl    r14,0x3
    29c4:	4c 89 e7             	mov    rdi,r12
    29c7:	4c 89 4c 24 70       	mov    QWORD PTR [rsp+0x70],r9
    29cc:	49 c1 e3 05          	shl    r11,0x5
    29d0:	48 c1 e0 03          	shl    rax,0x3
    29d4:	4c 89 b4 24 88 00 00 	mov    QWORD PTR [rsp+0x88],r14
    29db:	00
    29dc:	48 83 e7 fc          	and    rdi,0xfffffffffffffffc
    29e0:	4c 89 9c 24 98 00 00 	mov    QWORD PTR [rsp+0x98],r11
    29e7:	00
    29e8:	48 89 84 24 80 00 00 	mov    QWORD PTR [rsp+0x80],rax
    29ef:	00
    29f0:	4c 89 54 24 58       	mov    QWORD PTR [rsp+0x58],r10
    29f5:	48 89 7c 24 68       	mov    QWORD PTR [rsp+0x68],rdi
    29fa:	31 ff                	xor    edi,edi
    29fc:	0f 1f 40 00          	nop    DWORD PTR [rax+0x0]
    2a00:	8b 5c 24 2c          	mov    ebx,DWORD PTR [rsp+0x2c]
    2a04:	85 db                	test   ebx,ebx
    2a06:	0f 84 92 0b 00 00    	je     359e <mat_trgsw_mul_pvmtmlwe_sub_DFT+0xdde>
    2a0c:	44 8b 8c 24 94 00 00 	mov    r9d,DWORD PTR [rsp+0x94]
    2a13:	00
    2a14:	45 85 c9             	test   r9d,r9d
    2a17:	0f 84 cc 04 00 00    	je     2ee9 <mat_trgsw_mul_pvmtmlwe_sub_DFT+0x729>
    2a1d:	41 83 e1 03          	and    r9d,0x3
    2a21:	4d 89 e0             	mov    r8,r12
    2a24:	4c 8b 74 24 50       	mov    r14,QWORD PTR [rsp+0x50]
    2a29:	48 8b 44 24 48       	mov    rax,QWORD PTR [rsp+0x48]
    2a2e:	44 89 8c 24 90 00 00 	mov    DWORD PTR [rsp+0x90],r9d
    2a35:	00
    2a36:	4c 8b 4c 24 68       	mov    r9,QWORD PTR [rsp+0x68]
    2a3b:	45 31 d2             	xor    r10d,r10d
    2a3e:	62 d2 fd 28 7c fd    	vpbroadcastq ymm7,r13
    2a44:	48 8b 5c 24 18       	mov    rbx,QWORD PTR [rsp+0x18]
    2a49:	4c 89 7c 24 40       	mov    QWORD PTR [rsp+0x40],r15
    2a4e:	4d 8d 1c fe          	lea    r11,[r14+rdi*8]
    2a52:	c5 f9 6e f2          	vmovd  xmm6,edx
    2a56:	4d 29 c8             	sub    r8,r9
    2a59:	48 89 7c 24 38       	mov    QWORD PTR [rsp+0x38],rdi
    2a5e:	4c 8b 30             	mov    r14,QWORD PTR [rax]
    2a61:	4c 89 44 24 60       	mov    QWORD PTR [rsp+0x60],r8
    2a66:	48 8b 1b             	mov    rbx,QWORD PTR [rbx]
    2a69:	0f 1f 80 00 00 00 00 	nop    DWORD PTR [rax+0x0]
    2a70:	4a 8b 3c d3          	mov    rdi,QWORD PTR [rbx+r10*8]
    2a74:	4f 8b 3c d6          	mov    r15,QWORD PTR [r14+r10*8]
    2a78:	49 8b 03             	mov    rax,QWORD PTR [r11]
    2a7b:	83 bc 24 94 00 00 00 	cmp    DWORD PTR [rsp+0x94],0x1
    2a82:	01
    2a83:	4c 8b 0f             	mov    r9,QWORD PTR [rdi]
    2a86:	4d 8b 07             	mov    r8,QWORD PTR [r15]
    2a89:	48 8b 38             	mov    rdi,QWORD PTR [rax]
    2a8c:	0f 84 9e 0a 00 00    	je     3530 <mat_trgsw_mul_pvmtmlwe_sub_DFT+0xd70>
    2a92:	4d 8d 78 08          	lea    r15,[r8+0x8]
    2a96:	48 89 f8             	mov    rax,rdi
    2a99:	4c 29 f8             	sub    rax,r15
    2a9c:	48 83 f8 10          	cmp    rax,0x10
    2aa0:	0f 86 6a 06 00 00    	jbe    3110 <mat_trgsw_mul_pvmtmlwe_sub_DFT+0x950>
    2aa6:	4d 8d 79 08          	lea    r15,[r9+0x8]
    2aaa:	48 89 f8             	mov    rax,rdi
    2aad:	4c 29 f8             	sub    rax,r15
    2ab0:	48 83 f8 10          	cmp    rax,0x10
    2ab4:	0f 86 56 06 00 00    	jbe    3110 <mat_trgsw_mul_pvmtmlwe_sub_DFT+0x950>
    2aba:	48 83 7c 24 70 02    	cmp    QWORD PTR [rsp+0x70],0x2
    2ac0:	0f 86 a6 0a 00 00    	jbe    356c <mat_trgsw_mul_pvmtmlwe_sub_DFT+0xdac>
    2ac6:	4c 8b bc 24 98 00 00 	mov    r15,QWORD PTR [rsp+0x98]
    2acd:	00
    2ace:	31 c0                	xor    eax,eax
    2ad0:	c5 79 6f c6          	vmovdqa xmm8,xmm6
    2ad4:	49 83 ef 20          	sub    r15,0x20
    2ad8:	49 c1 ef 05          	shr    r15,0x5
    2adc:	49 ff c7             	inc    r15
    2adf:	41 83 e7 03          	and    r15d,0x3
    2ae3:	74 7b                	je     2b60 <mat_trgsw_mul_pvmtmlwe_sub_DFT+0x3a0>
    2ae5:	49 83 ff 01          	cmp    r15,0x1
    2ae9:	74 46                	je     2b31 <mat_trgsw_mul_pvmtmlwe_sub_DFT+0x371>
    2aeb:	49 83 ff 02          	cmp    r15,0x2
    2aef:	74 1f                	je     2b10 <mat_trgsw_mul_pvmtmlwe_sub_DFT+0x350>
    2af1:	c4 c1 6d d4 00       	vpaddq ymm0,ymm2,YMMWORD PTR [r8]
    2af6:	b8 20 00 00 00       	mov    eax,0x20
    2afb:	c4 41 7d fb 09       	vpsubq ymm9,ymm0,YMMWORD PTR [r9]
    2b00:	c5 35 d3 d6          	vpsrlq ymm10,ymm9,xmm6
    2b04:	c5 2d db d9          	vpand  ymm11,ymm10,ymm1
    2b08:	c5 25 fb e7          	vpsubq ymm12,ymm11,ymm7
    2b0c:	c5 7e 7f 27          	vmovdqu YMMWORD PTR [rdi],ymm12
    2b10:	c4 41 6d d4 2c 00    	vpaddq ymm13,ymm2,YMMWORD PTR [r8+rax*1]
    2b16:	c4 41 15 fb 34 01    	vpsubq ymm14,ymm13,YMMWORD PTR [r9+rax*1]
    2b1c:	c5 0d d3 fe          	vpsrlq ymm15,ymm14,xmm6
    2b20:	c5 85 db c1          	vpand  ymm0,ymm15,ymm1
    2b24:	c5 7d fb cf          	vpsubq ymm9,ymm0,ymm7
    2b28:	c5 7e 7f 0c 07       	vmovdqu YMMWORD PTR [rdi+rax*1],ymm9
    2b2d:	48 83 c0 20          	add    rax,0x20
    2b31:	c4 41 6d d4 14 00    	vpaddq ymm10,ymm2,YMMWORD PTR [r8+rax*1]
    2b37:	c4 41 2d fb 1c 01    	vpsubq ymm11,ymm10,YMMWORD PTR [r9+rax*1]
    2b3d:	c5 25 d3 e6          	vpsrlq ymm12,ymm11,xmm6
    2b41:	c5 1d db e9          	vpand  ymm13,ymm12,ymm1
    2b45:	c5 15 fb f7          	vpsubq ymm14,ymm13,ymm7
    2b49:	c5 7e 7f 34 07       	vmovdqu YMMWORD PTR [rdi+rax*1],ymm14
    2b4e:	48 83 c0 20          	add    rax,0x20
    2b52:	48 39 84 24 98 00 00 	cmp    QWORD PTR [rsp+0x98],rax
    2b59:	00
    2b5a:	0f 84 8f 00 00 00    	je     2bef <mat_trgsw_mul_pvmtmlwe_sub_DFT+0x42f>
    2b60:	c4 41 6d d4 3c 00    	vpaddq ymm15,ymm2,YMMWORD PTR [r8+rax*1]
    2b66:	c4 c1 05 fb 04 01    	vpsubq ymm0,ymm15,YMMWORD PTR [r9+rax*1]
    2b6c:	c5 7d d3 ce          	vpsrlq ymm9,ymm0,xmm6
    2b70:	c5 35 db d1          	vpand  ymm10,ymm9,ymm1
    2b74:	c5 2d fb df          	vpsubq ymm11,ymm10,ymm7
    2b78:	c5 7e 7f 1c 07       	vmovdqu YMMWORD PTR [rdi+rax*1],ymm11
    2b7d:	c4 41 6d d4 64 00 20 	vpaddq ymm12,ymm2,YMMWORD PTR [r8+rax*1+0x20]
    2b84:	c4 41 1d fb 6c 01 20 	vpsubq ymm13,ymm12,YMMWORD PTR [r9+rax*1+0x20]
    2b8b:	c5 15 d3 f6          	vpsrlq ymm14,ymm13,xmm6
    2b8f:	c5 0d db f9          	vpand  ymm15,ymm14,ymm1
    2b93:	c5 85 fb c7          	vpsubq ymm0,ymm15,ymm7
    2b97:	c5 fe 7f 44 07 20    	vmovdqu YMMWORD PTR [rdi+rax*1+0x20],ymm0
    2b9d:	c4 41 6d d4 4c 00 40 	vpaddq ymm9,ymm2,YMMWORD PTR [r8+rax*1+0x40]
    2ba4:	c4 41 35 fb 54 01 40 	vpsubq ymm10,ymm9,YMMWORD PTR [r9+rax*1+0x40]
    2bab:	c5 2d d3 de          	vpsrlq ymm11,ymm10,xmm6
    2baf:	c5 25 db e1          	vpand  ymm12,ymm11,ymm1
    2bb3:	c5 1d fb ef          	vpsubq ymm13,ymm12,ymm7
    2bb7:	c5 7e 7f 6c 07 40    	vmovdqu YMMWORD PTR [rdi+rax*1+0x40],ymm13
    2bbd:	c4 41 6d d4 74 00 60 	vpaddq ymm14,ymm2,YMMWORD PTR [r8+rax*1+0x60]
    2bc4:	c4 41 0d fb 7c 01 60 	vpsubq ymm15,ymm14,YMMWORD PTR [r9+rax*1+0x60]
    2bcb:	c5 85 d3 c6          	vpsrlq ymm0,ymm15,xmm6
    2bcf:	c5 7d db c9          	vpand  ymm9,ymm0,ymm1
    2bd3:	c5 35 fb d7          	vpsubq ymm10,ymm9,ymm7
    2bd7:	c5 7e 7f 54 07 60    	vmovdqu YMMWORD PTR [rdi+rax*1+0x60],ymm10
    2bdd:	48 83 e8 80          	sub    rax,0xffffffffffffff80
    2be1:	48 39 84 24 98 00 00 	cmp    QWORD PTR [rsp+0x98],rax
    2be8:	00
    2be9:	0f 85 71 ff ff ff    	jne    2b60 <mat_trgsw_mul_pvmtmlwe_sub_DFT+0x3a0>
    2bef:	44 8b bc 24 90 00 00 	mov    r15d,DWORD PTR [rsp+0x90]
    2bf6:	00
    2bf7:	45 85 ff             	test   r15d,r15d
    2bfa:	74 5b                	je     2c57 <mat_trgsw_mul_pvmtmlwe_sub_DFT+0x497>
    2bfc:	4c 8b 7c 24 60       	mov    r15,QWORD PTR [rsp+0x60]
    2c01:	4c 89 f8             	mov    rax,r15
    2c04:	49 83 ff 01          	cmp    r15,0x1
    2c08:	0f 84 7c 09 00 00    	je     358a <mat_trgsw_mul_pvmtmlwe_sub_DFT+0xdca>
    2c0e:	4c 8b 7c 24 68       	mov    r15,QWORD PTR [rsp+0x68]
    2c13:	c4 01 51 d4 1c f8    	vpaddq xmm11,xmm5,XMMWORD PTR [r8+r15*8]
    2c19:	c4 01 21 fb 24 f9    	vpsubq xmm12,xmm11,XMMWORD PTR [r9+r15*8]
    2c1f:	c4 41 19 d3 c0       	vpsrlq xmm8,xmm12,xmm8
    2c24:	c5 39 db ec          	vpand  xmm13,xmm8,xmm4
    2c28:	c5 11 fb f3          	vpsubq xmm14,xmm13,xmm3
    2c2c:	c4 21 7a 7f 34 ff    	vmovdqu XMMWORD PTR [rdi+r15*8],xmm14
    2c32:	a8 01                	test   al,0x1
    2c34:	74 21                	je     2c57 <mat_trgsw_mul_pvmtmlwe_sub_DFT+0x497>
    2c36:	48 83 e0 fe          	and    rax,0xfffffffffffffffe
    2c3a:	4c 01 f8             	add    rax,r15
    2c3d:	4d 8b 04 c0          	mov    r8,QWORD PTR [r8+rax*8]
    2c41:	49 01 c8             	add    r8,rcx
    2c44:	4d 2b 04 c1          	sub    r8,QWORD PTR [r9+rax*8]
    2c48:	c4 42 eb f7 c8       	shrx   r9,r8,rdx
    2c4d:	49 21 f1             	and    r9,rsi
    2c50:	4d 29 e9             	sub    r9,r13
    2c53:	4c 89 0c c7          	mov    QWORD PTR [rdi+rax*8],r9
    2c57:	48 8b bc 24 88 00 00 	mov    rdi,QWORD PTR [rsp+0x88]
    2c5e:	00
    2c5f:	4c 8b 44 24 78       	mov    r8,QWORD PTR [rsp+0x78]
    2c64:	49 ff c2             	inc    r10
    2c67:	49 01 fb             	add    r11,rdi
    2c6a:	4d 39 c2             	cmp    r10,r8
    2c6d:	0f 85 fd fd ff ff    	jne    2a70 <mat_trgsw_mul_pvmtmlwe_sub_DFT+0x2b0>
    2c73:	44 8b 4c 24 24       	mov    r9d,DWORD PTR [rsp+0x24]
    2c78:	4c 8b 7c 24 40       	mov    r15,QWORD PTR [rsp+0x40]
    2c7d:	48 8b 7c 24 38       	mov    rdi,QWORD PTR [rsp+0x38]
    2c82:	45 85 c9             	test   r9d,r9d
    2c85:	0f 84 5e 02 00 00    	je     2ee9 <mat_trgsw_mul_pvmtmlwe_sub_DFT+0x729>
    2c8b:	44 8b b4 24 94 00 00 	mov    r14d,DWORD PTR [rsp+0x94]
    2c92:	00
    2c93:	4c 8b 4c 24 68       	mov    r9,QWORD PTR [rsp+0x68]
    2c98:	4d 89 e0             	mov    r8,r12
    2c9b:	48 89 7c 24 40       	mov    QWORD PTR [rsp+0x40],rdi
    2ca0:	48 8b 5c 24 58       	mov    rbx,QWORD PTR [rsp+0x58]
    2ca5:	4c 8b 54 24 48       	mov    r10,QWORD PTR [rsp+0x48]
    2caa:	62 d2 fd 28 7c fd    	vpbroadcastq ymm7,r13
    2cb0:	c5 f9 6e f2          	vmovd  xmm6,edx
    2cb4:	41 83 e6 03          	and    r14d,0x3
    2cb8:	4d 29 c8             	sub    r8,r9
    2cbb:	48 8b 44 24 50       	mov    rax,QWORD PTR [rsp+0x50]
    2cc0:	44 89 b4 24 90 00 00 	mov    DWORD PTR [rsp+0x90],r14d
    2cc7:	00
    2cc8:	4c 89 44 24 60       	mov    QWORD PTR [rsp+0x60],r8
    2ccd:	4c 8d 1c d8          	lea    r11,[rax+rbx*8]
    2cd1:	49 8b 5a 08          	mov    rbx,QWORD PTR [r10+0x8]
    2cd5:	45 31 d2             	xor    r10d,r10d
    2cd8:	0f 1f 84 00 00 00 00 	nop    DWORD PTR [rax+rax*1+0x0]
    2cdf:	00
    2ce0:	4a 8b 3c 13          	mov    rdi,QWORD PTR [rbx+r10*1]
    2ce4:	4b 8b 04 17          	mov    rax,QWORD PTR [r15+r10*1]
    2ce8:	4d 8b 33             	mov    r14,QWORD PTR [r11]
    2ceb:	83 bc 24 94 00 00 00 	cmp    DWORD PTR [rsp+0x94],0x1
    2cf2:	01
    2cf3:	4c 8b 0f             	mov    r9,QWORD PTR [rdi]
    2cf6:	4c 8b 00             	mov    r8,QWORD PTR [rax]
    2cf9:	49 8b 3e             	mov    rdi,QWORD PTR [r14]
    2cfc:	0f 84 4e 08 00 00    	je     3550 <mat_trgsw_mul_pvmtmlwe_sub_DFT+0xd90>
    2d02:	4d 8d 70 08          	lea    r14,[r8+0x8]
    2d06:	48 89 f8             	mov    rax,rdi
    2d09:	4c 29 f0             	sub    rax,r14
    2d0c:	48 83 f8 10          	cmp    rax,0x10
    2d10:	0f 86 0a 06 00 00    	jbe    3320 <mat_trgsw_mul_pvmtmlwe_sub_DFT+0xb60>
    2d16:	4d 8d 71 08          	lea    r14,[r9+0x8]
    2d1a:	48 89 f8             	mov    rax,rdi
    2d1d:	4c 29 f0             	sub    rax,r14
    2d20:	48 83 f8 10          	cmp    rax,0x10
    2d24:	0f 86 f6 05 00 00    	jbe    3320 <mat_trgsw_mul_pvmtmlwe_sub_DFT+0xb60>
    2d2a:	48 83 7c 24 70 02    	cmp    QWORD PTR [rsp+0x70],0x2
    2d30:	0f 86 45 08 00 00    	jbe    357b <mat_trgsw_mul_pvmtmlwe_sub_DFT+0xdbb>
    2d36:	4c 8b b4 24 98 00 00 	mov    r14,QWORD PTR [rsp+0x98]
    2d3d:	00
    2d3e:	31 c0                	xor    eax,eax
    2d40:	c5 79 6f fe          	vmovdqa xmm15,xmm6
    2d44:	49 83 ee 20          	sub    r14,0x20
    2d48:	49 c1 ee 05          	shr    r14,0x5
    2d4c:	49 ff c6             	inc    r14
    2d4f:	41 83 e6 03          	and    r14d,0x3
    2d53:	74 7b                	je     2dd0 <mat_trgsw_mul_pvmtmlwe_sub_DFT+0x610>
    2d55:	49 83 fe 01          	cmp    r14,0x1
    2d59:	74 46                	je     2da1 <mat_trgsw_mul_pvmtmlwe_sub_DFT+0x5e1>
    2d5b:	49 83 fe 02          	cmp    r14,0x2
    2d5f:	74 1f                	je     2d80 <mat_trgsw_mul_pvmtmlwe_sub_DFT+0x5c0>
    2d61:	c4 c1 6d d4 01       	vpaddq ymm0,ymm2,YMMWORD PTR [r9]
    2d66:	b8 20 00 00 00       	mov    eax,0x20
    2d6b:	c4 41 7d fb 08       	vpsubq ymm9,ymm0,YMMWORD PTR [r8]
    2d70:	c5 35 d3 d6          	vpsrlq ymm10,ymm9,xmm6
    2d74:	c5 2d db d9          	vpand  ymm11,ymm10,ymm1
    2d78:	c5 25 fb e7          	vpsubq ymm12,ymm11,ymm7
    2d7c:	c5 7e 7f 27          	vmovdqu YMMWORD PTR [rdi],ymm12
    2d80:	c4 41 6d d4 04 01    	vpaddq ymm8,ymm2,YMMWORD PTR [r9+rax*1]
    2d86:	c4 41 3d fb 2c 00    	vpsubq ymm13,ymm8,YMMWORD PTR [r8+rax*1]
    2d8c:	c5 15 d3 f6          	vpsrlq ymm14,ymm13,xmm6
    2d90:	c5 8d db c1          	vpand  ymm0,ymm14,ymm1
    2d94:	c5 7d fb cf          	vpsubq ymm9,ymm0,ymm7
    2d98:	c5 7e 7f 0c 07       	vmovdqu YMMWORD PTR [rdi+rax*1],ymm9
    2d9d:	48 83 c0 20          	add    rax,0x20
    2da1:	c4 41 6d d4 14 01    	vpaddq ymm10,ymm2,YMMWORD PTR [r9+rax*1]
    2da7:	c4 41 2d fb 1c 00    	vpsubq ymm11,ymm10,YMMWORD PTR [r8+rax*1]
    2dad:	c5 25 d3 e6          	vpsrlq ymm12,ymm11,xmm6
    2db1:	c5 1d db c1          	vpand  ymm8,ymm12,ymm1
    2db5:	c5 3d fb ef          	vpsubq ymm13,ymm8,ymm7
    2db9:	c5 7e 7f 2c 07       	vmovdqu YMMWORD PTR [rdi+rax*1],ymm13
    2dbe:	48 83 c0 20          	add    rax,0x20
    2dc2:	48 39 84 24 98 00 00 	cmp    QWORD PTR [rsp+0x98],rax
    2dc9:	00
    2dca:	0f 84 8f 00 00 00    	je     2e5f <mat_trgsw_mul_pvmtmlwe_sub_DFT+0x69f>
    2dd0:	c4 41 6d d4 34 01    	vpaddq ymm14,ymm2,YMMWORD PTR [r9+rax*1]
    2dd6:	c4 c1 0d fb 04 00    	vpsubq ymm0,ymm14,YMMWORD PTR [r8+rax*1]
    2ddc:	c5 7d d3 ce          	vpsrlq ymm9,ymm0,xmm6
    2de0:	c5 35 db d1          	vpand  ymm10,ymm9,ymm1
    2de4:	c5 2d fb df          	vpsubq ymm11,ymm10,ymm7
    2de8:	c5 7e 7f 1c 07       	vmovdqu YMMWORD PTR [rdi+rax*1],ymm11
    2ded:	c4 41 6d d4 64 01 20 	vpaddq ymm12,ymm2,YMMWORD PTR [r9+rax*1+0x20]
    2df4:	c4 41 1d fb 44 00 20 	vpsubq ymm8,ymm12,YMMWORD PTR [r8+rax*1+0x20]
    2dfb:	c5 3d d3 ee          	vpsrlq ymm13,ymm8,xmm6
    2dff:	c5 15 db f1          	vpand  ymm14,ymm13,ymm1
    2e03:	c5 8d fb c7          	vpsubq ymm0,ymm14,ymm7
    2e07:	c5 fe 7f 44 07 20    	vmovdqu YMMWORD PTR [rdi+rax*1+0x20],ymm0
    2e0d:	c4 41 6d d4 4c 01 40 	vpaddq ymm9,ymm2,YMMWORD PTR [r9+rax*1+0x40]
    2e14:	c4 41 35 fb 54 00 40 	vpsubq ymm10,ymm9,YMMWORD PTR [r8+rax*1+0x40]
    2e1b:	c5 2d d3 de          	vpsrlq ymm11,ymm10,xmm6
    2e1f:	c5 25 db e1          	vpand  ymm12,ymm11,ymm1
    2e23:	c5 1d fb c7          	vpsubq ymm8,ymm12,ymm7
    2e27:	c5 7e 7f 44 07 40    	vmovdqu YMMWORD PTR [rdi+rax*1+0x40],ymm8
    2e2d:	c4 41 6d d4 6c 01 60 	vpaddq ymm13,ymm2,YMMWORD PTR [r9+rax*1+0x60]
    2e34:	c4 41 15 fb 74 00 60 	vpsubq ymm14,ymm13,YMMWORD PTR [r8+rax*1+0x60]
    2e3b:	c5 8d d3 c6          	vpsrlq ymm0,ymm14,xmm6
    2e3f:	c5 7d db c9          	vpand  ymm9,ymm0,ymm1
    2e43:	c5 35 fb d7          	vpsubq ymm10,ymm9,ymm7
    2e47:	c5 7e 7f 54 07 60    	vmovdqu YMMWORD PTR [rdi+rax*1+0x60],ymm10
    2e4d:	48 83 e8 80          	sub    rax,0xffffffffffffff80
    2e51:	48 39 84 24 98 00 00 	cmp    QWORD PTR [rsp+0x98],rax
    2e58:	00
    2e59:	0f 85 71 ff ff ff    	jne    2dd0 <mat_trgsw_mul_pvmtmlwe_sub_DFT+0x610>
    2e5f:	44 8b b4 24 90 00 00 	mov    r14d,DWORD PTR [rsp+0x90]
    2e66:	00
    2e67:	45 85 f6             	test   r14d,r14d
    2e6a:	74 5b                	je     2ec7 <mat_trgsw_mul_pvmtmlwe_sub_DFT+0x707>
    2e6c:	4c 8b 74 24 60       	mov    r14,QWORD PTR [rsp+0x60]
    2e71:	4c 89 f0             	mov    rax,r14
    2e74:	49 83 fe 01          	cmp    r14,0x1
    2e78:	0f 84 16 07 00 00    	je     3594 <mat_trgsw_mul_pvmtmlwe_sub_DFT+0xdd4>
    2e7e:	4c 8b 74 24 68       	mov    r14,QWORD PTR [rsp+0x68]
    2e83:	c4 01 51 d4 1c f1    	vpaddq xmm11,xmm5,XMMWORD PTR [r9+r14*8]
    2e89:	c4 01 21 fb 24 f0    	vpsubq xmm12,xmm11,XMMWORD PTR [r8+r14*8]
    2e8f:	c4 41 19 d3 ff       	vpsrlq xmm15,xmm12,xmm15
    2e94:	c5 01 db c4          	vpand  xmm8,xmm15,xmm4
    2e98:	c5 39 fb eb          	vpsubq xmm13,xmm8,xmm3
    2e9c:	c4 21 7a 7f 2c f7    	vmovdqu XMMWORD PTR [rdi+r14*8],xmm13
    2ea2:	a8 01                	test   al,0x1
    2ea4:	74 21                	je     2ec7 <mat_trgsw_mul_pvmtmlwe_sub_DFT+0x707>
    2ea6:	48 83 e0 fe          	and    rax,0xfffffffffffffffe
    2eaa:	4c 01 f0             	add    rax,r14
    2ead:	4d 8b 0c c1          	mov    r9,QWORD PTR [r9+rax*8]
    2eb1:	49 01 c9             	add    r9,rcx
    2eb4:	4d 2b 0c c0          	sub    r9,QWORD PTR [r8+rax*8]
    2eb8:	c4 42 eb f7 c1       	shrx   r8,r9,rdx
    2ebd:	49 21 f0             	and    r8,rsi
    2ec0:	4d 29 e8             	sub    r8,r13
    2ec3:	4c 89 04 c7          	mov    QWORD PTR [rdi+rax*8],r8
    2ec7:	48 8b bc 24 88 00 00 	mov    rdi,QWORD PTR [rsp+0x88]
    2ece:	00
    2ecf:	49 83 c2 08          	add    r10,0x8
    2ed3:	49 01 fb             	add    r11,rdi
    2ed6:	4c 39 94 24 80 00 00 	cmp    QWORD PTR [rsp+0x80],r10
    2edd:	00
    2ede:	0f 85 fc fd ff ff    	jne    2ce0 <mat_trgsw_mul_pvmtmlwe_sub_DFT+0x520>
    2ee4:	48 8b 7c 24 40       	mov    rdi,QWORD PTR [rsp+0x40]
    2ee9:	44 8b 4c 24 28       	mov    r9d,DWORD PTR [rsp+0x28]
    2eee:	48 ff c7             	inc    rdi
    2ef1:	48 ff 44 24 58       	inc    QWORD PTR [rsp+0x58]
    2ef6:	44 01 ca             	add    edx,r9d
    2ef9:	48 39 7c 24 30       	cmp    QWORD PTR [rsp+0x30],rdi
    2efe:	0f 85 fc fa ff ff    	jne    2a00 <mat_trgsw_mul_pvmtmlwe_sub_DFT+0x240>
    2f04:	4c 63 64 24 20       	movsxd r12,DWORD PTR [rsp+0x20]
    2f09:	48 8b 74 24 50       	mov    rsi,QWORD PTR [rsp+0x50]
    2f0e:	48 8b 1c 24          	mov    rbx,QWORD PTR [rsp]
    2f12:	45 85 e4             	test   r12d,r12d
    2f15:	0f 84 d9 06 00 00    	je     35f4 <mat_trgsw_mul_pvmtmlwe_sub_DFT+0xe34>
    2f1b:	4d 8d 6c 24 ff       	lea    r13,[r12-0x1]
    2f20:	45 31 f6             	xor    r14d,r14d
    2f23:	41 83 e5 07          	and    r13d,0x7
    2f27:	0f 84 bf 06 00 00    	je     35ec <mat_trgsw_mul_pvmtmlwe_sub_DFT+0xe2c>
    2f2d:	4c 8b 43 08          	mov    r8,QWORD PTR [rbx+0x8]
    2f31:	4a 8b 34 36          	mov    rsi,QWORD PTR [rsi+r14*1]
    2f35:	4b 8b 3c 30          	mov    rdi,QWORD PTR [r8+r14*1]
    2f39:	c5 f8 77             	vzeroupper
    2f3c:	41 be 01 00 00 00    	mov    r14d,0x1
    2f42:	e8 00 00 00 00       	call   2f47 <mat_trgsw_mul_pvmtmlwe_sub_DFT+0x787>
    2f47:	48 8b 33             	mov    rsi,QWORD PTR [rbx]
    2f4a:	49 83 fd 01          	cmp    r13,0x1
    2f4e:	0f 84 73 01 00 00    	je     30c7 <mat_trgsw_mul_pvmtmlwe_sub_DFT+0x907>
    2f54:	49 83 fd 02          	cmp    r13,0x2
    2f58:	0f 84 98 00 00 00    	je     2ff6 <mat_trgsw_mul_pvmtmlwe_sub_DFT+0x836>
    2f5e:	49 83 fd 03          	cmp    r13,0x3
    2f62:	74 73                	je     2fd7 <mat_trgsw_mul_pvmtmlwe_sub_DFT+0x817>
    2f64:	49 83 fd 04          	cmp    r13,0x4
    2f68:	74 4e                	je     2fb8 <mat_trgsw_mul_pvmtmlwe_sub_DFT+0x7f8>
    2f6a:	49 83 fd 05          	cmp    r13,0x5
    2f6e:	74 29                	je     2f99 <mat_trgsw_mul_pvmtmlwe_sub_DFT+0x7d9>
    2f70:	49 83 fd 06          	cmp    r13,0x6
    2f74:	0f 85 4e 06 00 00    	jne    35c8 <mat_trgsw_mul_pvmtmlwe_sub_DFT+0xe08>
    2f7a:	4c 8b 53 08          	mov    r10,QWORD PTR [rbx+0x8]
    2f7e:	4a 8d 0c f5 00 00 00 	lea    rcx,[r14*8+0x0]
    2f85:	00
    2f86:	49 ff c6             	inc    r14
    2f89:	48 8b 34 0e          	mov    rsi,QWORD PTR [rsi+rcx*1]
    2f8d:	49 8b 3c 0a          	mov    rdi,QWORD PTR [r10+rcx*1]
    2f91:	e8 00 00 00 00       	call   2f96 <mat_trgsw_mul_pvmtmlwe_sub_DFT+0x7d6>
    2f96:	48 8b 33             	mov    rsi,QWORD PTR [rbx]
    2f99:	48 8b 7b 08          	mov    rdi,QWORD PTR [rbx+0x8]
    2f9d:	4e 8d 1c f5 00 00 00 	lea    r11,[r14*8+0x0]
    2fa4:	00
    2fa5:	49 ff c6             	inc    r14
    2fa8:	4a 8b 34 1e          	mov    rsi,QWORD PTR [rsi+r11*1]
    2fac:	4a 8b 3c 1f          	mov    rdi,QWORD PTR [rdi+r11*1]
    2fb0:	e8 00 00 00 00       	call   2fb5 <mat_trgsw_mul_pvmtmlwe_sub_DFT+0x7f5>
    2fb5:	48 8b 33             	mov    rsi,QWORD PTR [rbx]
    2fb8:	4c 8b 7b 08          	mov    r15,QWORD PTR [rbx+0x8]
    2fbc:	4e 8d 0c f5 00 00 00 	lea    r9,[r14*8+0x0]
    2fc3:	00
    2fc4:	49 ff c6             	inc    r14
    2fc7:	4a 8b 34 0e          	mov    rsi,QWORD PTR [rsi+r9*1]
    2fcb:	4b 8b 3c 0f          	mov    rdi,QWORD PTR [r15+r9*1]
    2fcf:	e8 00 00 00 00       	call   2fd4 <mat_trgsw_mul_pvmtmlwe_sub_DFT+0x814>
    2fd4:	48 8b 33             	mov    rsi,QWORD PTR [rbx]
    2fd7:	4c 8b 43 08          	mov    r8,QWORD PTR [rbx+0x8]
    2fdb:	4e 8d 2c f5 00 00 00 	lea    r13,[r14*8+0x0]
    2fe2:	00
    2fe3:	49 ff c6             	inc    r14
    2fe6:	4a 8b 34 2e          	mov    rsi,QWORD PTR [rsi+r13*1]
    2fea:	4b 8b 3c 28          	mov    rdi,QWORD PTR [r8+r13*1]
    2fee:	e8 00 00 00 00       	call   2ff3 <mat_trgsw_mul_pvmtmlwe_sub_DFT+0x833>
    2ff3:	48 8b 33             	mov    rsi,QWORD PTR [rbx]
    2ff6:	48 8b 53 08          	mov    rdx,QWORD PTR [rbx+0x8]
    2ffa:	4a 8d 04 f5 00 00 00 	lea    rax,[r14*8+0x0]
    3001:	00
    3002:	49 ff c6             	inc    r14
    3005:	48 8b 34 06          	mov    rsi,QWORD PTR [rsi+rax*1]
    3009:	48 8b 3c 02          	mov    rdi,QWORD PTR [rdx+rax*1]
    300d:	e8 00 00 00 00       	call   3012 <mat_trgsw_mul_pvmtmlwe_sub_DFT+0x852>
    3012:	48 8b 33             	mov    rsi,QWORD PTR [rbx]
    3015:	e9 ad 00 00 00       	jmp    30c7 <mat_trgsw_mul_pvmtmlwe_sub_DFT+0x907>
    301a:	4c 8b 1b             	mov    r11,QWORD PTR [rbx]
    301d:	48 8b 7b 08          	mov    rdi,QWORD PTR [rbx+0x8]
    3021:	4b 8b 34 d3          	mov    rsi,QWORD PTR [r11+r10*8]
    3025:	4a 8b 3c d7          	mov    rdi,QWORD PTR [rdi+r10*8]
    3029:	e8 00 00 00 00       	call   302e <mat_trgsw_mul_pvmtmlwe_sub_DFT+0x86e>
    302e:	4c 8b 3b             	mov    r15,QWORD PTR [rbx]
    3031:	4c 8b 6b 08          	mov    r13,QWORD PTR [rbx+0x8]
    3035:	4d 8d 4e 02          	lea    r9,[r14+0x2]
    3039:	4b 8b 34 cf          	mov    rsi,QWORD PTR [r15+r9*8]
    303d:	4b 8b 7c cd 00       	mov    rdi,QWORD PTR [r13+r9*8+0x0]
    3042:	4d 8d 7e 06          	lea    r15,[r14+0x6]
    3046:	e8 00 00 00 00       	call   304b <mat_trgsw_mul_pvmtmlwe_sub_DFT+0x88b>
    304b:	48 8b 03             	mov    rax,QWORD PTR [rbx]
    304e:	48 8b 53 08          	mov    rdx,QWORD PTR [rbx+0x8]
    3052:	4d 8d 46 03          	lea    r8,[r14+0x3]
    3056:	4a 8b 34 c0          	mov    rsi,QWORD PTR [rax+r8*8]
    305a:	4a 8b 3c c2          	mov    rdi,QWORD PTR [rdx+r8*8]
    305e:	e8 00 00 00 00       	call   3063 <mat_trgsw_mul_pvmtmlwe_sub_DFT+0x8a3>
    3063:	4c 8b 53 08          	mov    r10,QWORD PTR [rbx+0x8]
    3067:	48 8b 33             	mov    rsi,QWORD PTR [rbx]
    306a:	49 8d 4e 04          	lea    rcx,[r14+0x4]
    306e:	49 8b 3c ca          	mov    rdi,QWORD PTR [r10+rcx*8]
    3072:	48 8b 34 ce          	mov    rsi,QWORD PTR [rsi+rcx*8]
    3076:	e8 00 00 00 00       	call   307b <mat_trgsw_mul_pvmtmlwe_sub_DFT+0x8bb>
    307b:	4c 8b 4b 08          	mov    r9,QWORD PTR [rbx+0x8]
    307f:	48 8b 3b             	mov    rdi,QWORD PTR [rbx]
    3082:	4d 8d 5e 05          	lea    r11,[r14+0x5]
    3086:	4a 8b 34 df          	mov    rsi,QWORD PTR [rdi+r11*8]
    308a:	4b 8b 3c d9          	mov    rdi,QWORD PTR [r9+r11*8]
    308e:	e8 00 00 00 00       	call   3093 <mat_trgsw_mul_pvmtmlwe_sub_DFT+0x8d3>
    3093:	4c 8b 43 08          	mov    r8,QWORD PTR [rbx+0x8]
    3097:	4c 8b 2b             	mov    r13,QWORD PTR [rbx]
    309a:	4b 8b 3c f8          	mov    rdi,QWORD PTR [r8+r15*8]
    309e:	4b 8b 74 fd 00       	mov    rsi,QWORD PTR [r13+r15*8+0x0]
    30a3:	e8 00 00 00 00       	call   30a8 <mat_trgsw_mul_pvmtmlwe_sub_DFT+0x8e8>
    30a8:	48 8b 13             	mov    rdx,QWORD PTR [rbx]
    30ab:	48 8b 4b 08          	mov    rcx,QWORD PTR [rbx+0x8]
    30af:	49 8d 46 07          	lea    rax,[r14+0x7]
    30b3:	49 83 c6 08          	add    r14,0x8
    30b7:	48 8b 34 c2          	mov    rsi,QWORD PTR [rdx+rax*8]
    30bb:	48 8b 3c c1          	mov    rdi,QWORD PTR [rcx+rax*8]
    30bf:	e8 00 00 00 00       	call   30c4 <mat_trgsw_mul_pvmtmlwe_sub_DFT+0x904>
    30c4:	48 8b 33             	mov    rsi,QWORD PTR [rbx]
    30c7:	48 8b 4b 08          	mov    rcx,QWORD PTR [rbx+0x8]
    30cb:	4a 8b 34 f6          	mov    rsi,QWORD PTR [rsi+r14*8]
    30cf:	4a 8b 3c f1          	mov    rdi,QWORD PTR [rcx+r14*8]
    30d3:	e8 00 00 00 00       	call   30d8 <mat_trgsw_mul_pvmtmlwe_sub_DFT+0x918>
    30d8:	4d 8d 56 01          	lea    r10,[r14+0x1]
    30dc:	4d 39 e2             	cmp    r10,r12
    30df:	0f 85 35 ff ff ff    	jne    301a <mat_trgsw_mul_pvmtmlwe_sub_DFT+0x85a>
    30e5:	48 8b 53 08          	mov    rdx,QWORD PTR [rbx+0x8]
    30e9:	48 8b 74 24 08       	mov    rsi,QWORD PTR [rsp+0x8]
    30ee:	48 8b 7c 24 10       	mov    rdi,QWORD PTR [rsp+0x10]
    30f3:	48 8d 65 d8          	lea    rsp,[rbp-0x28]
    30f7:	5b                   	pop    rbx
    30f8:	41 5c                	pop    r12
    30fa:	41 5d                	pop    r13
    30fc:	41 5e                	pop    r14
    30fe:	41 5f                	pop    r15
    3100:	5d                   	pop    rbp
    3101:	e9 fa ce ff ff       	jmp    0 <mat_trgsw_mul_pvmtmlwe_DFT_from_dec>
    3106:	66 2e 0f 1f 84 00 00 	cs nop WORD PTR [rax+rax*1+0x0]
    310d:	00 00 00
    3110:	4d 89 e7             	mov    r15,r12
    3113:	31 c0                	xor    eax,eax
    3115:	41 83 e7 07          	and    r15d,0x7
    3119:	0f 84 03 01 00 00    	je     3222 <mat_trgsw_mul_pvmtmlwe_sub_DFT+0xa62>
    311f:	49 83 ff 01          	cmp    r15,0x1
    3123:	0f 84 d3 00 00 00    	je     31fc <mat_trgsw_mul_pvmtmlwe_sub_DFT+0xa3c>
    3129:	49 83 ff 02          	cmp    r15,0x2
    312d:	0f 84 ac 00 00 00    	je     31df <mat_trgsw_mul_pvmtmlwe_sub_DFT+0xa1f>
    3133:	49 83 ff 03          	cmp    r15,0x3
    3137:	0f 84 85 00 00 00    	je     31c2 <mat_trgsw_mul_pvmtmlwe_sub_DFT+0xa02>
    313d:	49 83 ff 04          	cmp    r15,0x4
    3141:	74 62                	je     31a5 <mat_trgsw_mul_pvmtmlwe_sub_DFT+0x9e5>
    3143:	49 83 ff 05          	cmp    r15,0x5
    3147:	74 3f                	je     3188 <mat_trgsw_mul_pvmtmlwe_sub_DFT+0x9c8>
    3149:	49 83 ff 06          	cmp    r15,0x6
    314d:	74 1c                	je     316b <mat_trgsw_mul_pvmtmlwe_sub_DFT+0x9ab>
    314f:	49 8b 00             	mov    rax,QWORD PTR [r8]
    3152:	48 01 c8             	add    rax,rcx
    3155:	49 2b 01             	sub    rax,QWORD PTR [r9]
    3158:	c4 62 eb f7 f8       	shrx   r15,rax,rdx
    315d:	49 21 f7             	and    r15,rsi
    3160:	b8 01 00 00 00       	mov    eax,0x1
    3165:	4d 29 ef             	sub    r15,r13
    3168:	4c 89 3f             	mov    QWORD PTR [rdi],r15
    316b:	4d 8b 3c c0          	mov    r15,QWORD PTR [r8+rax*8]
    316f:	49 01 cf             	add    r15,rcx
    3172:	4d 2b 3c c1          	sub    r15,QWORD PTR [r9+rax*8]
    3176:	c4 42 eb f7 ff       	shrx   r15,r15,rdx
    317b:	49 21 f7             	and    r15,rsi
    317e:	4d 29 ef             	sub    r15,r13
    3181:	4c 89 3c c7          	mov    QWORD PTR [rdi+rax*8],r15
    3185:	48 ff c0             	inc    rax
    3188:	4d 8b 3c c0          	mov    r15,QWORD PTR [r8+rax*8]
    318c:	49 01 cf             	add    r15,rcx
    318f:	4d 2b 3c c1          	sub    r15,QWORD PTR [r9+rax*8]
    3193:	c4 42 eb f7 ff       	shrx   r15,r15,rdx
    3198:	49 21 f7             	and    r15,rsi
    319b:	4d 29 ef             	sub    r15,r13
    319e:	4c 89 3c c7          	mov    QWORD PTR [rdi+rax*8],r15
    31a2:	48 ff c0             	inc    rax
    31a5:	4d 8b 3c c0          	mov    r15,QWORD PTR [r8+rax*8]
    31a9:	49 01 cf             	add    r15,rcx
    31ac:	4d 2b 3c c1          	sub    r15,QWORD PTR [r9+rax*8]
    31b0:	c4 42 eb f7 ff       	shrx   r15,r15,rdx
    31b5:	49 21 f7             	and    r15,rsi
    31b8:	4d 29 ef             	sub    r15,r13
    31bb:	4c 89 3c c7          	mov    QWORD PTR [rdi+rax*8],r15
    31bf:	48 ff c0             	inc    rax
    31c2:	4d 8b 3c c0          	mov    r15,QWORD PTR [r8+rax*8]
    31c6:	49 01 cf             	add    r15,rcx
    31c9:	4d 2b 3c c1          	sub    r15,QWORD PTR [r9+rax*8]
    31cd:	c4 42 eb f7 ff       	shrx   r15,r15,rdx
    31d2:	49 21 f7             	and    r15,rsi
    31d5:	4d 29 ef             	sub    r15,r13
    31d8:	4c 89 3c c7          	mov    QWORD PTR [rdi+rax*8],r15
    31dc:	48 ff c0             	inc    rax
    31df:	4d 8b 3c c0          	mov    r15,QWORD PTR [r8+rax*8]
    31e3:	49 01 cf             	add    r15,rcx
    31e6:	4d 2b 3c c1          	sub    r15,QWORD PTR [r9+rax*8]
    31ea:	c4 42 eb f7 ff       	shrx   r15,r15,rdx
    31ef:	49 21 f7             	and    r15,rsi
    31f2:	4d 29 ef             	sub    r15,r13
    31f5:	4c 89 3c c7          	mov    QWORD PTR [rdi+rax*8],r15
    31f9:	48 ff c0             	inc    rax
    31fc:	4d 8b 3c c0          	mov    r15,QWORD PTR [r8+rax*8]
    3200:	49 01 cf             	add    r15,rcx
    3203:	4d 2b 3c c1          	sub    r15,QWORD PTR [r9+rax*8]
    3207:	c4 42 eb f7 ff       	shrx   r15,r15,rdx
    320c:	49 21 f7             	and    r15,rsi
    320f:	4d 29 ef             	sub    r15,r13
    3212:	4c 89 3c c7          	mov    QWORD PTR [rdi+rax*8],r15
    3216:	48 ff c0             	inc    rax
    3219:	4c 39 e0             	cmp    rax,r12
    321c:	0f 84 35 fa ff ff    	je     2c57 <mat_trgsw_mul_pvmtmlwe_sub_DFT+0x497>
    3222:	4d 8b 3c c0          	mov    r15,QWORD PTR [r8+rax*8]
    3226:	49 01 cf             	add    r15,rcx
    3229:	4d 2b 3c c1          	sub    r15,QWORD PTR [r9+rax*8]
    322d:	c4 42 eb f7 ff       	shrx   r15,r15,rdx
    3232:	49 21 f7             	and    r15,rsi
    3235:	4d 29 ef             	sub    r15,r13
    3238:	4c 89 3c c7          	mov    QWORD PTR [rdi+rax*8],r15
    323c:	4d 8b 7c c0 08       	mov    r15,QWORD PTR [r8+rax*8+0x8]
    3241:	49 01 cf             	add    r15,rcx
    3244:	4d 2b 7c c1 08       	sub    r15,QWORD PTR [r9+rax*8+0x8]
    3249:	c4 42 eb f7 ff       	shrx   r15,r15,rdx
    324e:	49 21 f7             	and    r15,rsi
    3251:	4d 29 ef             	sub    r15,r13
    3254:	4c 89 7c c7 08       	mov    QWORD PTR [rdi+rax*8+0x8],r15
    3259:	4d 8b 7c c0 10       	mov    r15,QWORD PTR [r8+rax*8+0x10]
    325e:	49 01 cf             	add    r15,rcx
    3261:	4d 2b 7c c1 10       	sub    r15,QWORD PTR [r9+rax*8+0x10]
    3266:	c4 42 eb f7 ff       	shrx   r15,r15,rdx
    326b:	49 21 f7             	and    r15,rsi
    326e:	4d 29 ef             	sub    r15,r13
    3271:	4c 89 7c c7 10       	mov    QWORD PTR [rdi+rax*8+0x10],r15
    3276:	4d 8b 7c c0 18       	mov    r15,QWORD PTR [r8+rax*8+0x18]
    327b:	49 01 cf             	add    r15,rcx
    327e:	4d 2b 7c c1 18       	sub    r15,QWORD PTR [r9+rax*8+0x18]
    3283:	c4 42 eb f7 ff       	shrx   r15,r15,rdx
    3288:	49 21 f7             	and    r15,rsi
    328b:	4d 29 ef             	sub    r15,r13
    328e:	4c 89 7c c7 18       	mov    QWORD PTR [rdi+rax*8+0x18],r15
    3293:	4d 8b 7c c0 20       	mov    r15,QWORD PTR [r8+rax*8+0x20]
    3298:	49 01 cf             	add    r15,rcx
    329b:	4d 2b 7c c1 20       	sub    r15,QWORD PTR [r9+rax*8+0x20]
    32a0:	c4 42 eb f7 ff       	shrx   r15,r15,rdx
    32a5:	49 21 f7             	and    r15,rsi
    32a8:	4d 29 ef             	sub    r15,r13
    32ab:	4c 89 7c c7 20       	mov    QWORD PTR [rdi+rax*8+0x20],r15
    32b0:	4d 8b 7c c0 28       	mov    r15,QWORD PTR [r8+rax*8+0x28]
    32b5:	49 01 cf             	add    r15,rcx
    32b8:	4d 2b 7c c1 28       	sub    r15,QWORD PTR [r9+rax*8+0x28]
    32bd:	c4 42 eb f7 ff       	shrx   r15,r15,rdx
    32c2:	49 21 f7             	and    r15,rsi
    32c5:	4d 29 ef             	sub    r15,r13
    32c8:	4c 89 7c c7 28       	mov    QWORD PTR [rdi+rax*8+0x28],r15
    32cd:	4d 8b 7c c0 30       	mov    r15,QWORD PTR [r8+rax*8+0x30]
    32d2:	49 01 cf             	add    r15,rcx
    32d5:	4d 2b 7c c1 30       	sub    r15,QWORD PTR [r9+rax*8+0x30]
    32da:	c4 42 eb f7 ff       	shrx   r15,r15,rdx
    32df:	49 21 f7             	and    r15,rsi
    32e2:	4d 29 ef             	sub    r15,r13
    32e5:	4c 89 7c c7 30       	mov    QWORD PTR [rdi+rax*8+0x30],r15
    32ea:	4d 8b 7c c0 38       	mov    r15,QWORD PTR [r8+rax*8+0x38]
    32ef:	49 01 cf             	add    r15,rcx
    32f2:	4d 2b 7c c1 38       	sub    r15,QWORD PTR [r9+rax*8+0x38]
    32f7:	c4 42 eb f7 ff       	shrx   r15,r15,rdx
    32fc:	49 21 f7             	and    r15,rsi
    32ff:	4d 29 ef             	sub    r15,r13
    3302:	4c 89 7c c7 38       	mov    QWORD PTR [rdi+rax*8+0x38],r15
    3307:	48 83 c0 08          	add    rax,0x8
    330b:	4c 39 e0             	cmp    rax,r12
    330e:	0f 85 0e ff ff ff    	jne    3222 <mat_trgsw_mul_pvmtmlwe_sub_DFT+0xa62>
    3314:	e9 3e f9 ff ff       	jmp    2c57 <mat_trgsw_mul_pvmtmlwe_sub_DFT+0x497>
    3319:	0f 1f 80 00 00 00 00 	nop    DWORD PTR [rax+0x0]
    3320:	4d 89 e6             	mov    r14,r12
    3323:	31 c0                	xor    eax,eax
    3325:	41 83 e6 07          	and    r14d,0x7
    3329:	0f 84 03 01 00 00    	je     3432 <mat_trgsw_mul_pvmtmlwe_sub_DFT+0xc72>
    332f:	49 83 fe 01          	cmp    r14,0x1
    3333:	0f 84 d3 00 00 00    	je     340c <mat_trgsw_mul_pvmtmlwe_sub_DFT+0xc4c>
    3339:	49 83 fe 02          	cmp    r14,0x2
    333d:	0f 84 ac 00 00 00    	je     33ef <mat_trgsw_mul_pvmtmlwe_sub_DFT+0xc2f>
    3343:	49 83 fe 03          	cmp    r14,0x3
    3347:	0f 84 85 00 00 00    	je     33d2 <mat_trgsw_mul_pvmtmlwe_sub_DFT+0xc12>
    334d:	49 83 fe 04          	cmp    r14,0x4
    3351:	74 62                	je     33b5 <mat_trgsw_mul_pvmtmlwe_sub_DFT+0xbf5>
    3353:	49 83 fe 05          	cmp    r14,0x5
    3357:	74 3f                	je     3398 <mat_trgsw_mul_pvmtmlwe_sub_DFT+0xbd8>
    3359:	49 83 fe 06          	cmp    r14,0x6
    335d:	74 1c                	je     337b <mat_trgsw_mul_pvmtmlwe_sub_DFT+0xbbb>
    335f:	49 8b 01             	mov    rax,QWORD PTR [r9]
    3362:	48 01 c8             	add    rax,rcx
    3365:	49 2b 00             	sub    rax,QWORD PTR [r8]
    3368:	c4 62 eb f7 f0       	shrx   r14,rax,rdx
    336d:	49 21 f6             	and    r14,rsi
    3370:	b8 01 00 00 00       	mov    eax,0x1
    3375:	4d 29 ee             	sub    r14,r13
    3378:	4c 89 37             	mov    QWORD PTR [rdi],r14
    337b:	4d 8b 34 c1          	mov    r14,QWORD PTR [r9+rax*8]
    337f:	49 01 ce             	add    r14,rcx
    3382:	4d 2b 34 c0          	sub    r14,QWORD PTR [r8+rax*8]
    3386:	c4 42 eb f7 f6       	shrx   r14,r14,rdx
    338b:	49 21 f6             	and    r14,rsi
    338e:	4d 29 ee             	sub    r14,r13
    3391:	4c 89 34 c7          	mov    QWORD PTR [rdi+rax*8],r14
    3395:	48 ff c0             	inc    rax
    3398:	4d 8b 34 c1          	mov    r14,QWORD PTR [r9+rax*8]
    339c:	49 01 ce             	add    r14,rcx
    339f:	4d 2b 34 c0          	sub    r14,QWORD PTR [r8+rax*8]
    33a3:	c4 42 eb f7 f6       	shrx   r14,r14,rdx
    33a8:	49 21 f6             	and    r14,rsi
    33ab:	4d 29 ee             	sub    r14,r13
    33ae:	4c 89 34 c7          	mov    QWORD PTR [rdi+rax*8],r14
    33b2:	48 ff c0             	inc    rax
    33b5:	4d 8b 34 c1          	mov    r14,QWORD PTR [r9+rax*8]
    33b9:	49 01 ce             	add    r14,rcx
    33bc:	4d 2b 34 c0          	sub    r14,QWORD PTR [r8+rax*8]
    33c0:	c4 42 eb f7 f6       	shrx   r14,r14,rdx
    33c5:	49 21 f6             	and    r14,rsi
    33c8:	4d 29 ee             	sub    r14,r13
    33cb:	4c 89 34 c7          	mov    QWORD PTR [rdi+rax*8],r14
    33cf:	48 ff c0             	inc    rax
    33d2:	4d 8b 34 c1          	mov    r14,QWORD PTR [r9+rax*8]
    33d6:	49 01 ce             	add    r14,rcx
    33d9:	4d 2b 34 c0          	sub    r14,QWORD PTR [r8+rax*8]
    33dd:	c4 42 eb f7 f6       	shrx   r14,r14,rdx
    33e2:	49 21 f6             	and    r14,rsi
    33e5:	4d 29 ee             	sub    r14,r13
    33e8:	4c 89 34 c7          	mov    QWORD PTR [rdi+rax*8],r14
    33ec:	48 ff c0             	inc    rax
    33ef:	4d 8b 34 c1          	mov    r14,QWORD PTR [r9+rax*8]
    33f3:	49 01 ce             	add    r14,rcx
    33f6:	4d 2b 34 c0          	sub    r14,QWORD PTR [r8+rax*8]
    33fa:	c4 42 eb f7 f6       	shrx   r14,r14,rdx
    33ff:	49 21 f6             	and    r14,rsi
    3402:	4d 29 ee             	sub    r14,r13
    3405:	4c 89 34 c7          	mov    QWORD PTR [rdi+rax*8],r14
    3409:	48 ff c0             	inc    rax
    340c:	4d 8b 34 c1          	mov    r14,QWORD PTR [r9+rax*8]
    3410:	49 01 ce             	add    r14,rcx
    3413:	4d 2b 34 c0          	sub    r14,QWORD PTR [r8+rax*8]
    3417:	c4 42 eb f7 f6       	shrx   r14,r14,rdx
    341c:	49 21 f6             	and    r14,rsi
    341f:	4d 29 ee             	sub    r14,r13
    3422:	4c 89 34 c7          	mov    QWORD PTR [rdi+rax*8],r14
    3426:	48 ff c0             	inc    rax
    3429:	4c 39 e0             	cmp    rax,r12
    342c:	0f 84 95 fa ff ff    	je     2ec7 <mat_trgsw_mul_pvmtmlwe_sub_DFT+0x707>
    3432:	4d 8b 34 c1          	mov    r14,QWORD PTR [r9+rax*8]
    3436:	49 01 ce             	add    r14,rcx
    3439:	4d 2b 34 c0          	sub    r14,QWORD PTR [r8+rax*8]
    343d:	c4 42 eb f7 f6       	shrx   r14,r14,rdx
    3442:	49 21 f6             	and    r14,rsi
    3445:	4d 29 ee             	sub    r14,r13
    3448:	4c 89 34 c7          	mov    QWORD PTR [rdi+rax*8],r14
    344c:	4d 8b 74 c1 08       	mov    r14,QWORD PTR [r9+rax*8+0x8]
    3451:	49 01 ce             	add    r14,rcx
    3454:	4d 2b 74 c0 08       	sub    r14,QWORD PTR [r8+rax*8+0x8]
    3459:	c4 42 eb f7 f6       	shrx   r14,r14,rdx
    345e:	49 21 f6             	and    r14,rsi
    3461:	4d 29 ee             	sub    r14,r13
    3464:	4c 89 74 c7 08       	mov    QWORD PTR [rdi+rax*8+0x8],r14
    3469:	4d 8b 74 c1 10       	mov    r14,QWORD PTR [r9+rax*8+0x10]
    346e:	49 01 ce             	add    r14,rcx
    3471:	4d 2b 74 c0 10       	sub    r14,QWORD PTR [r8+rax*8+0x10]
    3476:	c4 42 eb f7 f6       	shrx   r14,r14,rdx
    347b:	49 21 f6             	and    r14,rsi
    347e:	4d 29 ee             	sub    r14,r13
    3481:	4c 89 74 c7 10       	mov    QWORD PTR [rdi+rax*8+0x10],r14
    3486:	4d 8b 74 c1 18       	mov    r14,QWORD PTR [r9+rax*8+0x18]
    348b:	49 01 ce             	add    r14,rcx
    348e:	4d 2b 74 c0 18       	sub    r14,QWORD PTR [r8+rax*8+0x18]
    3493:	c4 42 eb f7 f6       	shrx   r14,r14,rdx
    3498:	49 21 f6             	and    r14,rsi
    349b:	4d 29 ee             	sub    r14,r13
    349e:	4c 89 74 c7 18       	mov    QWORD PTR [rdi+rax*8+0x18],r14
    34a3:	4d 8b 74 c1 20       	mov    r14,QWORD PTR [r9+rax*8+0x20]
    34a8:	49 01 ce             	add    r14,rcx
    34ab:	4d 2b 74 c0 20       	sub    r14,QWORD PTR [r8+rax*8+0x20]
    34b0:	c4 42 eb f7 f6       	shrx   r14,r14,rdx
    34b5:	49 21 f6             	and    r14,rsi
    34b8:	4d 29 ee             	sub    r14,r13
    34bb:	4c 89 74 c7 20       	mov    QWORD PTR [rdi+rax*8+0x20],r14
    34c0:	4d 8b 74 c1 28       	mov    r14,QWORD PTR [r9+rax*8+0x28]
    34c5:	49 01 ce             	add    r14,rcx
    34c8:	4d 2b 74 c0 28       	sub    r14,QWORD PTR [r8+rax*8+0x28]
    34cd:	c4 42 eb f7 f6       	shrx   r14,r14,rdx
    34d2:	49 21 f6             	and    r14,rsi
    34d5:	4d 29 ee             	sub    r14,r13
    34d8:	4c 89 74 c7 28       	mov    QWORD PTR [rdi+rax*8+0x28],r14
    34dd:	4d 8b 74 c1 30       	mov    r14,QWORD PTR [r9+rax*8+0x30]
    34e2:	49 01 ce             	add    r14,rcx
    34e5:	4d 2b 74 c0 30       	sub    r14,QWORD PTR [r8+rax*8+0x30]
    34ea:	c4 42 eb f7 f6       	shrx   r14,r14,rdx
    34ef:	49 21 f6             	and    r14,rsi
    34f2:	4d 29 ee             	sub    r14,r13
    34f5:	4c 89 74 c7 30       	mov    QWORD PTR [rdi+rax*8+0x30],r14
    34fa:	4d 8b 74 c1 38       	mov    r14,QWORD PTR [r9+rax*8+0x38]
    34ff:	49 01 ce             	add    r14,rcx
    3502:	4d 2b 74 c0 38       	sub    r14,QWORD PTR [r8+rax*8+0x38]
    3507:	c4 42 eb f7 f6       	shrx   r14,r14,rdx
    350c:	49 21 f6             	and    r14,rsi
    350f:	4d 29 ee             	sub    r14,r13
    3512:	4c 89 74 c7 38       	mov    QWORD PTR [rdi+rax*8+0x38],r14
    3517:	48 83 c0 08          	add    rax,0x8
    351b:	4c 39 e0             	cmp    rax,r12
    351e:	0f 85 0e ff ff ff    	jne    3432 <mat_trgsw_mul_pvmtmlwe_sub_DFT+0xc72>
    3524:	e9 9e f9 ff ff       	jmp    2ec7 <mat_trgsw_mul_pvmtmlwe_sub_DFT+0x707>
    3529:	0f 1f 80 00 00 00 00 	nop    DWORD PTR [rax+0x0]
    3530:	4d 8b 38             	mov    r15,QWORD PTR [r8]
    3533:	49 01 cf             	add    r15,rcx
    3536:	4d 2b 39             	sub    r15,QWORD PTR [r9]
    3539:	c4 42 eb f7 c7       	shrx   r8,r15,rdx
    353e:	49 21 f0             	and    r8,rsi
    3541:	4d 29 e8             	sub    r8,r13
    3544:	4c 89 07             	mov    QWORD PTR [rdi],r8
    3547:	e9 0b f7 ff ff       	jmp    2c57 <mat_trgsw_mul_pvmtmlwe_sub_DFT+0x497>
    354c:	0f 1f 40 00          	nop    DWORD PTR [rax+0x0]
    3550:	4d 8b 09             	mov    r9,QWORD PTR [r9]
    3553:	49 01 c9             	add    r9,rcx
    3556:	4d 2b 08             	sub    r9,QWORD PTR [r8]
    3559:	c4 c2 eb f7 c1       	shrx   rax,r9,rdx
    355e:	48 21 f0             	and    rax,rsi
    3561:	4c 29 e8             	sub    rax,r13
    3564:	48 89 07             	mov    QWORD PTR [rdi],rax
    3567:	e9 5b f9 ff ff       	jmp    2ec7 <mat_trgsw_mul_pvmtmlwe_sub_DFT+0x707>
    356c:	4c 89 e0             	mov    rax,r12
    356f:	45 31 ff             	xor    r15d,r15d
    3572:	c5 79 6e c2          	vmovd  xmm8,edx
    3576:	e9 98 f6 ff ff       	jmp    2c13 <mat_trgsw_mul_pvmtmlwe_sub_DFT+0x453>
    357b:	4c 89 e0             	mov    rax,r12
    357e:	45 31 f6             	xor    r14d,r14d
    3581:	c5 79 6e fa          	vmovd  xmm15,edx
    3585:	e9 f9 f8 ff ff       	jmp    2e83 <mat_trgsw_mul_pvmtmlwe_sub_DFT+0x6c3>
    358a:	48 8b 44 24 68       	mov    rax,QWORD PTR [rsp+0x68]
    358f:	e9 a9 f6 ff ff       	jmp    2c3d <mat_trgsw_mul_pvmtmlwe_sub_DFT+0x47d>
    3594:	48 8b 44 24 68       	mov    rax,QWORD PTR [rsp+0x68]
    3599:	e9 0f f9 ff ff       	jmp    2ead <mat_trgsw_mul_pvmtmlwe_sub_DFT+0x6ed>
    359e:	44 8b 44 24 24       	mov    r8d,DWORD PTR [rsp+0x24]
    35a3:	45 85 c0             	test   r8d,r8d
    35a6:	0f 84 3d f9 ff ff    	je     2ee9 <mat_trgsw_mul_pvmtmlwe_sub_DFT+0x729>
    35ac:	44 8b 94 24 94 00 00 	mov    r10d,DWORD PTR [rsp+0x94]
    35b3:	00
    35b4:	45 85 d2             	test   r10d,r10d
    35b7:	0f 85 ce f6 ff ff    	jne    2c8b <mat_trgsw_mul_pvmtmlwe_sub_DFT+0x4cb>
    35bd:	e9 27 f9 ff ff       	jmp    2ee9 <mat_trgsw_mul_pvmtmlwe_sub_DFT+0x729>
    35c2:	66 0f 1f 44 00 00    	nop    WORD PTR [rax+rax*1+0x0]
    35c8:	48 8b 53 08          	mov    rdx,QWORD PTR [rbx+0x8]
    35cc:	b8 08 00 00 00       	mov    eax,0x8
    35d1:	41 be 02 00 00 00    	mov    r14d,0x2
    35d7:	48 8b 34 06          	mov    rsi,QWORD PTR [rsi+rax*1]
    35db:	48 8b 3c 02          	mov    rdi,QWORD PTR [rdx+rax*1]
    35df:	e8 00 00 00 00       	call   35e4 <mat_trgsw_mul_pvmtmlwe_sub_DFT+0xe24>
    35e4:	48 8b 33             	mov    rsi,QWORD PTR [rbx]
    35e7:	e9 8e f9 ff ff       	jmp    2f7a <mat_trgsw_mul_pvmtmlwe_sub_DFT+0x7ba>
    35ec:	c5 f8 77             	vzeroupper
    35ef:	e9 d3 fa ff ff       	jmp    30c7 <mat_trgsw_mul_pvmtmlwe_sub_DFT+0x907>
    35f4:	c5 f8 77             	vzeroupper
    35f7:	e9 e9 fa ff ff       	jmp    30e5 <mat_trgsw_mul_pvmtmlwe_sub_DFT+0x925>
    35fc:	0f 1f 40 00          	nop    DWORD PTR [rax+0x0]

0000000000003600 <mat_trgsw_compact_alloc_new_DFT_sample>:
    3600:	f3 0f 1e fa          	endbr64
    3604:	41 55                	push   r13
    3606:	41 89 cd             	mov    r13d,ecx
    3609:	c5 f9 6e df          	vmovd  xmm3,edi
    360d:	c5 f9 6e d2          	vmovd  xmm2,edx
    3611:	c4 e3 61 22 c6 01    	vpinsrd xmm0,xmm3,esi,0x1
    3617:	c4 e3 69 22 c9 01    	vpinsrd xmm1,xmm2,ecx,0x1
    361d:	c5 f9 6c e1          	vpunpcklqdq xmm4,xmm0,xmm1
    3621:	41 54                	push   r12
    3623:	45 89 c4             	mov    r12d,r8d
    3626:	55                   	push   rbp
    3627:	89 fd                	mov    ebp,edi
    3629:	bf 38 00 00 00       	mov    edi,0x38
    362e:	41 0f af ed          	imul   ebp,r13d
    3632:	53                   	push   rbx
    3633:	48 83 ec 18          	sub    rsp,0x18
    3637:	c5 f9 7f 24 24       	vmovdqa XMMWORD PTR [rsp],xmm4
    363c:	e8 00 00 00 00       	call   3641 <mat_trgsw_compact_alloc_new_DFT_sample+0x41>
    3641:	89 ee                	mov    esi,ebp
    3643:	44 89 e7             	mov    edi,r12d
    3646:	48 89 c3             	mov    rbx,rax
    3649:	e8 00 00 00 00       	call   364e <mat_trgsw_compact_alloc_new_DFT_sample+0x4e>
    364e:	89 ee                	mov    esi,ebp
    3650:	44 89 e7             	mov    edi,r12d
    3653:	48 89 03             	mov    QWORD PTR [rbx],rax
    3656:	e8 00 00 00 00       	call   365b <mat_trgsw_compact_alloc_new_DFT_sample+0x5b>
    365b:	89 ee                	mov    esi,ebp
    365d:	44 89 e7             	mov    edi,r12d
    3660:	48 89 43 08          	mov    QWORD PTR [rbx+0x8],rax
    3664:	e8 00 00 00 00       	call   3669 <mat_trgsw_compact_alloc_new_DFT_sample+0x69>
    3669:	89 ee                	mov    esi,ebp
    366b:	44 89 e7             	mov    edi,r12d
    366e:	48 89 43 10          	mov    QWORD PTR [rbx+0x10],rax
    3672:	e8 00 00 00 00       	call   3677 <mat_trgsw_compact_alloc_new_DFT_sample+0x77>
    3677:	44 89 63 30          	mov    DWORD PTR [rbx+0x30],r12d
    367b:	c5 f9 6f 2c 24       	vmovdqa xmm5,XMMWORD PTR [rsp]
    3680:	48 89 43 18          	mov    QWORD PTR [rbx+0x18],rax
    3684:	48 89 d8             	mov    rax,rbx
    3687:	c5 fa 7f 6b 20       	vmovdqu XMMWORD PTR [rbx+0x20],xmm5
    368c:	48 83 c4 18          	add    rsp,0x18
    3690:	5b                   	pop    rbx
    3691:	5d                   	pop    rbp
    3692:	41 5c                	pop    r12
    3694:	41 5d                	pop    r13
    3696:	c3                   	ret
    3697:	66 0f 1f 84 00 00 00 	nop    WORD PTR [rax+rax*1+0x0]
    369e:	00 00

00000000000036a0 <free_mat_trgsw_compact_DFT>:
    36a0:	f3 0f 1e fa          	endbr64
    36a4:	41 55                	push   r13
    36a6:	41 54                	push   r12
    36a8:	55                   	push   rbp
    36a9:	53                   	push   rbx
    36aa:	48 89 fb             	mov    rbx,rdi
    36ad:	48 83 ec 08          	sub    rsp,0x8
    36b1:	8b 47 20             	mov    eax,DWORD PTR [rdi+0x20]
    36b4:	0f af 47 2c          	imul   eax,DWORD PTR [rdi+0x2c]
    36b8:	85 c0                	test   eax,eax
    36ba:	0f 84 bf 01 00 00    	je     387f <free_mat_trgsw_compact_DFT+0x1df>
    36c0:	4c 63 e8             	movsxd r13,eax
    36c3:	31 ed                	xor    ebp,ebp
    36c5:	4c 89 ea             	mov    rdx,r13
    36c8:	83 e2 03             	and    edx,0x3
    36cb:	0f 84 c9 00 00 00    	je     379a <free_mat_trgsw_compact_DFT+0xfa>
    36d1:	48 83 fa 01          	cmp    rdx,0x1
    36d5:	74 7c                	je     3753 <free_mat_trgsw_compact_DFT+0xb3>
    36d7:	48 83 fa 02          	cmp    rdx,0x2
    36db:	74 38                	je     3715 <free_mat_trgsw_compact_DFT+0x75>
    36dd:	48 8b 0f             	mov    rcx,QWORD PTR [rdi]
    36e0:	48 8b 3c 29          	mov    rdi,QWORD PTR [rcx+rbp*1]
    36e4:	e8 00 00 00 00       	call   36e9 <free_mat_trgsw_compact_DFT+0x49>
    36e9:	48 8b 73 08          	mov    rsi,QWORD PTR [rbx+0x8]
    36ed:	48 8b 3c 2e          	mov    rdi,QWORD PTR [rsi+rbp*1]
    36f1:	e8 00 00 00 00       	call   36f6 <free_mat_trgsw_compact_DFT+0x56>
    36f6:	48 8b 7b 10          	mov    rdi,QWORD PTR [rbx+0x10]
    36fa:	48 8b 3c 2f          	mov    rdi,QWORD PTR [rdi+rbp*1]
    36fe:	e8 00 00 00 00       	call   3703 <free_mat_trgsw_compact_DFT+0x63>
    3703:	4c 8b 43 18          	mov    r8,QWORD PTR [rbx+0x18]
    3707:	49 8b 3c 28          	mov    rdi,QWORD PTR [r8+rbp*1]
    370b:	bd 01 00 00 00       	mov    ebp,0x1
    3710:	e8 00 00 00 00       	call   3715 <free_mat_trgsw_compact_DFT+0x75>
    3715:	4c 8b 0b             	mov    r9,QWORD PTR [rbx]
    3718:	4c 8d 24 ed 00 00 00 	lea    r12,[rbp*8+0x0]
    371f:	00
    3720:	48 ff c5             	inc    rbp
    3723:	4b 8b 3c 21          	mov    rdi,QWORD PTR [r9+r12*1]
    3727:	e8 00 00 00 00       	call   372c <free_mat_trgsw_compact_DFT+0x8c>
    372c:	4c 8b 53 08          	mov    r10,QWORD PTR [rbx+0x8]
    3730:	4b 8b 3c 22          	mov    rdi,QWORD PTR [r10+r12*1]
    3734:	e8 00 00 00 00       	call   3739 <free_mat_trgsw_compact_DFT+0x99>
    3739:	4c 8b 5b 10          	mov    r11,QWORD PTR [rbx+0x10]
    373d:	4b 8b 3c 23          	mov    rdi,QWORD PTR [r11+r12*1]
    3741:	e8 00 00 00 00       	call   3746 <free_mat_trgsw_compact_DFT+0xa6>
    3746:	48 8b 43 18          	mov    rax,QWORD PTR [rbx+0x18]
    374a:	4a 8b 3c 20          	mov    rdi,QWORD PTR [rax+r12*1]
    374e:	e8 00 00 00 00       	call   3753 <free_mat_trgsw_compact_DFT+0xb3>
    3753:	48 8b 13             	mov    rdx,QWORD PTR [rbx]
    3756:	4c 8d 24 ed 00 00 00 	lea    r12,[rbp*8+0x0]
    375d:	00
    375e:	48 ff c5             	inc    rbp
    3761:	4a 8b 3c 22          	mov    rdi,QWORD PTR [rdx+r12*1]
    3765:	e8 00 00 00 00       	call   376a <free_mat_trgsw_compact_DFT+0xca>
    376a:	48 8b 4b 08          	mov    rcx,QWORD PTR [rbx+0x8]
    376e:	4a 8b 3c 21          	mov    rdi,QWORD PTR [rcx+r12*1]
    3772:	e8 00 00 00 00       	call   3777 <free_mat_trgsw_compact_DFT+0xd7>
    3777:	48 8b 73 10          	mov    rsi,QWORD PTR [rbx+0x10]
    377b:	4a 8b 3c 26          	mov    rdi,QWORD PTR [rsi+r12*1]
    377f:	e8 00 00 00 00       	call   3784 <free_mat_trgsw_compact_DFT+0xe4>
    3784:	48 8b 7b 18          	mov    rdi,QWORD PTR [rbx+0x18]
    3788:	4a 8b 3c 27          	mov    rdi,QWORD PTR [rdi+r12*1]
    378c:	e8 00 00 00 00       	call   3791 <free_mat_trgsw_compact_DFT+0xf1>
    3791:	4c 39 ed             	cmp    rbp,r13
    3794:	0f 84 e5 00 00 00    	je     387f <free_mat_trgsw_compact_DFT+0x1df>
    379a:	4c 8b 03             	mov    r8,QWORD PTR [rbx]
    379d:	4c 8d 65 01          	lea    r12,[rbp+0x1]
    37a1:	49 8b 3c e8          	mov    rdi,QWORD PTR [r8+rbp*8]
    37a5:	e8 00 00 00 00       	call   37aa <free_mat_trgsw_compact_DFT+0x10a>
    37aa:	4c 8b 4b 08          	mov    r9,QWORD PTR [rbx+0x8]
    37ae:	49 8b 3c e9          	mov    rdi,QWORD PTR [r9+rbp*8]
    37b2:	e8 00 00 00 00       	call   37b7 <free_mat_trgsw_compact_DFT+0x117>
    37b7:	4c 8b 53 10          	mov    r10,QWORD PTR [rbx+0x10]
    37bb:	49 8b 3c ea          	mov    rdi,QWORD PTR [r10+rbp*8]
    37bf:	e8 00 00 00 00       	call   37c4 <free_mat_trgsw_compact_DFT+0x124>
    37c4:	4c 8b 5b 18          	mov    r11,QWORD PTR [rbx+0x18]
    37c8:	49 8b 3c eb          	mov    rdi,QWORD PTR [r11+rbp*8]
    37cc:	e8 00 00 00 00       	call   37d1 <free_mat_trgsw_compact_DFT+0x131>
    37d1:	48 8b 03             	mov    rax,QWORD PTR [rbx]
    37d4:	4a 8b 3c e0          	mov    rdi,QWORD PTR [rax+r12*8]
    37d8:	e8 00 00 00 00       	call   37dd <free_mat_trgsw_compact_DFT+0x13d>
    37dd:	48 8b 53 08          	mov    rdx,QWORD PTR [rbx+0x8]
    37e1:	4a 8b 3c e2          	mov    rdi,QWORD PTR [rdx+r12*8]
    37e5:	e8 00 00 00 00       	call   37ea <free_mat_trgsw_compact_DFT+0x14a>
    37ea:	48 8b 4b 10          	mov    rcx,QWORD PTR [rbx+0x10]
    37ee:	4a 8b 3c e1          	mov    rdi,QWORD PTR [rcx+r12*8]
    37f2:	e8 00 00 00 00       	call   37f7 <free_mat_trgsw_compact_DFT+0x157>
    37f7:	48 8b 73 18          	mov    rsi,QWORD PTR [rbx+0x18]
    37fb:	4a 8b 3c e6          	mov    rdi,QWORD PTR [rsi+r12*8]
    37ff:	4c 8d 65 02          	lea    r12,[rbp+0x2]
    3803:	e8 00 00 00 00       	call   3808 <free_mat_trgsw_compact_DFT+0x168>
    3808:	48 8b 3b             	mov    rdi,QWORD PTR [rbx]
    380b:	4a 8b 3c e7          	mov    rdi,QWORD PTR [rdi+r12*8]
    380f:	e8 00 00 00 00       	call   3814 <free_mat_trgsw_compact_DFT+0x174>
    3814:	4c 8b 43 08          	mov    r8,QWORD PTR [rbx+0x8]
    3818:	4b 8b 3c e0          	mov    rdi,QWORD PTR [r8+r12*8]
    381c:	e8 00 00 00 00       	call   3821 <free_mat_trgsw_compact_DFT+0x181>
    3821:	4c 8b 4b 10          	mov    r9,QWORD PTR [rbx+0x10]
    3825:	4b 8b 3c e1          	mov    rdi,QWORD PTR [r9+r12*8]
    3829:	e8 00 00 00 00       	call   382e <free_mat_trgsw_compact_DFT+0x18e>
    382e:	4c 8b 53 18          	mov    r10,QWORD PTR [rbx+0x18]
    3832:	4b 8b 3c e2          	mov    rdi,QWORD PTR [r10+r12*8]
    3836:	4c 8d 65 03          	lea    r12,[rbp+0x3]
    383a:	48 83 c5 04          	add    rbp,0x4
    383e:	e8 00 00 00 00       	call   3843 <free_mat_trgsw_compact_DFT+0x1a3>
    3843:	4c 8b 1b             	mov    r11,QWORD PTR [rbx]
    3846:	4b 8b 3c e3          	mov    rdi,QWORD PTR [r11+r12*8]
    384a:	e8 00 00 00 00       	call   384f <free_mat_trgsw_compact_DFT+0x1af>
    384f:	48 8b 43 08          	mov    rax,QWORD PTR [rbx+0x8]
    3853:	4a 8b 3c e0          	mov    rdi,QWORD PTR [rax+r12*8]
    3857:	e8 00 00 00 00       	call   385c <free_mat_trgsw_compact_DFT+0x1bc>
    385c:	48 8b 53 10          	mov    rdx,QWORD PTR [rbx+0x10]
    3860:	4a 8b 3c e2          	mov    rdi,QWORD PTR [rdx+r12*8]
    3864:	e8 00 00 00 00       	call   3869 <free_mat_trgsw_compact_DFT+0x1c9>
    3869:	48 8b 4b 18          	mov    rcx,QWORD PTR [rbx+0x18]
    386d:	4a 8b 3c e1          	mov    rdi,QWORD PTR [rcx+r12*8]
    3871:	e8 00 00 00 00       	call   3876 <free_mat_trgsw_compact_DFT+0x1d6>
    3876:	4c 39 ed             	cmp    rbp,r13
    3879:	0f 85 1b ff ff ff    	jne    379a <free_mat_trgsw_compact_DFT+0xfa>
    387f:	48 8b 3b             	mov    rdi,QWORD PTR [rbx]
    3882:	e8 00 00 00 00       	call   3887 <free_mat_trgsw_compact_DFT+0x1e7>
    3887:	48 8b 7b 08          	mov    rdi,QWORD PTR [rbx+0x8]
    388b:	e8 00 00 00 00       	call   3890 <free_mat_trgsw_compact_DFT+0x1f0>
    3890:	48 8b 7b 10          	mov    rdi,QWORD PTR [rbx+0x10]
    3894:	e8 00 00 00 00       	call   3899 <free_mat_trgsw_compact_DFT+0x1f9>
    3899:	48 8b 7b 18          	mov    rdi,QWORD PTR [rbx+0x18]
    389d:	e8 00 00 00 00       	call   38a2 <free_mat_trgsw_compact_DFT+0x202>
    38a2:	48 83 c4 08          	add    rsp,0x8
    38a6:	48 89 df             	mov    rdi,rbx
    38a9:	5b                   	pop    rbx
    38aa:	5d                   	pop    rbp
    38ab:	41 5c                	pop    r12
    38ad:	41 5d                	pop    r13
    38af:	e9 00 00 00 00       	jmp    38b4 <free_mat_trgsw_compact_DFT+0x214>
    38b4:	66 66 2e 0f 1f 84 00 	data16 cs nop WORD PTR [rax+rax*1+0x0]
    38bb:	00 00 00 00
    38bf:	90                   	nop

00000000000038c0 <mat_trgsw_compact_alloc_new_output_DFT>:
    38c0:	f3 0f 1e fa          	endbr64
    38c4:	41 55                	push   r13
    38c6:	c5 f9 6e cf          	vmovd  xmm1,edi
    38ca:	c4 e3 71 22 c6 01    	vpinsrd xmm0,xmm1,esi,0x1
    38d0:	c4 c1 f9 7e c5       	vmovq  r13,xmm0
    38d5:	41 54                	push   r12
    38d7:	41 89 fc             	mov    r12d,edi
    38da:	bf 18 00 00 00       	mov    edi,0x18
    38df:	55                   	push   rbp
    38e0:	89 f5                	mov    ebp,esi
    38e2:	53                   	push   rbx
    38e3:	48 83 ec 08          	sub    rsp,0x8
    38e7:	e8 00 00 00 00       	call   38ec <mat_trgsw_compact_alloc_new_output_DFT+0x2c>
    38ec:	44 89 e6             	mov    esi,r12d
    38ef:	89 ef                	mov    edi,ebp
    38f1:	48 89 c3             	mov    rbx,rax
    38f4:	e8 00 00 00 00       	call   38f9 <mat_trgsw_compact_alloc_new_output_DFT+0x39>
    38f9:	44 89 e6             	mov    esi,r12d
    38fc:	89 ef                	mov    edi,ebp
    38fe:	48 89 03             	mov    QWORD PTR [rbx],rax
    3901:	e8 00 00 00 00       	call   3906 <mat_trgsw_compact_alloc_new_output_DFT+0x46>
    3906:	4c 89 6b 10          	mov    QWORD PTR [rbx+0x10],r13
    390a:	48 89 43 08          	mov    QWORD PTR [rbx+0x8],rax
    390e:	48 83 c4 08          	add    rsp,0x8
    3912:	48 89 d8             	mov    rax,rbx
    3915:	5b                   	pop    rbx
    3916:	5d                   	pop    rbp
    3917:	41 5c                	pop    r12
    3919:	41 5d                	pop    r13
    391b:	c3                   	ret
    391c:	0f 1f 40 00          	nop    DWORD PTR [rax+0x0]

0000000000003920 <free_mat_trgsw_compact_output_DFT>:
    3920:	f3 0f 1e fa          	endbr64
    3924:	41 54                	push   r12
    3926:	55                   	push   rbp
    3927:	53                   	push   rbx
    3928:	48 89 fb             	mov    rbx,rdi
    392b:	8b 47 10             	mov    eax,DWORD PTR [rdi+0x10]
    392e:	85 c0                	test   eax,eax
    3930:	0f 84 9e 00 00 00    	je     39d4 <free_mat_trgsw_compact_output_DFT+0xb4>
    3936:	31 ed                	xor    ebp,ebp
    3938:	48 8b 13             	mov    rdx,QWORD PTR [rbx]
    393b:	4c 8d 65 01          	lea    r12,[rbp+0x1]
    393f:	48 8b 3c ea          	mov    rdi,QWORD PTR [rdx+rbp*8]
    3943:	e8 00 00 00 00       	call   3948 <free_mat_trgsw_compact_output_DFT+0x28>
    3948:	48 8b 4b 08          	mov    rcx,QWORD PTR [rbx+0x8]
    394c:	48 8b 3c e9          	mov    rdi,QWORD PTR [rcx+rbp*8]
    3950:	e8 00 00 00 00       	call   3955 <free_mat_trgsw_compact_output_DFT+0x35>
    3955:	48 63 73 10          	movsxd rsi,DWORD PTR [rbx+0x10]
    3959:	49 39 f4             	cmp    r12,rsi
    395c:	73 76                	jae    39d4 <free_mat_trgsw_compact_output_DFT+0xb4>
    395e:	48 8b 3b             	mov    rdi,QWORD PTR [rbx]
    3961:	4a 8b 3c e7          	mov    rdi,QWORD PTR [rdi+r12*8]
    3965:	e8 00 00 00 00       	call   396a <free_mat_trgsw_compact_output_DFT+0x4a>
    396a:	4c 8b 43 08          	mov    r8,QWORD PTR [rbx+0x8]
    396e:	4b 8b 3c e0          	mov    rdi,QWORD PTR [r8+r12*8]
    3972:	4c 8d 65 02          	lea    r12,[rbp+0x2]
    3976:	e8 00 00 00 00       	call   397b <free_mat_trgsw_compact_output_DFT+0x5b>
    397b:	4c 63 4b 10          	movsxd r9,DWORD PTR [rbx+0x10]
    397f:	4d 39 cc             	cmp    r12,r9
    3982:	73 50                	jae    39d4 <free_mat_trgsw_compact_output_DFT+0xb4>
    3984:	4c 8b 13             	mov    r10,QWORD PTR [rbx]
    3987:	4b 8b 3c e2          	mov    rdi,QWORD PTR [r10+r12*8]
    398b:	e8 00 00 00 00       	call   3990 <free_mat_trgsw_compact_output_DFT+0x70>
    3990:	4c 8b 5b 08          	mov    r11,QWORD PTR [rbx+0x8]
    3994:	4b 8b 3c e3          	mov    rdi,QWORD PTR [r11+r12*8]
    3998:	4c 8d 65 03          	lea    r12,[rbp+0x3]
    399c:	e8 00 00 00 00       	call   39a1 <free_mat_trgsw_compact_output_DFT+0x81>
    39a1:	48 63 43 10          	movsxd rax,DWORD PTR [rbx+0x10]
    39a5:	49 39 c4             	cmp    r12,rax
    39a8:	73 2a                	jae    39d4 <free_mat_trgsw_compact_output_DFT+0xb4>
    39aa:	48 8b 13             	mov    rdx,QWORD PTR [rbx]
    39ad:	48 83 c5 04          	add    rbp,0x4
    39b1:	4a 8b 3c e2          	mov    rdi,QWORD PTR [rdx+r12*8]
    39b5:	e8 00 00 00 00       	call   39ba <free_mat_trgsw_compact_output_DFT+0x9a>
    39ba:	48 8b 4b 08          	mov    rcx,QWORD PTR [rbx+0x8]
    39be:	4a 8b 3c e1          	mov    rdi,QWORD PTR [rcx+r12*8]
    39c2:	e8 00 00 00 00       	call   39c7 <free_mat_trgsw_compact_output_DFT+0xa7>
    39c7:	48 63 73 10          	movsxd rsi,DWORD PTR [rbx+0x10]
    39cb:	48 39 f5             	cmp    rbp,rsi
    39ce:	0f 82 64 ff ff ff    	jb     3938 <free_mat_trgsw_compact_output_DFT+0x18>
    39d4:	48 8b 3b             	mov    rdi,QWORD PTR [rbx]
    39d7:	e8 00 00 00 00       	call   39dc <free_mat_trgsw_compact_output_DFT+0xbc>
    39dc:	48 8b 7b 08          	mov    rdi,QWORD PTR [rbx+0x8]
    39e0:	e8 00 00 00 00       	call   39e5 <free_mat_trgsw_compact_output_DFT+0xc5>
    39e5:	48 89 df             	mov    rdi,rbx
    39e8:	5b                   	pop    rbx
    39e9:	5d                   	pop    rbp
    39ea:	41 5c                	pop    r12
    39ec:	e9 00 00 00 00       	jmp    39f1 <free_mat_trgsw_compact_output_DFT+0xd1>
    39f1:	66 66 2e 0f 1f 84 00 	data16 cs nop WORD PTR [rax+rax*1+0x0]
    39f8:	00 00 00 00
    39fc:	0f 1f 40 00          	nop    DWORD PTR [rax+0x0]

0000000000003a00 <mat_trgsw_compact_set_row_from_torus>:
    3a00:	f3 0f 1e fa          	endbr64
    3a04:	41 56                	push   r14
    3a06:	89 f0                	mov    eax,esi
    3a08:	48 89 ce             	mov    rsi,rcx
    3a0b:	89 c1                	mov    ecx,eax
    3a0d:	09 d1                	or     ecx,edx
    3a0f:	41 55                	push   r13
    3a11:	41 54                	push   r12
    3a13:	55                   	push   rbp
    3a14:	53                   	push   rbx
    3a15:	4c 8b 64 24 30       	mov    r12,QWORD PTR [rsp+0x30]
    3a1a:	0f 88 c0 00 00 00    	js     3ae0 <mat_trgsw_compact_set_row_from_torus+0xe0>
    3a20:	48 89 fd             	mov    rbp,rdi
    3a23:	48 85 ff             	test   rdi,rdi
    3a26:	0f 84 b4 00 00 00    	je     3ae0 <mat_trgsw_compact_set_row_from_torus+0xe0>
    3a2c:	39 47 20             	cmp    DWORD PTR [rdi+0x20],eax
    3a2f:	0f 8e ab 00 00 00    	jle    3ae0 <mat_trgsw_compact_set_row_from_torus+0xe0>
    3a35:	8b 5f 2c             	mov    ebx,DWORD PTR [rdi+0x2c]
    3a38:	39 d3                	cmp    ebx,edx
    3a3a:	0f 8e a0 00 00 00    	jle    3ae0 <mat_trgsw_compact_set_row_from_torus+0xe0>
    3a40:	48 85 f6             	test   rsi,rsi
    3a43:	0f 84 a7 00 00 00    	je     3af0 <mat_trgsw_compact_set_row_from_torus+0xf0>
    3a49:	4d 89 c5             	mov    r13,r8
    3a4c:	4d 85 c0             	test   r8,r8
    3a4f:	0f 84 9b 00 00 00    	je     3af0 <mat_trgsw_compact_set_row_from_torus+0xf0>
    3a55:	4d 89 ce             	mov    r14,r9
    3a58:	4d 85 c9             	test   r9,r9
    3a5b:	0f 84 8f 00 00 00    	je     3af0 <mat_trgsw_compact_set_row_from_torus+0xf0>
    3a61:	4d 85 e4             	test   r12,r12
    3a64:	0f 84 86 00 00 00    	je     3af0 <mat_trgsw_compact_set_row_from_torus+0xf0>
    3a6a:	8b 7f 30             	mov    edi,DWORD PTR [rdi+0x30]
    3a6d:	39 7e 08             	cmp    DWORD PTR [rsi+0x8],edi
    3a70:	75 66                	jne    3ad8 <mat_trgsw_compact_set_row_from_torus+0xd8>
    3a72:	41 3b 78 08          	cmp    edi,DWORD PTR [r8+0x8]
    3a76:	75 60                	jne    3ad8 <mat_trgsw_compact_set_row_from_torus+0xd8>
    3a78:	41 3b 79 08          	cmp    edi,DWORD PTR [r9+0x8]
    3a7c:	75 5a                	jne    3ad8 <mat_trgsw_compact_set_row_from_torus+0xd8>
    3a7e:	41 3b 7c 24 08       	cmp    edi,DWORD PTR [r12+0x8]
    3a83:	75 53                	jne    3ad8 <mat_trgsw_compact_set_row_from_torus+0xd8>
    3a85:	0f af d8             	imul   ebx,eax
    3a88:	01 d3                	add    ebx,edx
    3a8a:	48 8b 55 00          	mov    rdx,QWORD PTR [rbp+0x0]
    3a8e:	48 63 db             	movsxd rbx,ebx
    3a91:	48 8b 3c da          	mov    rdi,QWORD PTR [rdx+rbx*8]
    3a95:	e8 00 00 00 00       	call   3a9a <mat_trgsw_compact_set_row_from_torus+0x9a>
    3a9a:	48 8b 75 08          	mov    rsi,QWORD PTR [rbp+0x8]
    3a9e:	48 8b 3c de          	mov    rdi,QWORD PTR [rsi+rbx*8]
    3aa2:	4c 89 ee             	mov    rsi,r13
    3aa5:	e8 00 00 00 00       	call   3aaa <mat_trgsw_compact_set_row_from_torus+0xaa>
    3aaa:	4c 8b 45 10          	mov    r8,QWORD PTR [rbp+0x10]
    3aae:	4c 89 f6             	mov    rsi,r14
    3ab1:	49 8b 3c d8          	mov    rdi,QWORD PTR [r8+rbx*8]
    3ab5:	e8 00 00 00 00       	call   3aba <mat_trgsw_compact_set_row_from_torus+0xba>
    3aba:	4c 8b 4d 18          	mov    r9,QWORD PTR [rbp+0x18]
    3abe:	4c 89 e6             	mov    rsi,r12
    3ac1:	49 8b 3c d9          	mov    rdi,QWORD PTR [r9+rbx*8]
    3ac5:	e8 00 00 00 00       	call   3aca <mat_trgsw_compact_set_row_from_torus+0xca>
    3aca:	31 c0                	xor    eax,eax
    3acc:	5b                   	pop    rbx
    3acd:	5d                   	pop    rbp
    3ace:	41 5c                	pop    r12
    3ad0:	41 5d                	pop    r13
    3ad2:	41 5e                	pop    r14
    3ad4:	c3                   	ret
    3ad5:	0f 1f 00             	nop    DWORD PTR [rax]
    3ad8:	b8 fd ff ff ff       	mov    eax,0xfffffffd
    3add:	eb ed                	jmp    3acc <mat_trgsw_compact_set_row_from_torus+0xcc>
    3adf:	90                   	nop
    3ae0:	b8 ff ff ff ff       	mov    eax,0xffffffff
    3ae5:	eb e5                	jmp    3acc <mat_trgsw_compact_set_row_from_torus+0xcc>
    3ae7:	66 0f 1f 84 00 00 00 	nop    WORD PTR [rax+rax*1+0x0]
    3aee:	00 00
    3af0:	b8 fe ff ff ff       	mov    eax,0xfffffffe
    3af5:	eb d5                	jmp    3acc <mat_trgsw_compact_set_row_from_torus+0xcc>
    3af7:	66 0f 1f 84 00 00 00 	nop    WORD PTR [rax+rax*1+0x0]
    3afe:	00 00

0000000000003b00 <mat_trgsw_compact_alloc_mul_scratch>:
    3b00:	f3 0f 1e fa          	endbr64
    3b04:	55                   	push   rbp
    3b05:	89 fd                	mov    ebp,edi
    3b07:	bf 28 00 00 00       	mov    edi,0x28
    3b0c:	53                   	push   rbx
    3b0d:	48 83 ec 08          	sub    rsp,0x8
    3b11:	e8 00 00 00 00       	call   3b16 <mat_trgsw_compact_alloc_mul_scratch+0x16>
    3b16:	89 ef                	mov    edi,ebp
    3b18:	48 89 c3             	mov    rbx,rax
    3b1b:	e8 00 00 00 00       	call   3b20 <mat_trgsw_compact_alloc_mul_scratch+0x20>
    3b20:	89 ef                	mov    edi,ebp
    3b22:	48 89 03             	mov    QWORD PTR [rbx],rax
    3b25:	e8 00 00 00 00       	call   3b2a <mat_trgsw_compact_alloc_mul_scratch+0x2a>
    3b2a:	89 ef                	mov    edi,ebp
    3b2c:	48 89 43 08          	mov    QWORD PTR [rbx+0x8],rax
    3b30:	e8 00 00 00 00       	call   3b35 <mat_trgsw_compact_alloc_mul_scratch+0x35>
    3b35:	89 ef                	mov    edi,ebp
    3b37:	48 89 43 10          	mov    QWORD PTR [rbx+0x10],rax
    3b3b:	e8 00 00 00 00       	call   3b40 <mat_trgsw_compact_alloc_mul_scratch+0x40>
    3b40:	89 6b 20             	mov    DWORD PTR [rbx+0x20],ebp
    3b43:	48 89 43 18          	mov    QWORD PTR [rbx+0x18],rax
    3b47:	48 83 c4 08          	add    rsp,0x8
    3b4b:	48 89 d8             	mov    rax,rbx
    3b4e:	5b                   	pop    rbx
    3b4f:	5d                   	pop    rbp
    3b50:	c3                   	ret
    3b51:	66 66 2e 0f 1f 84 00 	data16 cs nop WORD PTR [rax+rax*1+0x0]
    3b58:	00 00 00 00
    3b5c:	0f 1f 40 00          	nop    DWORD PTR [rax+0x0]

0000000000003b60 <free_mat_trgsw_compact_mul_scratch>:
    3b60:	f3 0f 1e fa          	endbr64
    3b64:	53                   	push   rbx
    3b65:	48 89 fb             	mov    rbx,rdi
    3b68:	48 8b 3f             	mov    rdi,QWORD PTR [rdi]
    3b6b:	e8 00 00 00 00       	call   3b70 <free_mat_trgsw_compact_mul_scratch+0x10>
    3b70:	48 8b 7b 08          	mov    rdi,QWORD PTR [rbx+0x8]
    3b74:	e8 00 00 00 00       	call   3b79 <free_mat_trgsw_compact_mul_scratch+0x19>
    3b79:	48 8b 7b 10          	mov    rdi,QWORD PTR [rbx+0x10]
    3b7d:	e8 00 00 00 00       	call   3b82 <free_mat_trgsw_compact_mul_scratch+0x22>
    3b82:	48 8b 7b 18          	mov    rdi,QWORD PTR [rbx+0x18]
    3b86:	e8 00 00 00 00       	call   3b8b <free_mat_trgsw_compact_mul_scratch+0x2b>
    3b8b:	48 89 df             	mov    rdi,rbx
    3b8e:	5b                   	pop    rbx
    3b8f:	e9 00 00 00 00       	jmp    3b94 <free_mat_trgsw_compact_mul_scratch+0x34>
    3b94:	66 66 2e 0f 1f 84 00 	data16 cs nop WORD PTR [rax+rax*1+0x0]
    3b9b:	00 00 00 00
    3b9f:	90                   	nop

0000000000003ba0 <mat_trgsw_compact_mul_pvmtmlwe_DFT>:
    3ba0:	f3 0f 1e fa          	endbr64
    3ba4:	41 57                	push   r15
    3ba6:	49 89 f7             	mov    r15,rsi
    3ba9:	41 56                	push   r14
    3bab:	49 89 d6             	mov    r14,rdx
    3bae:	41 55                	push   r13
    3bb0:	49 89 fd             	mov    r13,rdi
    3bb3:	41 54                	push   r12
    3bb5:	49 89 cc             	mov    r12,rcx
    3bb8:	55                   	push   rbp
    3bb9:	53                   	push   rbx
    3bba:	48 83 ec 18          	sub    rsp,0x18
    3bbe:	8b 57 10             	mov    edx,DWORD PTR [rdi+0x10]
    3bc1:	48 63 47 14          	movsxd rax,DWORD PTR [rdi+0x14]
    3bc5:	85 d2                	test   edx,edx
    3bc7:	0f 84 13 01 00 00    	je     3ce0 <mat_trgsw_compact_mul_pvmtmlwe_DFT+0x140>
    3bcd:	48 8d 1c c5 00 00 00 	lea    rbx,[rax*8+0x0]
    3bd4:	00
    3bd5:	31 ed                	xor    ebp,ebp
    3bd7:	49 8b 4d 00          	mov    rcx,QWORD PTR [r13+0x0]
    3bdb:	48 89 da             	mov    rdx,rbx
    3bde:	48 8b 34 e9          	mov    rsi,QWORD PTR [rcx+rbp*8]
    3be2:	48 8b 3e             	mov    rdi,QWORD PTR [rsi]
    3be5:	31 f6                	xor    esi,esi
    3be7:	e8 00 00 00 00       	call   3bec <mat_trgsw_compact_mul_pvmtmlwe_DFT+0x4c>
    3bec:	49 8b 7d 08          	mov    rdi,QWORD PTR [r13+0x8]
    3bf0:	48 89 da             	mov    rdx,rbx
    3bf3:	31 f6                	xor    esi,esi
    3bf5:	4c 8b 04 ef          	mov    r8,QWORD PTR [rdi+rbp*8]
    3bf9:	49 8b 38             	mov    rdi,QWORD PTR [r8]
    3bfc:	e8 00 00 00 00       	call   3c01 <mat_trgsw_compact_mul_pvmtmlwe_DFT+0x61>
    3c01:	4d 63 55 10          	movsxd r10,DWORD PTR [r13+0x10]
    3c05:	4c 8d 4d 01          	lea    r9,[rbp+0x1]
    3c09:	4d 39 d1             	cmp    r9,r10
    3c0c:	0f 83 ce 00 00 00    	jae    3ce0 <mat_trgsw_compact_mul_pvmtmlwe_DFT+0x140>
    3c12:	4d 8b 5d 00          	mov    r11,QWORD PTR [r13+0x0]
    3c16:	48 89 da             	mov    rdx,rbx
    3c19:	31 f6                	xor    esi,esi
    3c1b:	4c 89 0c 24          	mov    QWORD PTR [rsp],r9
    3c1f:	4b 8b 04 cb          	mov    rax,QWORD PTR [r11+r9*8]
    3c23:	48 8b 38             	mov    rdi,QWORD PTR [rax]
    3c26:	e8 00 00 00 00       	call   3c2b <mat_trgsw_compact_mul_pvmtmlwe_DFT+0x8b>
    3c2b:	49 8b 55 08          	mov    rdx,QWORD PTR [r13+0x8]
    3c2f:	48 8b 0c 24          	mov    rcx,QWORD PTR [rsp]
    3c33:	48 8b 34 ca          	mov    rsi,QWORD PTR [rdx+rcx*8]
    3c37:	48 89 da             	mov    rdx,rbx
    3c3a:	48 8b 3e             	mov    rdi,QWORD PTR [rsi]
    3c3d:	31 f6                	xor    esi,esi
    3c3f:	e8 00 00 00 00       	call   3c44 <mat_trgsw_compact_mul_pvmtmlwe_DFT+0xa4>
    3c44:	4d 63 45 10          	movsxd r8,DWORD PTR [r13+0x10]
    3c48:	48 8d 7d 02          	lea    rdi,[rbp+0x2]
    3c4c:	4c 39 c7             	cmp    rdi,r8
    3c4f:	0f 83 8b 00 00 00    	jae    3ce0 <mat_trgsw_compact_mul_pvmtmlwe_DFT+0x140>
    3c55:	4d 8b 4d 00          	mov    r9,QWORD PTR [r13+0x0]
    3c59:	48 89 3c 24          	mov    QWORD PTR [rsp],rdi
    3c5d:	48 89 da             	mov    rdx,rbx
    3c60:	31 f6                	xor    esi,esi
    3c62:	4d 8b 14 f9          	mov    r10,QWORD PTR [r9+rdi*8]
    3c66:	49 8b 3a             	mov    rdi,QWORD PTR [r10]
    3c69:	e8 00 00 00 00       	call   3c6e <mat_trgsw_compact_mul_pvmtmlwe_DFT+0xce>
    3c6e:	4d 8b 5d 08          	mov    r11,QWORD PTR [r13+0x8]
    3c72:	48 8b 04 24          	mov    rax,QWORD PTR [rsp]
    3c76:	31 f6                	xor    esi,esi
    3c78:	49 8b 14 c3          	mov    rdx,QWORD PTR [r11+rax*8]
    3c7c:	48 8b 3a             	mov    rdi,QWORD PTR [rdx]
    3c7f:	48 89 da             	mov    rdx,rbx
    3c82:	e8 00 00 00 00       	call   3c87 <mat_trgsw_compact_mul_pvmtmlwe_DFT+0xe7>
    3c87:	49 63 75 10          	movsxd rsi,DWORD PTR [r13+0x10]
    3c8b:	48 8d 4d 03          	lea    rcx,[rbp+0x3]
    3c8f:	48 39 f1             	cmp    rcx,rsi
    3c92:	73 4c                	jae    3ce0 <mat_trgsw_compact_mul_pvmtmlwe_DFT+0x140>
    3c94:	49 8b 7d 00          	mov    rdi,QWORD PTR [r13+0x0]
    3c98:	48 89 da             	mov    rdx,rbx
    3c9b:	31 f6                	xor    esi,esi
    3c9d:	48 89 0c 24          	mov    QWORD PTR [rsp],rcx
    3ca1:	48 83 c5 04          	add    rbp,0x4
    3ca5:	4c 8b 04 cf          	mov    r8,QWORD PTR [rdi+rcx*8]
    3ca9:	49 8b 38             	mov    rdi,QWORD PTR [r8]
    3cac:	e8 00 00 00 00       	call   3cb1 <mat_trgsw_compact_mul_pvmtmlwe_DFT+0x111>
    3cb1:	4d 8b 4d 08          	mov    r9,QWORD PTR [r13+0x8]
    3cb5:	4c 8b 14 24          	mov    r10,QWORD PTR [rsp]
    3cb9:	48 89 da             	mov    rdx,rbx
    3cbc:	31 f6                	xor    esi,esi
    3cbe:	4f 8b 1c d1          	mov    r11,QWORD PTR [r9+r10*8]
    3cc2:	49 8b 3b             	mov    rdi,QWORD PTR [r11]
    3cc5:	e8 00 00 00 00       	call   3cca <mat_trgsw_compact_mul_pvmtmlwe_DFT+0x12a>
    3cca:	49 63 45 10          	movsxd rax,DWORD PTR [r13+0x10]
    3cce:	48 39 c5             	cmp    rbp,rax
    3cd1:	0f 82 00 ff ff ff    	jb     3bd7 <mat_trgsw_compact_mul_pvmtmlwe_DFT+0x37>
    3cd7:	66 0f 1f 84 00 00 00 	nop    WORD PTR [rax+rax*1+0x0]
    3cde:	00 00
    3ce0:	41 8b 4e 20          	mov    ecx,DWORD PTR [r14+0x20]
    3ce4:	85 c9                	test   ecx,ecx
    3ce6:	0f 84 16 01 00 00    	je     3e02 <mat_trgsw_compact_mul_pvmtmlwe_DFT+0x262>
    3cec:	48 c7 44 24 08 00 00 	mov    QWORD PTR [rsp+0x8],0x0
    3cf3:	00 00
    3cf5:	0f 1f 00             	nop    DWORD PTR [rax]
    3cf8:	49 8b 2f             	mov    rbp,QWORD PTR [r15]
    3cfb:	4c 8b 44 24 08       	mov    r8,QWORD PTR [rsp+0x8]
    3d00:	41 8b 56 24          	mov    edx,DWORD PTR [r14+0x24]
    3d04:	49 8b 3c 24          	mov    rdi,QWORD PTR [r12]
    3d08:	48 8b 75 00          	mov    rsi,QWORD PTR [rbp+0x0]
    3d0c:	44 89 04 24          	mov    DWORD PTR [rsp],r8d
    3d10:	e8 00 00 00 00       	call   3d15 <mat_trgsw_compact_mul_pvmtmlwe_DFT+0x175>
    3d15:	49 8b 34 24          	mov    rsi,QWORD PTR [r12]
    3d19:	49 8b 7c 24 10       	mov    rdi,QWORD PTR [r12+0x10]
    3d1e:	e8 00 00 00 00       	call   3d23 <mat_trgsw_compact_mul_pvmtmlwe_DFT+0x183>
    3d23:	41 8b 5e 2c          	mov    ebx,DWORD PTR [r14+0x2c]
    3d27:	85 db                	test   ebx,ebx
    3d29:	0f 84 b9 00 00 00    	je     3de8 <mat_trgsw_compact_mul_pvmtmlwe_DFT+0x248>
    3d2f:	31 ed                	xor    ebp,ebp
    3d31:	0f 1f 80 00 00 00 00 	nop    DWORD PTR [rax+0x0]
    3d38:	49 8b 77 08          	mov    rsi,QWORD PTR [r15+0x8]
    3d3c:	44 8b 04 24          	mov    r8d,DWORD PTR [rsp]
    3d40:	41 8b 4e 20          	mov    ecx,DWORD PTR [r14+0x20]
    3d44:	41 8b 56 24          	mov    edx,DWORD PTR [r14+0x24]
    3d48:	48 8b 34 ee          	mov    rsi,QWORD PTR [rsi+rbp*8]
    3d4c:	49 8b 7c 24 08       	mov    rdi,QWORD PTR [r12+0x8]
    3d51:	41 0f af d8          	imul   ebx,r8d
    3d55:	e8 00 00 00 00       	call   3d5a <mat_trgsw_compact_mul_pvmtmlwe_DFT+0x1ba>
    3d5a:	49 8b 74 24 08       	mov    rsi,QWORD PTR [r12+0x8]
    3d5f:	49 8b 7c 24 18       	mov    rdi,QWORD PTR [r12+0x18]
    3d64:	01 eb                	add    ebx,ebp
    3d66:	e8 00 00 00 00       	call   3d6b <mat_trgsw_compact_mul_pvmtmlwe_DFT+0x1cb>
    3d6b:	49 8b 4d 00          	mov    rcx,QWORD PTR [r13+0x0]
    3d6f:	49 8b 16             	mov    rdx,QWORD PTR [r14]
    3d72:	48 63 db             	movsxd rbx,ebx
    3d75:	49 8b 74 24 10       	mov    rsi,QWORD PTR [r12+0x10]
    3d7a:	48 8b 3c e9          	mov    rdi,QWORD PTR [rcx+rbp*8]
    3d7e:	48 8b 14 da          	mov    rdx,QWORD PTR [rdx+rbx*8]
    3d82:	e8 00 00 00 00       	call   3d87 <mat_trgsw_compact_mul_pvmtmlwe_DFT+0x1e7>
    3d87:	4d 8b 4d 08          	mov    r9,QWORD PTR [r13+0x8]
    3d8b:	49 8b 7e 08          	mov    rdi,QWORD PTR [r14+0x8]
    3d8f:	49 8b 74 24 10       	mov    rsi,QWORD PTR [r12+0x10]
    3d94:	48 8b 14 df          	mov    rdx,QWORD PTR [rdi+rbx*8]
    3d98:	49 8b 3c e9          	mov    rdi,QWORD PTR [r9+rbp*8]
    3d9c:	e8 00 00 00 00       	call   3da1 <mat_trgsw_compact_mul_pvmtmlwe_DFT+0x201>
    3da1:	4d 8b 56 10          	mov    r10,QWORD PTR [r14+0x10]
    3da5:	4d 8b 5d 00          	mov    r11,QWORD PTR [r13+0x0]
    3da9:	49 8b 74 24 18       	mov    rsi,QWORD PTR [r12+0x18]
    3dae:	49 8b 14 da          	mov    rdx,QWORD PTR [r10+rbx*8]
    3db2:	49 8b 3c eb          	mov    rdi,QWORD PTR [r11+rbp*8]
    3db6:	e8 00 00 00 00       	call   3dbb <mat_trgsw_compact_mul_pvmtmlwe_DFT+0x21b>
    3dbb:	49 8b 46 18          	mov    rax,QWORD PTR [r14+0x18]
    3dbf:	4d 8b 45 08          	mov    r8,QWORD PTR [r13+0x8]
    3dc3:	49 8b 74 24 18       	mov    rsi,QWORD PTR [r12+0x18]
    3dc8:	48 8b 14 d8          	mov    rdx,QWORD PTR [rax+rbx*8]
    3dcc:	49 8b 3c e8          	mov    rdi,QWORD PTR [r8+rbp*8]
    3dd0:	48 ff c5             	inc    rbp
    3dd3:	e8 00 00 00 00       	call   3dd8 <mat_trgsw_compact_mul_pvmtmlwe_DFT+0x238>
    3dd8:	49 63 76 2c          	movsxd rsi,DWORD PTR [r14+0x2c]
    3ddc:	48 89 f3             	mov    rbx,rsi
    3ddf:	48 39 f5             	cmp    rbp,rsi
    3de2:	0f 82 50 ff ff ff    	jb     3d38 <mat_trgsw_compact_mul_pvmtmlwe_DFT+0x198>
    3de8:	48 ff 44 24 08       	inc    QWORD PTR [rsp+0x8]
    3ded:	49 63 56 20          	movsxd rdx,DWORD PTR [r14+0x20]
    3df1:	48 89 d1             	mov    rcx,rdx
    3df4:	48 8b 6c 24 08       	mov    rbp,QWORD PTR [rsp+0x8]
    3df9:	48 39 d5             	cmp    rbp,rdx
    3dfc:	0f 82 f6 fe ff ff    	jb     3cf8 <mat_trgsw_compact_mul_pvmtmlwe_DFT+0x158>
    3e02:	48 83 c4 18          	add    rsp,0x18
    3e06:	5b                   	pop    rbx
    3e07:	5d                   	pop    rbp
    3e08:	41 5c                	pop    r12
    3e0a:	41 5d                	pop    r13
    3e0c:	41 5e                	pop    r14
    3e0e:	41 5f                	pop    r15
    3e10:	c3                   	ret
